Node Number, X [ m ], Y [ m ], Z [ m ], Velocity [ m s^-1 ]
0,4.05E-04,0.00E+00,-1.44E-02,3.11E-01
1,6.28E-04,0.00E+00,-1.42E-02,2.90E-01
2,2.68E-04,0.00E+00,-1.41E-02,3.17E-01
3,2.96E-04,0.00E+00,-1.44E-02,3.19E-01
4,1.25E-04,0.00E+00,-1.42E-02,3.26E-01
5,5.30E-04,0.00E+00,-1.40E-02,2.98E-01
6,6.82E-05,-7.28E-12,-1.38E-02,3.52E-01
7,-4.24E-05,7.28E-12,-1.40E-02,3.36E-01
8,1.85E-04,0.00E+00,-1.40E-02,3.41E-01
9,3.26E-04,0.00E+00,-1.38E-02,3.36E-01
10,3.30E-04,0.00E+00,-1.45E-02,3.17E-01
11,-3.36E-04,0.00E+00,-1.45E-02,3.03E-01
12,-5.49E-04,7.28E-12,-1.44E-02,2.94E-01
13,-6.71E-04,7.28E-12,-1.46E-02,2.80E-01
14,-6.26E-04,-3.64E-12,-1.47E-02,2.84E-01
15,-3.48E-04,0.00E+00,-1.47E-02,3.05E-01
16,2.06E-04,0.00E+00,-1.45E-02,3.14E-01
17,3.11E-04,7.28E-12,-1.45E-02,3.17E-01
18,1.28E-05,0.00E+00,-1.45E-02,3.11E-01
19,-7.19E-05,0.00E+00,-1.42E-02,3.25E-01
20,-1.10E-04,0.00E+00,-1.33E-02,3.74E-01
21,-1.07E-04,7.28E-12,-1.32E-02,3.77E-01
22,-1.59E-04,7.28E-12,-1.33E-02,3.75E-01
23,-1.49E-04,3.64E-12,-1.35E-02,3.68E-01
24,1.74E-04,7.28E-12,-1.36E-02,3.58E-01
25,-1.97E-04,-7.28E-12,-1.38E-02,3.38E-01
26,-5.77E-04,5.46E-12,-1.40E-02,2.84E-01
27,-4.47E-04,-3.64E-12,-1.37E-02,3.09E-01
28,2.27E-05,0.00E+00,-1.13E-02,4.25E-01
29,-2.04E-04,0.00E+00,-1.11E-02,3.90E-01
30,-2.45E-04,7.28E-12,-1.15E-02,3.81E-01
31,-2.10E-05,7.28E-12,-1.16E-02,4.17E-01
32,-5.87E-04,1.46E-11,-1.37E-02,2.94E-01
33,-5.65E-04,-7.28E-12,-1.36E-02,2.99E-01
34,9.71E-06,0.00E+00,-1.45E-02,3.08E-01
35,6.82E-05,-1.82E-12,-1.47E-02,3.04E-01
36,-5.79E-05,0.00E+00,-1.47E-02,3.05E-01
37,-2.35E-04,0.00E+00,-1.46E-02,3.09E-01
38,-1.66E-04,0.00E+00,-1.48E-02,3.02E-01
39,-2.56E-04,3.64E-12,-1.49E-02,3.00E-01
40,-6.09E-05,5.46E-12,-1.46E-02,3.08E-01
41,-1.26E-04,0.00E+00,-1.49E-02,3.00E-01
42,1.55E-04,0.00E+00,-1.15E-02,4.19E-01
43,2.58E-04,-7.28E-12,-1.16E-02,3.81E-01
44,1.61E-04,0.00E+00,-1.17E-02,4.15E-01
45,-3.43E-04,0.00E+00,-1.16E-02,3.62E-01
46,-6.00E-04,0.00E+00,-1.12E-02,2.56E-01
47,-6.11E-04,0.00E+00,-1.13E-02,2.58E-01
48,-2.67E-04,0.00E+00,-1.17E-02,3.81E-01
49,-1.85E-04,-3.64E-12,-1.20E-02,4.10E-01
50,-2.53E-04,1.82E-12,-1.20E-02,3.87E-01
51,-5.63E-04,-7.28E-12,-1.19E-02,2.78E-01
52,-5.88E-04,-7.28E-12,-1.18E-02,2.76E-01
53,-5.65E-04,-1.46E-11,-1.16E-02,2.69E-01
54,6.17E-04,0.00E+00,-1.21E-02,2.44E-01
55,5.86E-04,0.00E+00,-1.19E-02,2.50E-01
56,4.42E-04,0.00E+00,-1.21E-02,3.02E-01
57,5.89E-04,3.64E-12,-1.25E-02,2.74E-01
58,2.50E-04,1.46E-11,-1.23E-02,3.51E-01
59,1.38E-04,0.00E+00,-1.25E-02,3.95E-01
60,1.55E-04,7.28E-12,-1.21E-02,4.02E-01
61,-1.99E-04,2.91E-11,-1.39E-02,3.31E-01
62,3.68E-04,-7.28E-12,-1.14E-02,3.49E-01
63,3.33E-04,0.00E+00,-1.11E-02,3.60E-01
64,1.19E-04,0.00E+00,-1.11E-02,4.31E-01
65,-2.54E-06,-7.28E-12,-1.10E-02,4.34E-01
66,-5.69E-04,-5.68E-14,-1.30E-02,3.16E-01
67,-3.41E-04,3.64E-12,-1.33E-02,3.45E-01
68,-5.68E-04,5.68E-14,-1.30E-02,3.16E-01
69,-1.90E-04,-5.46E-12,-1.21E-02,4.05E-01
70,-5.32E-04,0.00E+00,-1.23E-02,2.98E-01
71,-2.23E-04,0.00E+00,-1.21E-02,3.97E-01
72,-3.02E-04,-1.27E-11,-1.25E-02,3.89E-01
73,-2.33E-04,0.00E+00,-1.23E-02,4.02E-01
74,-6.16E-04,0.00E+00,-1.27E-02,2.79E-01
75,-5.98E-04,7.28E-12,-1.26E-02,2.84E-01
76,-3.08E-04,-1.27E-11,-1.26E-02,3.87E-01
77,-1.84E-04,-3.64E-12,-1.21E-02,4.06E-01
78,-1.53E-04,0.00E+00,-1.21E-02,4.09E-01
79,-1.43E-04,-3.64E-12,-1.21E-02,4.10E-01
80,1.37E-04,-1.46E-11,-1.19E-02,3.81E-01
81,3.40E-04,0.00E+00,-1.45E-02,3.16E-01
82,1.50E-04,-1.09E-11,-1.48E-02,3.01E-01
83,2.14E-04,3.64E-12,-1.49E-02,3.00E-01
84,4.72E-04,0.00E+00,-1.29E-02,3.22E-01
85,6.04E-04,-7.28E-12,-1.30E-02,2.83E-01
86,4.42E-04,-3.64E-12,-1.31E-02,3.29E-01
87,-1.97E-04,1.46E-11,-1.29E-02,3.82E-01
88,-5.67E-04,-1.22E-11,-1.30E-02,3.16E-01
89,-1.66E-04,7.28E-12,-1.32E-02,3.78E-01
90,1.66E-04,0.00E+00,-1.30E-02,3.80E-01
91,2.09E-04,0.00E+00,-1.32E-02,3.74E-01
92,-1.10E-05,0.00E+00,-1.27E-02,3.87E-01
93,-2.78E-04,-1.09E-11,-1.26E-02,3.93E-01
94,5.94E-04,0.00E+00,-1.32E-02,2.77E-01
95,5.78E-04,0.00E+00,-1.34E-02,2.92E-01
96,3.98E-04,0.00E+00,-1.33E-02,3.36E-01
97,3.57E-04,0.00E+00,-1.35E-02,3.29E-01
98,-5.58E-04,5.12E-13,-1.29E-02,3.19E-01
99,-2.46E-04,1.82E-12,-1.25E-02,3.94E-01
100,6.13E-04,-1.00E-11,-1.26E-02,2.65E-01
101,6.18E-04,0.00E+00,-1.25E-02,2.64E-01
102,5.94E-04,4.55E-12,-1.26E-02,2.72E-01
103,4.14E-04,0.00E+00,-1.17E-02,3.23E-01
104,2.54E-04,7.28E-12,-1.19E-02,3.66E-01
105,-2.12E-04,-3.64E-12,-1.33E-02,3.66E-01
106,-5.69E-04,5.68E-14,-1.30E-02,3.16E-01
107,-5.13E-04,0.00E+00,-1.21E-02,2.94E-01
108,1.76E-04,0.00E+00,-1.27E-02,3.88E-01
109,-2.26E-04,7.28E-12,-1.44E-02,3.16E-01
110,2.09E-04,0.00E+00,-1.33E-02,3.69E-01
111,5.85E-04,-1.46E-11,-1.16E-02,2.62E-01
112,6.19E-04,7.28E-12,-1.18E-02,2.50E-01
113,-5.33E-05,0.00E+00,-1.30E-02,3.79E-01
114,-6.26E-04,0.00E+00,-1.40E-02,2.79E-01
115,-6.27E-04,5.46E-12,-1.41E-02,2.77E-01
116,-5.76E-04,5.46E-12,-1.41E-02,2.82E-01
117,-3.46E-04,0.00E+00,-1.43E-02,3.13E-01
118,-2.26E-04,1.46E-11,-1.42E-02,3.16E-01
119,-5.69E-04,-5.68E-14,-1.29E-02,3.16E-01
120,-6.13E-04,0.00E+00,-1.34E-02,2.94E-01
121,-4.55E-04,0.00E+00,-1.49E-02,3.00E-01
122,5.43E-04,-7.28E-12,-1.38E-02,3.00E-01
123,5.53E-04,0.00E+00,-1.35E-02,2.92E-01
124,2.82E-04,0.00E+00,-1.37E-02,3.39E-01
125,5.99E-04,-7.28E-12,-1.14E-02,2.65E-01
126,-5.87E-04,0.00E+00,-1.33E-02,3.03E-01
127,6.18E-04,-1.00E-11,-1.26E-02,2.65E-01
128,-2.90E-04,-1.27E-11,-1.26E-02,3.89E-01
129,1.25E-04,3.64E-12,-1.49E-02,3.00E-01
130,5.18E-04,0.00E+00,-1.12E-02,2.75E-01
131,4.54E-04,-7.28E-12,-1.49E-02,3.00E-01
132,-7.06E-04,1.09E-11,-1.47E-02,2.51E-01
133,-7.30E-04,-3.64E-12,-1.46E-02,2.31E-01
134,-7.26E-04,0.00E+00,-1.44E-02,1.62E-01
135,-8.50E-04,1.82E-12,-1.48E-02,1.07E-01
136,-6.90E-04,0.00E+00,-1.37E-02,2.12E-01
137,-8.10E-04,-3.64E-12,-1.35E-02,1.17E-01
138,-7.05E-04,0.00E+00,-1.19E-02,1.84E-01
139,-7.15E-04,7.28E-12,-1.22E-02,1.64E-01
140,-9.28E-04,0.00E+00,-1.21E-02,0.00E+00
141,-9.44E-04,0.00E+00,-1.24E-02,0.00E+00
142,-8.53E-04,0.00E+00,-1.24E-02,7.00E-02
143,-9.09E-04,1.27E-11,-1.49E-02,2.60E-02
144,-9.47E-04,0.00E+00,-1.48E-02,0.00E+00
145,-9.29E-04,0.00E+00,-1.45E-02,0.00E+00
146,-9.50E-04,1.14E-12,-1.17E-02,0.00E+00
147,-9.49E-04,2.27E-13,-1.17E-02,0.00E+00
148,-9.44E-04,1.14E-12,-1.17E-02,4.06E-03
149,-6.64E-04,-7.28E-12,-1.18E-02,2.11E-01
150,-6.59E-04,-9.09E-12,-1.41E-02,2.52E-01
151,-7.76E-04,0.00E+00,-1.41E-02,1.52E-01
152,-9.02E-04,0.00E+00,-1.42E-02,3.65E-02
153,-6.44E-04,0.00E+00,-1.40E-02,2.63E-01
154,-6.58E-04,-9.09E-12,-1.40E-02,2.53E-01
155,-9.44E-04,-9.09E-12,-1.42E-02,0.00E+00
156,-6.31E-04,3.64E-12,-1.12E-02,2.37E-01
157,-6.73E-04,0.00E+00,-1.12E-02,2.10E-01
158,-9.49E-04,0.00E+00,-1.17E-02,0.00E+00
159,-7.47E-04,0.00E+00,-1.27E-02,1.72E-01
160,-5.71E-04,-5.68E-14,-1.29E-02,3.14E-01
161,-9.36E-04,7.28E-12,-1.28E-02,0.00E+00
162,-5.70E-04,5.68E-14,-1.30E-02,3.15E-01
163,-9.47E-04,0.00E+00,-1.41E-02,0.00E+00
164,-9.30E-04,-7.28E-12,-1.38E-02,0.00E+00
165,-9.44E-04,1.09E-11,-1.49E-02,0.00E+00
166,-8.46E-04,0.00E+00,-1.25E-02,9.02E-02
167,-9.40E-04,0.00E+00,-1.25E-02,0.00E+00
168,-6.86E-04,0.00E+00,-1.33E-02,2.30E-01
169,-9.39E-04,-7.28E-12,-1.34E-02,0.00E+00
170,-9.43E-04,0.00E+00,-1.29E-02,0.00E+00
171,-9.47E-04,3.64E-12,-1.33E-02,0.00E+00
172,-7.83E-04,0.00E+00,-1.32E-02,1.50E-01
173,-6.80E-04,-1.46E-11,-1.26E-02,2.17E-01
174,-6.43E-04,0.00E+00,-1.12E-02,2.30E-01
175,-9.45E-04,-7.28E-12,-1.35E-02,0.00E+00
176,-9.46E-04,0.00E+00,-1.26E-02,0.00E+00
177,-9.35E-04,0.00E+00,-1.31E-02,0.00E+00
178,-9.47E-04,0.00E+00,-1.42E-02,0.00E+00
179,-9.47E-04,-1.09E-11,-1.10E-02,0.00E+00
180,-9.48E-04,-9.09E-13,-1.10E-02,0.00E+00
181,-9.29E-04,0.00E+00,-1.14E-02,0.00E+00
182,5.45E-04,1.09E-11,-8.21E-03,2.96E-01
183,5.16E-04,0.00E+00,-8.66E-03,3.01E-01
184,3.88E-04,7.28E-12,-8.67E-03,3.53E-01
185,4.41E-04,0.00E+00,-8.29E-03,3.38E-01
186,9.88E-06,-7.28E-12,-8.03E-03,4.49E-01
187,1.45E-05,3.64E-12,-7.73E-03,4.56E-01
188,6.62E-05,-1.09E-11,-7.74E-03,4.53E-01
189,1.21E-04,0.00E+00,-8.11E-03,4.41E-01
190,9.86E-05,0.00E+00,-7.72E-03,4.40E-01
191,6.58E-05,1.82E-11,-7.69E-03,4.50E-01
192,-3.73E-04,0.00E+00,-1.08E-02,3.85E-01
193,-2.98E-04,3.64E-12,-1.09E-02,4.07E-01
194,-3.14E-04,3.64E-12,-1.08E-02,4.01E-01
195,-6.84E-05,0.00E+00,-8.91E-03,4.34E-01
196,-9.66E-05,3.64E-12,-8.96E-03,4.24E-01
197,-2.17E-04,0.00E+00,-8.82E-03,3.94E-01
198,-4.25E-04,0.00E+00,-1.08E-02,3.63E-01
199,5.26E-04,-3.64E-12,-8.91E-03,3.09E-01
200,1.65E-04,-3.64E-12,-8.87E-03,3.91E-01
201,5.19E-04,7.28E-12,-8.75E-03,3.05E-01
202,3.38E-05,0.00E+00,-1.09E-02,4.32E-01
203,-4.28E-04,0.00E+00,-8.42E-03,3.59E-01
204,-2.31E-04,1.46E-11,-8.37E-03,4.28E-01
205,2.03E-05,7.28E-12,-8.55E-03,4.23E-01
206,-5.86E-04,3.64E-12,-8.65E-03,2.82E-01
207,1.05E-04,-7.28E-12,-8.29E-03,4.52E-01
208,-5.00E-05,0.00E+00,-8.21E-03,4.52E-01
209,-3.34E-04,-7.28E-12,-8.16E-03,4.14E-01
210,-5.75E-04,7.28E-12,-8.43E-03,2.81E-01
211,5.07E-04,1.09E-11,-8.18E-03,3.12E-01
212,5.19E-04,0.00E+00,-1.08E-02,3.00E-01
213,5.80E-04,0.00E+00,-1.10E-02,2.78E-01
214,2.02E-04,0.00E+00,-1.09E-02,4.05E-01
215,-5.28E-04,0.00E+00,-1.11E-02,3.04E-01
216,-8.28E-06,0.00E+00,-1.05E-02,4.33E-01
217,1.76E-04,0.00E+00,-1.05E-02,4.05E-01
218,-4.48E-04,0.00E+00,-8.08E-03,3.56E-01
219,1.53E-04,0.00E+00,-8.54E-03,4.09E-01
220,-3.76E-04,0.00E+00,-1.05E-02,3.97E-01
221,-3.31E-04,0.00E+00,-7.97E-03,4.03E-01
222,-4.07E-04,0.00E+00,-1.04E-02,3.89E-01
223,-4.24E-04,0.00E+00,-1.05E-02,3.81E-01
224,2.83E-04,0.00E+00,-1.04E-02,3.96E-01
225,-3.67E-04,0.00E+00,-1.04E-02,4.00E-01
226,3.75E-04,0.00E+00,-9.96E-03,3.23E-01
227,1.63E-04,0.00E+00,-1.03E-02,4.07E-01
228,1.48E-04,1.46E-11,-9.81E-03,4.07E-01
229,4.40E-04,-1.46E-11,-1.01E-02,3.29E-01
230,5.46E-04,9.09E-12,-9.76E-03,2.98E-01
231,4.73E-04,0.00E+00,-9.74E-03,3.21E-01
232,5.66E-04,-5.46E-12,-7.74E-03,3.00E-01
233,3.84E-04,0.00E+00,-7.72E-03,3.59E-01
234,4.88E-04,-3.64E-12,-7.80E-03,3.29E-01
235,5.71E-04,-1.82E-12,-7.86E-03,3.00E-01
236,1.91E-04,0.00E+00,-8.07E-03,4.13E-01
237,-6.09E-04,-9.09E-13,-1.02E-02,2.79E-01
238,-6.36E-04,0.00E+00,-1.02E-02,2.70E-01
239,-6.40E-04,0.00E+00,-1.01E-02,2.68E-01
240,4.84E-04,0.00E+00,-1.04E-02,3.44E-01
241,-5.50E-04,0.00E+00,-8.84E-03,2.83E-01
242,5.46E-04,-3.64E-12,-8.15E-03,2.96E-01
243,-4.77E-04,0.00E+00,-7.52E-03,3.36E-01
244,2.42E-05,0.00E+00,-7.66E-03,4.56E-01
245,-5.28E-05,3.64E-12,-8.98E-03,4.30E-01
246,-3.12E-06,3.64E-12,-9.01E-03,4.23E-01
247,-3.24E-05,-3.64E-12,-9.16E-03,4.42E-01
248,4.93E-04,7.28E-12,-9.28E-03,3.02E-01
249,2.81E-04,0.00E+00,-9.47E-03,3.76E-01
250,6.03E-05,0.00E+00,-9.66E-03,4.10E-01
251,-1.53E-04,0.00E+00,-9.04E-03,4.04E-01
252,-1.45E-04,-7.28E-12,-9.58E-03,3.92E-01
253,-4.93E-04,0.00E+00,-9.34E-03,2.81E-01
254,-5.31E-04,-4.55E-13,-7.51E-03,3.23E-01
255,-5.29E-04,0.00E+00,-7.53E-03,3.25E-01
256,-4.63E-04,0.00E+00,-7.95E-03,3.47E-01
257,5.55E-04,0.00E+00,-7.69E-03,3.07E-01
258,4.37E-05,-1.46E-11,-9.74E-03,4.12E-01
259,-5.31E-05,-7.28E-12,-9.74E-03,4.07E-01
260,-5.10E-04,0.00E+00,-9.61E-03,3.01E-01
261,-3.61E-05,0.00E+00,-1.03E-02,4.37E-01
262,-4.34E-05,-7.28E-12,-9.91E-03,4.37E-01
263,-1.97E-04,0.00E+00,-1.01E-02,4.15E-01
264,-4.91E-04,0.00E+00,-9.78E-03,2.97E-01
265,-3.62E-04,0.00E+00,-9.94E-03,3.57E-01
266,5.12E-04,0.00E+00,-1.06E-02,3.28E-01
267,-3.45E-05,-2.55E-11,-8.95E-03,4.31E-01
268,5.46E-04,0.00E+00,-9.72E-03,2.97E-01
269,-5.59E-04,0.00E+00,-9.00E-03,2.76E-01
270,1.18E-04,0.00E+00,-8.65E-03,4.14E-01
271,-5.75E-04,0.00E+00,-9.79E-03,2.82E-01
272,-9.14E-04,0.00E+00,-7.83E-03,2.64E-02
273,-9.19E-04,0.00E+00,-9.44E-03,2.28E-02
274,-5.35E-04,-4.55E-13,-7.51E-03,3.21E-01
275,-9.41E-04,0.00E+00,-7.82E-03,6.17E-03
276,-6.44E-04,2.82E-11,-1.02E-02,2.62E-01
277,-7.89E-04,-4.55E-13,-9.99E-03,1.40E-01
278,-6.51E-04,0.00E+00,-1.02E-02,2.58E-01
279,-7.82E-04,4.55E-13,-1.02E-02,1.46E-01
280,-6.90E-04,-1.82E-12,-1.05E-02,2.38E-01
281,-6.83E-04,0.00E+00,-1.05E-02,2.42E-01
282,-9.48E-04,2.91E-11,-7.82E-03,0.00E+00
283,-9.48E-04,0.00E+00,-8.21E-03,0.00E+00
284,-9.11E-04,-9.09E-13,-8.20E-03,2.81E-02
285,-9.17E-04,-1.82E-12,-9.80E-03,2.47E-02
286,-6.25E-04,-2.73E-12,-1.08E-02,2.68E-01
287,-5.78E-04,0.00E+00,-1.07E-02,2.97E-01
288,-6.75E-04,0.00E+00,-1.08E-02,2.40E-01
289,-6.59E-04,-1.46E-11,-8.48E-03,2.14E-01
290,-9.24E-04,2.73E-12,-8.24E-03,2.09E-02
291,-6.89E-04,9.09E-13,-1.07E-02,2.38E-01
292,-7.16E-04,0.00E+00,-1.05E-02,2.16E-01
293,-8.65E-04,0.00E+00,-1.03E-02,8.01E-02
294,-9.48E-04,0.00E+00,-9.41E-03,0.00E+00
295,-9.48E-04,-7.28E-12,-9.02E-03,0.00E+00
296,-9.25E-04,-9.09E-13,-9.41E-03,1.57E-02
297,-9.27E-04,0.00E+00,-9.03E-03,1.45E-02
298,-9.22E-04,2.73E-12,-8.61E-03,2.24E-02
299,-9.47E-04,-5.46E-12,-1.02E-02,0.00E+00
300,-9.49E-04,9.09E-13,-1.02E-02,0.00E+00
301,-6.91E-04,0.00E+00,-1.08E-02,2.29E-01
302,-9.49E-04,0.00E+00,-9.42E-03,0.00E+00
303,-6.99E-04,0.00E+00,-1.08E-02,2.24E-01
304,-8.60E-04,1.82E-12,-1.06E-02,8.47E-02
305,-9.49E-04,9.09E-13,-1.06E-02,0.00E+00
306,-9.48E-04,-8.19E-12,-9.01E-03,0.00E+00
307,-6.32E-04,-7.28E-12,-8.82E-03,2.29E-01
308,-9.48E-04,3.64E-12,-8.62E-03,0.00E+00
309,-9.48E-04,0.00E+00,-8.22E-03,0.00E+00
310,-9.47E-04,-1.82E-12,-9.82E-03,0.00E+00
311,-9.49E-04,7.28E-12,-1.06E-02,0.00E+00
312,-9.48E-04,0.00E+00,-9.80E-03,0.00E+00
313,-9.48E-04,-9.09E-13,-1.10E-02,0.00E+00
314,-9.48E-04,0.00E+00,-8.61E-03,0.00E+00
315,-9.49E-04,0.00E+00,-7.82E-03,0.00E+00
316,3.43E-04,3.64E-12,-6.67E-03,3.71E-01
317,4.87E-04,0.00E+00,-6.77E-03,3.30E-01
318,5.22E-04,-7.28E-12,-6.73E-03,3.13E-01
319,5.02E-04,0.00E+00,-6.24E-03,3.30E-01
320,4.69E-04,-5.46E-12,-6.25E-03,3.40E-01
321,4.96E-04,-2.00E-11,-6.23E-03,3.32E-01
322,5.07E-04,0.00E+00,-6.23E-03,3.26E-01
323,5.66E-04,0.00E+00,-5.37E-03,2.71E-01
324,1.05E-04,1.09E-11,-5.44E-03,4.35E-01
325,5.72E-04,0.00E+00,-5.30E-03,2.63E-01
326,9.55E-05,-1.82E-12,-5.40E-03,4.35E-01
327,4.88E-04,-7.28E-12,-5.80E-03,3.09E-01
328,-1.70E-04,-1.82E-12,-7.23E-03,4.52E-01
329,-1.80E-04,7.28E-12,-7.24E-03,4.49E-01
330,-1.67E-04,0.00E+00,-7.26E-03,4.54E-01
331,-2.45E-04,-2.18E-11,-6.93E-03,4.18E-01
332,-2.06E-04,0.00E+00,-6.89E-03,4.30E-01
333,1.57E-04,3.64E-12,-7.60E-03,4.31E-01
334,-9.57E-05,7.28E-12,-7.25E-03,4.42E-01
335,4.25E-04,0.00E+00,-7.29E-03,3.53E-01
336,5.94E-04,0.00E+00,-4.19E-03,2.79E-01
337,6.00E-04,-1.09E-11,-4.76E-03,2.48E-01
338,2.94E-04,-1.46E-11,-4.50E-03,3.82E-01
339,-5.34E-04,0.00E+00,-7.50E-03,3.23E-01
340,-6.01E-04,0.00E+00,-7.18E-03,2.80E-01
341,-2.21E-04,0.00E+00,-7.24E-03,4.33E-01
342,-4.57E-04,2.27E-13,-7.45E-03,3.51E-01
343,2.51E-04,-7.28E-12,-4.04E-03,4.46E-01
344,5.91E-04,-3.41E-12,-4.19E-03,2.81E-01
345,1.75E-04,7.28E-12,-4.38E-03,4.59E-01
346,-1.43E-04,-7.28E-12,-4.13E-03,4.65E-01
347,-1.69E-04,0.00E+00,-4.48E-03,4.31E-01
348,-1.28E-05,0.00E+00,-4.50E-03,4.56E-01
349,2.00E-04,0.00E+00,-4.70E-03,4.55E-01
350,-3.31E-04,-3.64E-12,-4.88E-03,3.80E-01
351,-5.98E-04,0.00E+00,-4.72E-03,2.56E-01
352,-3.08E-04,0.00E+00,-4.50E-03,3.87E-01
353,-1.60E-04,-7.28E-12,-4.76E-03,4.57E-01
354,-1.97E-04,-7.28E-12,-4.87E-03,4.36E-01
355,-5.46E-04,0.00E+00,-4.42E-03,2.99E-01
356,-5.75E-05,7.28E-12,-4.04E-03,4.67E-01
357,-1.29E-04,3.64E-12,-3.95E-03,4.65E-01
358,-1.52E-04,0.00E+00,-4.93E-03,4.42E-01
359,9.74E-05,-3.64E-12,-5.26E-03,4.52E-01
360,2.66E-04,2.18E-11,-4.83E-03,4.19E-01
361,-8.11E-06,3.64E-12,-4.86E-03,4.56E-01
362,6.62E-05,0.00E+00,-5.41E-03,4.42E-01
363,5.55E-05,9.09E-12,-5.38E-03,4.44E-01
364,-3.59E-04,0.00E+00,-7.01E-03,3.75E-01
365,8.55E-05,1.09E-11,-5.37E-03,4.39E-01
366,-5.61E-04,7.28E-12,-4.85E-03,2.64E-01
367,-5.16E-04,0.00E+00,-5.24E-03,2.98E-01
368,-5.83E-04,0.00E+00,-5.06E-03,2.78E-01
369,-2.03E-04,-7.28E-12,-4.96E-03,4.27E-01
370,4.80E-04,0.00E+00,-4.80E-03,3.17E-01
371,-1.42E-04,0.00E+00,-7.21E-03,4.55E-01
372,-5.61E-04,0.00E+00,-5.68E-03,2.84E-01
373,-5.86E-05,-5.46E-12,-6.00E-03,4.53E-01
374,-5.53E-04,9.09E-13,-5.78E-03,2.97E-01
375,-6.90E-05,1.82E-12,-6.01E-03,4.51E-01
376,-5.87E-05,0.00E+00,-6.01E-03,4.53E-01
377,-5.68E-05,-5.34E-12,-6.01E-03,4.54E-01
378,-1.34E-04,-7.28E-12,-6.45E-03,4.17E-01
379,-4.72E-04,0.00E+00,-6.21E-03,3.47E-01
380,-2.55E-04,0.00E+00,-3.94E-03,4.30E-01
381,-2.38E-04,3.64E-12,-4.05E-03,4.31E-01
382,1.68E-04,0.00E+00,-7.04E-03,4.34E-01
383,5.63E-04,3.64E-12,-5.25E-03,2.67E-01
384,4.56E-04,-3.64E-12,-5.12E-03,3.32E-01
385,5.93E-04,0.00E+00,-4.82E-03,2.49E-01
386,-3.01E-04,7.28E-12,-6.88E-03,3.96E-01
387,5.00E-04,8.19E-12,-6.22E-03,3.31E-01
388,-5.39E-05,-5.46E-12,-6.00E-03,4.53E-01
389,-5.72E-05,0.00E+00,-6.00E-03,4.53E-01
390,-5.68E-05,-5.46E-12,-6.00E-03,4.53E-01
391,-1.10E-04,-3.64E-12,-6.90E-03,4.46E-01
392,4.78E-05,0.00E+00,-6.69E-03,4.56E-01
393,5.16E-05,-7.28E-12,-6.48E-03,4.42E-01
394,-2.46E-04,3.64E-12,-6.79E-03,4.21E-01
395,1.56E-04,-7.28E-12,-6.88E-03,4.25E-01
396,-5.63E-05,0.00E+00,-6.01E-03,4.53E-01
397,-5.70E-04,0.00E+00,-4.23E-03,2.74E-01
398,-5.69E-04,0.00E+00,-3.97E-03,2.89E-01
399,4.74E-04,0.00E+00,-6.87E-03,3.41E-01
400,-5.76E-04,0.00E+00,-6.70E-03,2.70E-01
401,-4.97E-04,0.00E+00,-6.54E-03,3.07E-01
402,-5.13E-04,0.00E+00,-6.14E-03,3.27E-01
403,3.12E-05,9.09E-12,-5.39E-03,4.38E-01
404,3.65E-05,-1.82E-12,-5.43E-03,4.40E-01
405,-5.63E-04,0.00E+00,-5.66E-03,2.83E-01
406,-5.70E-04,0.00E+00,-6.98E-03,2.87E-01
407,5.94E-04,0.00E+00,-4.19E-03,2.80E-01
408,-5.38E-04,-4.55E-13,-7.50E-03,3.19E-01
409,-9.41E-04,0.00E+00,-5.84E-03,7.11E-03
410,-9.41E-04,0.00E+00,-6.22E-03,6.91E-03
411,-6.49E-04,7.28E-12,-5.99E-03,2.17E-01
412,-9.29E-04,9.09E-13,-4.66E-03,1.63E-02
413,-6.74E-04,0.00E+00,-4.83E-03,1.87E-01
414,-9.30E-04,3.64E-12,-5.03E-03,1.51E-02
415,-5.79E-04,0.00E+00,-5.70E-03,2.77E-01
416,-5.39E-04,-4.55E-13,-7.51E-03,3.18E-01
417,-9.49E-04,-9.09E-13,-7.43E-03,0.00E+00
418,-9.49E-04,1.00E-11,-7.42E-03,0.00E+00
419,-9.02E-04,-9.09E-13,-6.23E-03,3.63E-02
420,-9.49E-04,0.00E+00,-6.23E-03,0.00E+00
421,-9.34E-04,-9.09E-13,-6.25E-03,1.22E-02
422,-7.05E-04,-7.28E-12,-7.24E-03,1.83E-01
423,-9.49E-04,2.27E-12,-7.03E-03,0.00E+00
424,-9.37E-04,0.00E+00,-7.03E-03,1.03E-02
425,-9.49E-04,-1.36E-11,-5.83E-03,0.00E+00
426,-9.49E-04,0.00E+00,-5.84E-03,0.00E+00
427,-6.23E-04,7.28E-12,-5.24E-03,2.36E-01
428,-9.49E-04,0.00E+00,-5.05E-03,0.00E+00
429,-9.49E-04,-9.09E-13,-5.43E-03,0.00E+00
430,-9.31E-04,0.00E+00,-4.63E-03,1.51E-02
431,-9.48E-04,9.09E-12,-4.64E-03,0.00E+00
432,-9.34E-04,0.00E+00,-6.63E-03,1.21E-02
433,-9.34E-04,2.73E-12,-7.01E-03,1.23E-02
434,-5.81E-04,1.27E-11,-5.67E-03,2.72E-01
435,-5.84E-04,0.00E+00,-5.65E-03,2.71E-01
436,-9.49E-04,0.00E+00,-5.44E-03,0.00E+00
437,-9.49E-04,0.00E+00,-7.02E-03,0.00E+00
438,-9.49E-04,9.09E-13,-5.04E-03,0.00E+00
439,-9.49E-04,9.09E-12,-4.65E-03,0.00E+00
440,-9.47E-04,-1.73E-11,-4.24E-03,0.00E+00
441,-9.48E-04,0.00E+00,-4.25E-03,0.00E+00
442,-9.29E-04,-2.73E-12,-4.25E-03,1.64E-02
443,-9.49E-04,1.32E-11,-6.23E-03,0.00E+00
444,-9.49E-04,0.00E+00,-6.62E-03,0.00E+00
445,-9.49E-04,3.64E-12,-6.63E-03,0.00E+00
446,-9.25E-04,-2.73E-12,-4.22E-03,2.07E-02
447,4.57E-04,-3.64E-12,-3.84E-03,3.51E-01
448,4.47E-04,-3.64E-12,-3.69E-03,3.38E-01
449,6.14E-04,0.00E+00,-3.73E-03,2.66E-01
450,5.28E-04,-1.82E-12,-1.62E-03,3.47E-01
451,5.78E-04,1.14E-13,-1.37E-03,2.77E-01
452,4.76E-04,-9.09E-13,-1.62E-03,3.70E-01
453,5.72E-04,1.36E-12,-1.37E-03,2.81E-01
454,5.42E-04,0.00E+00,-1.63E-03,3.40E-01
455,-4.12E-04,8.19E-12,-9.92E-04,3.67E-01
456,-3.77E-04,9.09E-13,-1.01E-03,3.81E-01
457,-3.27E-04,9.09E-13,-9.13E-04,4.03E-01
458,-5.21E-04,0.00E+00,-7.01E-04,2.59E-01
459,-4.31E-04,0.00E+00,-9.71E-04,3.53E-01
460,-1.69E-04,-1.09E-11,-7.41E-04,4.65E-01
461,-1.57E-04,-1.09E-11,-7.73E-04,4.71E-01
462,2.16E-04,0.00E+00,-8.20E-04,4.26E-01
463,2.21E-04,0.00E+00,-9.04E-04,4.33E-01
464,-1.14E-04,0.00E+00,-7.78E-04,4.71E-01
465,-1.34E-04,-1.09E-11,-7.46E-04,4.71E-01
466,2.68E-04,0.00E+00,-1.28E-03,4.37E-01
467,3.58E-04,1.09E-11,-1.28E-03,4.00E-01
468,2.58E-04,-7.28E-12,-1.16E-03,4.34E-01
469,2.86E-04,0.00E+00,-8.43E-04,3.99E-01
470,4.56E-04,-1.82E-12,-9.42E-04,3.01E-01
471,1.91E-04,-7.28E-12,-1.25E-03,4.45E-01
472,4.58E-04,1.82E-12,-1.02E-03,3.06E-01
473,3.74E-04,-3.64E-12,-6.86E-04,3.35E-01
474,2.90E-06,-7.28E-12,-1.05E-03,4.74E-01
475,-1.19E-04,0.00E+00,-1.06E-03,4.74E-01
476,5.09E-04,-1.82E-12,-9.55E-04,2.65E-01
477,5.10E-04,0.00E+00,-9.21E-04,2.63E-01
478,4.93E-04,1.27E-11,-9.63E-04,2.77E-01
479,5.22E-04,-7.28E-12,-5.48E-04,2.26E-01
480,3.70E-04,-7.28E-12,-5.43E-04,3.15E-01
481,-1.88E-05,0.00E+00,-1.35E-03,4.87E-01
482,-6.73E-05,-7.28E-12,-1.16E-03,4.85E-01
483,-3.75E-04,0.00E+00,-1.55E-03,4.23E-01
484,-3.27E-04,0.00E+00,-1.55E-03,4.34E-01
485,-3.21E-04,0.00E+00,-1.31E-03,4.27E-01
486,-1.82E-04,0.00E+00,-1.35E-03,4.58E-01
487,-8.86E-06,0.00E+00,-1.52E-03,4.90E-01
488,7.71E-05,-7.28E-12,-1.40E-03,4.79E-01
489,-2.00E-04,0.00E+00,-1.20E-03,4.60E-01
490,-4.09E-04,-9.09E-13,-1.01E-03,3.70E-01
491,-4.24E-04,-4.55E-12,-1.03E-03,3.64E-01
492,-4.21E-04,-9.09E-13,-1.00E-03,3.61E-01
493,-4.02E-04,0.00E+00,-1.54E-03,4.10E-01
494,-4.15E-04,7.28E-12,-1.33E-03,3.86E-01
495,3.06E-04,3.64E-12,-1.55E-03,4.34E-01
496,2.42E-04,0.00E+00,-1.56E-03,4.62E-01
497,5.76E-04,1.36E-12,-1.36E-03,2.79E-01
498,2.75E-04,3.64E-12,-1.61E-03,4.49E-01
499,2.89E-04,0.00E+00,-1.66E-03,4.48E-01
500,-3.83E-04,0.00E+00,-1.57E-03,4.21E-01
501,1.83E-04,-3.64E-12,-1.62E-03,4.69E-01
502,-1.74E-04,0.00E+00,-2.16E-03,4.92E-01
503,-1.41E-04,0.00E+00,-2.14E-03,4.95E-01
504,-1.17E-04,0.00E+00,-2.18E-03,4.94E-01
505,-1.75E-04,0.00E+00,-2.14E-03,4.94E-01
506,-1.66E-04,0.00E+00,-2.19E-03,4.93E-01
507,3.93E-06,0.00E+00,-2.47E-03,4.92E-01
508,8.07E-05,0.00E+00,-2.42E-03,4.94E-01
509,3.39E-04,0.00E+00,-2.38E-03,4.47E-01
510,1.79E-04,0.00E+00,-2.20E-03,4.86E-01
511,-3.61E-04,0.00E+00,-1.58E-03,4.28E-01
512,-3.98E-04,0.00E+00,-1.59E-03,4.13E-01
513,-2.31E-04,-1.82E-12,-2.08E-03,4.79E-01
514,-2.10E-04,0.00E+00,-2.17E-03,4.85E-01
515,1.57E-04,0.00E+00,-2.10E-03,4.87E-01
516,2.85E-04,-2.05E-12,-1.91E-03,4.62E-01
517,1.97E-04,0.00E+00,-3.93E-03,4.41E-01
518,3.11E-04,0.00E+00,-3.94E-03,4.12E-01
519,1.11E-04,-7.28E-12,-3.51E-03,4.55E-01
520,2.30E-04,7.28E-12,-3.56E-03,4.14E-01
521,3.14E-04,0.00E+00,-3.86E-03,4.12E-01
522,2.22E-04,0.00E+00,-3.80E-03,4.42E-01
523,4.29E-04,0.00E+00,-2.48E-03,4.06E-01
524,3.56E-04,0.00E+00,-2.44E-03,4.39E-01
525,4.20E-04,0.00E+00,-2.75E-03,3.87E-01
526,2.59E-04,7.28E-12,-2.75E-03,4.53E-01
527,5.95E-04,0.00E+00,-2.68E-03,2.88E-01
528,8.33E-05,0.00E+00,-2.53E-03,4.86E-01
529,2.91E-04,6.82E-12,-3.09E-03,4.44E-01
530,1.90E-04,-4.55E-13,-3.03E-03,4.52E-01
531,2.95E-04,6.37E-12,-3.08E-03,4.44E-01
532,-9.23E-05,0.00E+00,-2.83E-03,4.76E-01
533,3.74E-04,0.00E+00,-2.40E-03,4.34E-01
534,2.89E-04,-2.16E-12,-1.90E-03,4.61E-01
535,2.86E-04,-1.14E-13,-1.90E-03,4.62E-01
536,2.88E-04,1.14E-13,-1.91E-03,4.61E-01
537,2.86E-04,0.00E+00,-1.91E-03,4.62E-01
538,2.87E-04,-1.14E-13,-1.91E-03,4.62E-01
539,6.45E-04,3.64E-12,-2.84E-03,2.94E-01
540,-3.51E-04,-3.64E-12,-3.57E-03,4.28E-01
541,-2.54E-04,0.00E+00,-3.53E-03,4.58E-01
542,1.19E-04,0.00E+00,-6.09E-04,4.37E-01
543,3.12E-04,-4.55E-13,-3.07E-03,4.36E-01
544,4.58E-04,0.00E+00,-2.07E-03,3.86E-01
545,3.00E-04,0.00E+00,-2.13E-03,4.45E-01
546,-7.10E-05,0.00E+00,-1.65E-03,4.80E-01
547,6.13E-04,0.00E+00,-3.39E-03,2.65E-01
548,5.79E-04,0.00E+00,-3.36E-03,2.78E-01
549,4.72E-04,0.00E+00,-3.41E-03,3.27E-01
550,3.96E-04,0.00E+00,-2.34E-03,4.27E-01
551,-4.85E-04,-7.28E-12,-2.14E-03,3.78E-01
552,-4.58E-04,0.00E+00,-1.96E-03,3.94E-01
553,-5.48E-04,-2.18E-11,-3.64E-03,3.07E-01
554,-5.65E-04,0.00E+00,-3.76E-03,3.16E-01
555,-3.04E-04,7.28E-12,-3.47E-03,4.44E-01
556,-1.09E-04,3.64E-12,-3.87E-03,4.66E-01
557,-2.36E-04,0.00E+00,-3.45E-03,4.59E-01
558,-1.52E-04,-5.46E-12,-2.85E-03,4.77E-01
559,-8.32E-05,-1.27E-11,-1.86E-03,4.99E-01
560,-1.16E-04,1.82E-12,-1.86E-03,4.98E-01
561,2.69E-04,1.36E-12,-1.90E-03,4.64E-01
562,-9.02E-05,0.00E+00,-1.82E-03,5.00E-01
563,-1.77E-04,-5.46E-12,-1.85E-03,4.84E-01
564,-1.23E-04,1.82E-12,-2.75E-03,4.84E-01
565,-1.66E-04,0.00E+00,-2.83E-03,4.76E-01
566,-3.24E-04,3.64E-12,-3.42E-03,4.36E-01
567,-1.75E-04,-5.46E-12,-2.88E-03,4.78E-01
568,-4.56E-04,0.00E+00,-3.02E-03,3.69E-01
569,-2.63E-04,3.64E-12,-3.39E-03,4.62E-01
570,-1.96E-04,1.82E-12,-2.78E-03,4.74E-01
571,-4.66E-04,-7.28E-12,-2.47E-03,3.68E-01
572,-2.57E-04,-7.28E-12,-2.46E-03,4.47E-01
573,-3.66E-04,-7.28E-12,-2.35E-03,4.32E-01
574,-2.58E-04,0.00E+00,-1.70E-03,4.59E-01
575,-1.74E-04,0.00E+00,-2.85E-03,4.73E-01
576,-1.06E-04,7.28E-12,-3.19E-03,4.62E-01
577,-5.69E-04,-7.28E-12,-2.89E-03,3.17E-01
578,-1.98E-04,-5.46E-12,-2.83E-03,4.67E-01
579,-3.82E-04,0.00E+00,-1.90E-03,4.22E-01
580,-5.65E-04,0.00E+00,-3.02E-03,3.21E-01
581,-8.61E-06,0.00E+00,-3.38E-03,4.64E-01
582,-5.61E-04,0.00E+00,-2.56E-03,3.09E-01
583,-4.42E-04,-7.28E-12,-1.81E-03,3.95E-01
584,-5.53E-04,7.28E-12,-3.54E-03,3.12E-01
585,2.91E-04,-4.55E-13,-3.11E-03,4.44E-01
586,2.98E-04,0.00E+00,-3.10E-03,4.42E-01
587,-5.78E-04,0.00E+00,-3.29E-03,2.76E-01
588,2.99E-04,6.82E-12,-3.09E-03,4.43E-01
589,-1.03E-03,2.73E-12,-8.55E-04,9.34E-02
590,-1.09E-03,9.09E-13,-8.75E-04,1.16E-01
591,-1.08E-03,0.00E+00,-8.52E-04,1.15E-01
592,-7.38E-04,0.00E+00,-7.70E-04,1.17E-01
593,-8.05E-04,3.64E-12,-8.38E-04,7.78E-02
594,-8.03E-04,0.00E+00,-7.83E-04,8.31E-02
595,-5.49E-04,4.55E-13,-1.04E-03,2.77E-01
596,-6.69E-04,-1.36E-11,-1.08E-03,1.96E-01
597,-6.68E-04,9.09E-13,-1.07E-03,1.96E-01
598,-6.95E-04,0.00E+00,-1.02E-03,1.70E-01
599,-1.07E-03,-2.73E-12,-9.04E-04,1.04E-01
600,-6.77E-04,-3.64E-12,-1.51E-03,2.03E-01
601,-7.44E-04,0.00E+00,-1.51E-03,1.51E-01
602,-6.76E-04,-1.82E-12,-1.44E-03,2.08E-01
603,-8.94E-04,-7.28E-12,-1.06E-03,4.12E-02
604,-8.88E-04,1.82E-12,-1.22E-03,3.20E-02
605,-7.03E-04,9.09E-13,-1.07E-03,1.70E-01
606,-8.71E-04,0.00E+00,-7.20E-04,7.98E-02
607,-1.00E-03,0.00E+00,-6.35E-04,1.06E-01
608,-4.86E-04,1.82E-12,-1.56E-03,3.47E-01
609,-8.76E-04,-3.64E-12,-1.30E-03,3.59E-02
610,-7.95E-04,3.64E-12,-1.30E-03,1.06E-01
611,-9.69E-04,3.64E-12,-1.13E-03,4.07E-02
612,-6.02E-04,-3.64E-12,-1.33E-03,2.68E-01
613,-6.62E-04,3.64E-12,-1.32E-03,2.15E-01
614,-6.68E-04,0.00E+00,-1.11E-03,2.01E-01
615,-7.08E-04,-1.82E-12,-1.64E-03,1.88E-01
616,-6.75E-04,0.00E+00,-1.76E-03,2.18E-01
617,-1.10E-03,-1.00E-11,-8.82E-04,1.16E-01
618,-1.19E-03,3.64E-12,-1.09E-03,8.89E-02
619,-1.06E-03,-1.46E-11,-1.22E-03,5.57E-02
620,-9.23E-04,0.00E+00,-1.28E-03,2.16E-02
621,-8.72E-04,0.00E+00,-1.34E-03,4.11E-02
622,-1.20E-03,4.55E-12,-1.08E-03,9.24E-02
623,-9.96E-04,7.28E-12,-1.06E-03,5.54E-02
624,-1.05E-03,0.00E+00,-1.39E-03,1.64E-02
625,-1.11E-03,0.00E+00,-1.40E-03,3.27E-02
626,-7.42E-04,0.00E+00,-1.76E-03,1.63E-01
627,-9.63E-04,0.00E+00,-1.63E-03,1.92E-02
628,-8.92E-04,2.73E-12,-1.59E-03,6.64E-02
629,-1.11E-03,-9.09E-13,-1.43E-03,2.94E-02
630,-5.60E-04,7.28E-12,-2.28E-03,3.30E-01
631,-6.83E-04,7.28E-12,-2.19E-03,2.50E-01
632,-6.13E-04,0.00E+00,-2.08E-03,2.94E-01
633,-6.29E-04,7.28E-12,-2.41E-03,2.84E-01
634,-6.61E-04,0.00E+00,-1.87E-03,2.37E-01
635,-8.64E-04,0.00E+00,-1.48E-03,4.79E-02
636,-9.63E-04,0.00E+00,-1.60E-03,1.80E-02
637,-7.30E-04,0.00E+00,-1.85E-03,1.85E-01
638,-7.27E-04,0.00E+00,-2.06E-03,2.11E-01
639,-7.12E-04,0.00E+00,-1.79E-03,1.84E-01
640,-1.15E-03,-4.55E-13,-9.87E-04,1.03E-01
641,-1.10E-03,-9.09E-13,-1.43E-03,2.53E-02
642,-9.29E-04,-3.64E-12,-1.88E-03,2.01E-02
643,-7.62E-04,3.64E-12,-1.79E-03,1.48E-01
644,-9.48E-04,2.73E-12,-1.86E-03,0.00E+00
645,-9.23E-04,9.09E-13,-3.85E-03,2.24E-02
646,-9.44E-04,-9.09E-13,-1.85E-03,3.26E-03
647,-9.49E-04,0.00E+00,-2.23E-03,0.00E+00
648,-9.30E-04,0.00E+00,-2.24E-03,1.96E-02
649,-6.36E-04,-1.46E-11,-2.94E-03,2.62E-01
650,-9.27E-04,7.28E-12,-3.07E-03,1.74E-02
651,-9.29E-04,0.00E+00,-2.66E-03,1.47E-02
652,-9.83E-04,0.00E+00,-1.62E-03,1.37E-02
653,-9.47E-04,2.73E-12,-2.67E-03,0.00E+00
654,-9.47E-04,0.00E+00,-3.05E-03,0.00E+00
655,-9.47E-04,2.73E-12,-2.65E-03,0.00E+00
656,-9.25E-04,-9.09E-13,-2.63E-03,2.37E-02
657,-9.47E-04,-9.09E-13,-2.27E-03,0.00E+00
658,-9.48E-04,6.37E-12,-2.25E-03,0.00E+00
659,-9.24E-04,-6.37E-12,-2.27E-03,2.49E-02
660,-9.89E-04,0.00E+00,-1.65E-03,1.37E-02
661,-9.65E-04,-3.64E-12,-1.85E-03,7.32E-04
662,-6.39E-04,7.28E-12,-3.63E-03,2.36E-01
663,-9.28E-04,-1.36E-11,-3.44E-03,1.62E-02
664,-9.48E-04,9.09E-13,-3.44E-03,0.00E+00
665,-1.11E-03,0.00E+00,-1.44E-03,2.80E-02
666,-9.48E-04,0.00E+00,-3.45E-03,0.00E+00
667,-9.48E-04,-1.82E-12,-3.84E-03,0.00E+00
668,-9.47E-04,-9.09E-13,-3.85E-03,0.00E+00
669,-1.38E-03,0.00E+00,-1.39E-03,1.59E-02
670,-1.39E-03,1.82E-12,-1.35E-03,1.87E-02
671,-1.40E-03,0.00E+00,-1.36E-03,1.53E-02
672,-1.39E-03,0.00E+00,-1.43E-03,7.34E-03
673,-1.28E-03,-3.64E-12,-1.53E-03,1.26E-02
674,-1.36E-03,0.00E+00,-1.41E-03,1.53E-02
675,-1.19E-03,4.55E-12,-1.65E-03,9.35E-03
676,-1.17E-03,0.00E+00,-1.66E-03,9.99E-03
677,-1.19E-03,5.46E-12,-1.64E-03,1.03E-02
678,-1.05E-03,3.64E-12,-1.77E-03,4.70E-03
679,-1.17E-03,0.00E+00,-1.70E-03,4.95E-03
680,-1.15E-03,-1.82E-12,-1.68E-03,8.95E-03
681,-9.67E-04,-2.73E-12,-1.85E-03,0.00E+00
682,-1.33E-03,0.00E+00,-8.40E-04,1.37E-01
683,-1.39E-03,-3.64E-12,-7.68E-04,1.48E-01
684,-1.31E-03,0.00E+00,-7.64E-04,1.49E-01
685,-1.11E-03,2.73E-12,-8.62E-04,1.20E-01
686,-1.13E-03,-9.09E-13,-8.83E-04,1.18E-01
687,-1.16E-03,0.00E+00,-1.65E-03,1.02E-02
688,-1.13E-03,9.09E-13,-1.44E-03,2.77E-02
689,-1.46E-03,1.82E-12,-9.25E-04,9.85E-02
690,-1.49E-03,0.00E+00,-8.95E-04,1.03E-01
691,-1.10E-03,0.00E+00,-6.60E-04,1.22E-01
692,-1.22E-03,-7.28E-12,-7.50E-04,1.46E-01
693,-1.21E-03,9.09E-13,-1.06E-03,9.55E-02
694,-1.31E-03,3.64E-12,-9.20E-04,1.24E-01
695,-1.26E-03,-3.64E-12,-1.34E-03,3.59E-02
696,-1.28E-03,-3.64E-12,-1.25E-03,4.43E-02
697,-1.36E-03,0.00E+00,-1.36E-03,2.15E-02
698,-1.34E-03,1.82E-12,-1.39E-03,1.98E-02
699,-1.22E-03,0.00E+00,-1.08E-03,8.94E-02
700,-1.34E-03,0.00E+00,-9.95E-04,9.92E-02
701,-1.17E-03,3.64E-12,-1.26E-03,4.86E-02
702,-1.21E-03,-2.73E-12,-1.10E-03,8.70E-02
703,-1.37E-03,0.00E+00,-1.10E-03,6.61E-02
704,-1.49E-03,0.00E+00,-9.29E-04,9.22E-02
705,-1.48E-03,-3.64E-12,-9.51E-04,8.88E-02
706,-1.33E-03,0.00E+00,-1.18E-03,5.37E-02
707,-1.13E-03,-9.09E-13,-1.41E-03,3.16E-02
708,-1.26E-03,-3.64E-12,-1.43E-03,2.43E-02
709,-1.61E-03,-1.82E-12,-7.42E-04,1.09E-01
710,-1.58E-03,9.09E-13,-7.45E-04,1.15E-01
711,-1.61E-03,-1.82E-12,-7.52E-04,1.07E-01
712,-1.50E-03,1.82E-12,-9.18E-04,9.33E-02
713,-1.50E-03,-3.64E-12,-9.46E-04,8.76E-02
714,-1.49E-03,-1.82E-12,-1.14E-03,4.35E-02
715,-1.53E-03,0.00E+00,-1.14E-03,3.82E-02
716,-1.52E-03,1.82E-12,-9.44E-04,8.36E-02
717,-1.56E-03,0.00E+00,-1.10E-03,4.19E-02
718,-1.66E-03,0.00E+00,-8.93E-04,6.92E-02
719,-1.66E-03,1.82E-12,-9.43E-04,5.82E-02
720,-1.61E-03,7.28E-12,-1.02E-03,4.92E-02
721,-1.35E-03,0.00E+00,-1.25E-03,3.63E-02
722,-1.46E-03,0.00E+00,-6.90E-04,1.59E-01
723,-1.50E-03,0.00E+00,-1.18E-03,3.42E-02
724,-1.44E-03,-3.64E-12,-1.25E-03,2.65E-02
725,-1.42E-03,3.64E-12,-1.19E-03,4.17E-02
726,-1.47E-03,0.00E+00,-1.28E-03,1.38E-02
727,-1.41E-03,-5.46E-12,-1.42E-03,6.51E-03
728,-1.31E-03,7.28E-12,-1.55E-03,5.47E-03
729,-1.19E-03,0.00E+00,-1.68E-03,5.13E-03
730,-1.07E-03,3.64E-12,-1.79E-03,0.00E+00
731,-1.57E-03,0.00E+00,-1.17E-03,1.85E-02
732,-1.54E-03,0.00E+00,-1.21E-03,1.69E-02
733,-1.60E-03,-5.46E-12,-1.20E-03,9.68E-03
734,-1.57E-03,1.82E-12,-1.24E-03,8.65E-03
735,-1.51E-03,0.00E+00,-1.31E-03,6.73E-03
736,-1.43E-03,3.64E-12,-1.39E-03,6.62E-03
737,-1.60E-03,-3.64E-12,-1.26E-03,3.71E-03
738,-1.53E-03,0.00E+00,-1.33E-03,2.64E-03
739,-1.46E-03,1.82E-12,-1.42E-03,2.68E-03
740,-1.43E-03,3.64E-12,-1.44E-03,2.65E-03
741,-1.41E-03,3.64E-12,-1.46E-03,2.98E-03
742,-1.56E-03,3.64E-12,-1.35E-03,7.14E-04
743,-1.48E-03,-1.82E-12,-1.44E-03,8.38E-04
744,-1.45E-03,5.46E-12,-1.47E-03,8.59E-04
745,-1.43E-03,5.46E-12,-1.48E-03,9.71E-04
746,-1.33E-03,0.00E+00,-1.58E-03,2.09E-03
747,-1.21E-03,5.46E-12,-1.67E-03,4.69E-03
748,-1.58E-03,-3.64E-12,-1.37E-03,0.00E+00
749,-1.50E-03,-1.82E-12,-1.45E-03,0.00E+00
750,-1.47E-03,3.64E-12,-1.48E-03,0.00E+00
751,-1.45E-03,3.64E-12,-1.50E-03,0.00E+00
752,-1.34E-03,7.28E-12,-1.60E-03,0.00E+00
753,-1.22E-03,-1.82E-12,-1.69E-03,0.00E+00
754,-1.21E-03,0.00E+00,-1.71E-03,0.00E+00
755,-1.18E-03,9.09E-13,-1.72E-03,0.00E+00
756,-1.62E-03,-1.82E-12,-7.56E-04,1.04E-01
757,-1.69E-03,1.82E-12,-8.96E-04,6.34E-02
758,-1.64E-03,1.82E-12,-7.51E-04,1.01E-01
759,-1.71E-03,0.00E+00,-8.50E-04,6.90E-02
760,-1.74E-03,0.00E+00,-7.75E-04,7.61E-02
761,-1.79E-03,0.00E+00,-7.95E-04,4.21E-02
762,-1.75E-03,-1.82E-12,-8.71E-04,3.72E-02
763,-1.73E-03,0.00E+00,-9.18E-04,3.42E-02
764,-1.70E-03,-1.82E-12,-9.68E-04,3.09E-02
765,-1.65E-03,0.00E+00,-1.05E-03,2.56E-02
766,-1.60E-03,0.00E+00,-1.13E-03,2.10E-02
767,-1.83E-03,3.64E-12,-6.84E-04,4.97E-02
768,-1.87E-03,0.00E+00,-6.99E-04,3.09E-02
769,-1.83E-03,0.00E+00,-8.11E-04,2.57E-02
770,-1.79E-03,0.00E+00,-8.89E-04,2.25E-02
771,-1.76E-03,0.00E+00,-9.38E-04,2.04E-02
772,-1.74E-03,0.00E+00,-9.89E-04,1.82E-02
773,-1.69E-03,0.00E+00,-1.07E-03,1.45E-02
774,-1.63E-03,0.00E+00,-1.15E-03,1.14E-02
775,-1.90E-03,0.00E+00,-7.11E-04,1.71E-02
776,-1.86E-03,0.00E+00,-8.26E-04,1.40E-02
777,-1.82E-03,0.00E+00,-9.04E-04,1.21E-02
778,-1.80E-03,0.00E+00,-9.54E-04,1.09E-02
779,-1.77E-03,0.00E+00,-1.01E-03,9.51E-03
780,-1.72E-03,0.00E+00,-1.09E-03,7.28E-03
781,-1.66E-03,-1.82E-12,-1.17E-03,5.37E-03
782,-1.63E-03,-1.82E-12,-1.22E-03,4.32E-03
783,-1.93E-03,0.00E+00,-6.46E-04,1.91E-02
784,-1.93E-03,3.64E-12,-7.21E-04,7.16E-03
785,-1.96E-03,-3.64E-12,-6.56E-04,8.04E-03
786,-1.89E-03,0.00E+00,-8.38E-04,5.75E-03
787,-1.85E-03,0.00E+00,-9.17E-04,4.90E-03
788,-1.82E-03,0.00E+00,-9.68E-04,4.35E-03
789,-1.79E-03,0.00E+00,-1.02E-03,3.74E-03
790,-1.74E-03,0.00E+00,-1.10E-03,2.73E-03
791,-1.68E-03,-1.82E-12,-1.19E-03,1.86E-03
792,-1.65E-03,0.00E+00,-1.23E-03,1.37E-03
793,-1.62E-03,1.82E-12,-1.28E-03,1.11E-03
794,-1.98E-03,0.00E+00,-6.64E-04,0.00E+00
795,-1.95E-03,-3.64E-12,-7.30E-04,0.00E+00
796,-1.91E-03,0.00E+00,-8.48E-04,0.00E+00
797,-1.87E-03,0.00E+00,-9.28E-04,0.00E+00
798,-1.84E-03,0.00E+00,-9.80E-04,0.00E+00
799,-1.81E-03,1.82E-12,-1.03E-03,0.00E+00
800,-1.76E-03,0.00E+00,-1.12E-03,0.00E+00
801,-1.71E-03,0.00E+00,-1.20E-03,0.00E+00
802,-1.67E-03,0.00E+00,-1.25E-03,0.00E+00
803,-1.64E-03,0.00E+00,-1.29E-03,0.00E+00
804,9.44E-04,0.00E+00,-1.31E-02,0.00E+00
805,9.49E-04,1.82E-12,-1.30E-02,0.00E+00
806,8.76E-04,0.00E+00,-1.30E-02,6.15E-02
807,6.29E-04,-1.00E-11,-1.26E-02,2.55E-01
808,6.73E-04,0.00E+00,-1.29E-02,2.19E-01
809,6.23E-04,9.09E-13,-1.25E-02,2.59E-01
810,6.41E-04,4.55E-12,-1.25E-02,2.46E-01
811,9.42E-04,0.00E+00,-1.21E-02,0.00E+00
812,9.46E-04,3.64E-12,-1.21E-02,0.00E+00
813,9.09E-04,0.00E+00,-1.21E-02,2.82E-02
814,9.28E-04,-9.09E-13,-1.38E-02,1.51E-02
815,9.29E-04,0.00E+00,-1.37E-02,1.59E-02
816,9.39E-04,-7.28E-12,-1.38E-02,7.34E-03
817,9.49E-04,0.00E+00,-1.37E-02,0.00E+00
818,9.47E-04,-7.28E-12,-1.38E-02,0.00E+00
819,8.95E-04,-7.28E-12,-1.31E-02,4.27E-02
820,9.40E-04,3.64E-12,-1.28E-02,0.00E+00
821,7.10E-04,0.00E+00,-1.33E-02,1.76E-01
822,9.22E-04,1.46E-11,-1.34E-02,0.00E+00
823,9.47E-04,5.46E-12,-1.31E-02,0.00E+00
824,9.45E-04,-3.64E-12,-1.27E-02,0.00E+00
825,7.31E-04,0.00E+00,-1.40E-02,1.47E-01
826,6.87E-04,0.00E+00,-1.20E-02,1.84E-01
827,7.52E-04,7.28E-12,-1.19E-02,1.44E-01
828,9.46E-04,0.00E+00,-1.20E-02,0.00E+00
829,7.32E-04,0.00E+00,-1.16E-02,1.58E-01
830,9.29E-04,0.00E+00,-1.17E-02,0.00E+00
831,6.62E-04,2.18E-11,-1.13E-02,2.00E-01
832,9.12E-04,0.00E+00,-1.14E-02,2.85E-02
833,9.46E-04,0.00E+00,-1.14E-02,0.00E+00
834,9.26E-04,0.00E+00,-1.24E-02,0.00E+00
835,6.23E-04,0.00E+00,-1.43E-02,2.91E-01
836,7.26E-04,-3.64E-12,-1.42E-02,2.10E-01
837,9.28E-04,0.00E+00,-1.42E-02,0.00E+00
838,5.94E-04,3.64E-12,-1.47E-02,2.95E-01
839,7.03E-04,7.28E-12,-1.47E-02,2.23E-01
840,6.67E-04,0.00E+00,-1.46E-02,2.50E-01
841,6.42E-04,3.64E-12,-1.44E-02,2.91E-01
842,6.86E-04,0.00E+00,-1.43E-02,2.43E-01
843,9.47E-04,1.82E-12,-1.46E-02,0.00E+00
844,9.44E-04,0.00E+00,-1.45E-02,0.00E+00
845,8.61E-04,1.82E-12,-1.45E-02,8.24E-02
846,9.48E-04,0.00E+00,-1.14E-02,0.00E+00
847,9.29E-04,0.00E+00,-1.49E-02,0.00E+00
848,9.48E-04,0.00E+00,-1.13E-02,0.00E+00
849,7.35E-04,0.00E+00,-1.11E-02,1.56E-01
850,7.25E-04,-7.28E-12,-1.49E-02,1.38E-01
851,9.49E-04,0.00E+00,-1.38E-02,0.00E+00
852,9.47E-04,1.82E-12,-1.45E-02,0.00E+00
853,6.06E-04,0.00E+00,-1.46E-02,2.93E-01
854,5.95E-04,0.00E+00,-8.71E-03,2.49E-01
855,6.35E-04,-7.28E-12,-8.59E-03,2.52E-01
856,9.32E-04,0.00E+00,-9.05E-03,0.00E+00
857,9.33E-04,0.00E+00,-8.95E-03,0.00E+00
858,8.45E-04,0.00E+00,-8.98E-03,6.52E-02
859,9.19E-04,-7.28E-12,-8.52E-03,0.00E+00
860,9.32E-04,0.00E+00,-8.35E-03,0.00E+00
861,7.85E-04,0.00E+00,-8.47E-03,1.47E-01
862,8.42E-04,1.09E-11,-1.01E-02,7.58E-02
863,7.94E-04,-3.64E-12,-1.05E-02,1.15E-01
864,9.47E-04,3.64E-12,-1.03E-02,0.00E+00
865,8.63E-04,0.00E+00,-1.06E-02,5.37E-02
866,8.17E-04,0.00E+00,-9.57E-03,1.00E-01
867,9.11E-04,9.09E-13,-9.46E-03,2.78E-02
868,6.40E-04,-3.64E-12,-8.20E-03,2.33E-01
869,5.52E-04,0.00E+00,-9.80E-03,3.00E-01
870,5.75E-04,0.00E+00,-9.77E-03,2.80E-01
871,9.33E-04,0.00E+00,-1.00E-02,0.00E+00
872,5.99E-04,0.00E+00,-7.71E-03,2.79E-01
873,7.79E-04,0.00E+00,-9.10E-03,1.22E-01
874,6.35E-04,0.00E+00,-8.32E-03,2.56E-01
875,5.81E-04,-1.82E-12,-9.75E-03,2.77E-01
876,9.46E-04,0.00E+00,-9.47E-03,0.00E+00
877,7.34E-04,0.00E+00,-1.09E-02,1.55E-01
878,9.43E-04,-3.64E-12,-1.06E-02,0.00E+00
879,6.07E-04,0.00E+00,-8.14E-03,2.55E-01
880,9.36E-04,-7.28E-12,-1.05E-02,0.00E+00
881,9.37E-04,-1.27E-11,-9.48E-03,7.14E-03
882,8.20E-04,0.00E+00,-8.71E-03,1.16E-01
883,9.29E-04,0.00E+00,-1.10E-02,0.00E+00
884,5.91E-04,1.82E-12,-7.74E-03,2.84E-01
885,7.04E-04,0.00E+00,-7.79E-03,1.97E-01
886,9.44E-04,-7.28E-12,-7.98E-03,0.00E+00
887,9.46E-04,9.09E-13,-9.49E-03,0.00E+00
888,9.36E-04,7.28E-12,-9.96E-03,0.00E+00
889,9.49E-04,9.09E-13,-9.56E-03,0.00E+00
890,9.40E-04,0.00E+00,-7.91E-03,0.00E+00
891,9.47E-04,0.00E+00,-7.77E-03,0.00E+00
892,9.31E-04,0.00E+00,-7.47E-03,0.00E+00
893,1.41E-03,-1.36E-12,-1.35E-03,2.33E-02
894,1.41E-03,0.00E+00,-1.36E-03,2.26E-02
895,1.42E-03,-1.36E-12,-1.35E-03,2.24E-02
896,1.63E-03,3.64E-12,-1.03E-03,4.42E-02
897,1.71E-03,7.28E-12,-9.53E-04,4.13E-02
898,1.65E-03,1.82E-12,-1.04E-03,3.25E-02
899,1.82E-03,0.00E+00,-8.19E-04,3.75E-02
900,1.77E-03,3.64E-12,-9.21E-04,2.80E-02
901,1.74E-03,5.46E-12,-9.08E-04,4.08E-02
902,1.90E-03,-1.82E-12,-7.11E-04,3.02E-02
903,1.91E-03,0.00E+00,-6.85E-04,3.23E-02
904,1.90E-03,1.82E-12,-7.09E-04,3.33E-02
905,1.63E-03,0.00E+00,-7.65E-04,9.89E-02
906,1.63E-03,0.00E+00,-7.30E-04,1.04E-01
907,1.46E-03,0.00E+00,-7.87E-04,1.09E-01
908,1.37E-03,-3.64E-12,-6.83E-04,1.33E-01
909,1.52E-03,3.64E-12,-8.74E-04,9.34E-02
910,1.30E-03,0.00E+00,-8.92E-04,1.09E-01
911,1.30E-03,6.37E-12,-8.81E-04,1.10E-01
912,1.29E-03,-7.73E-12,-8.80E-04,1.11E-01
913,1.30E-03,-9.09E-13,-8.66E-04,1.13E-01
914,1.66E-03,1.82E-12,-7.25E-04,1.01E-01
915,1.47E-03,-3.64E-12,-9.43E-04,8.63E-02
916,1.39E-03,0.00E+00,-1.07E-03,6.91E-02
917,1.53E-03,0.00E+00,-1.08E-03,5.32E-02
918,1.45E-03,0.00E+00,-1.15E-03,4.72E-02
919,1.55E-03,-3.64E-12,-1.12E-03,4.26E-02
920,1.55E-03,0.00E+00,-1.04E-03,5.61E-02
921,1.57E-03,0.00E+00,-1.08E-03,4.57E-02
922,1.35E-03,0.00E+00,-1.19E-03,5.58E-02
923,1.48E-03,-3.64E-12,-1.21E-03,3.24E-02
924,1.36E-03,0.00E+00,-1.22E-03,4.83E-02
925,1.41E-03,0.00E+00,-1.36E-03,2.37E-02
926,1.33E-03,0.00E+00,-1.22E-03,5.27E-02
927,1.69E-03,1.82E-12,-6.92E-04,1.02E-01
928,1.69E-03,1.82E-12,-7.45E-04,8.97E-02
929,1.64E-03,0.00E+00,-9.20E-04,6.27E-02
930,1.89E-03,0.00E+00,-6.60E-04,4.66E-02
931,1.52E-03,3.64E-12,-1.24E-03,1.88E-02
932,1.61E-03,-3.64E-12,-1.11E-03,2.52E-02
933,1.74E-03,3.64E-12,-9.72E-04,2.27E-02
934,1.85E-03,-7.28E-12,-8.33E-04,1.93E-02
935,1.59E-03,0.00E+00,-1.14E-03,2.34E-02
936,1.55E-03,-3.64E-12,-1.26E-03,1.07E-02
937,1.62E-03,5.46E-12,-1.17E-03,1.34E-02
938,1.65E-03,5.46E-12,-1.13E-03,1.45E-02
939,1.45E-03,-3.18E-12,-1.38E-03,1.00E-02
940,1.69E-03,1.82E-12,-1.06E-03,1.83E-02
941,1.44E-03,0.00E+00,-1.39E-03,9.95E-03
942,1.57E-03,3.64E-12,-1.28E-03,5.19E-03
943,1.65E-03,1.82E-12,-1.19E-03,6.81E-03
944,1.67E-03,0.00E+00,-1.15E-03,7.44E-03
945,1.47E-03,-1.82E-12,-1.40E-03,4.80E-03
946,1.72E-03,0.00E+00,-1.08E-03,9.53E-03
947,1.46E-03,-1.36E-12,-1.41E-03,4.76E-03
948,1.77E-03,0.00E+00,-9.90E-04,1.19E-02
949,1.43E-03,0.00E+00,-1.40E-03,1.03E-02
950,1.46E-03,-1.82E-12,-1.42E-03,4.91E-03
951,1.80E-03,0.00E+00,-9.37E-04,1.45E-02
952,1.33E-03,-7.28E-12,-1.54E-03,6.97E-03
953,1.30E-03,0.00E+00,-1.51E-03,1.48E-02
954,1.60E-03,-3.64E-12,-1.30E-03,1.86E-03
955,1.67E-03,-1.82E-12,-1.21E-03,2.57E-03
956,1.70E-03,0.00E+00,-1.17E-03,2.85E-03
957,1.49E-03,1.82E-12,-1.43E-03,1.71E-03
958,1.75E-03,0.00E+00,-1.09E-03,3.77E-03
959,1.49E-03,-4.55E-12,-1.43E-03,1.69E-03
960,1.80E-03,0.00E+00,-1.00E-03,4.80E-03
961,1.48E-03,-4.55E-12,-1.44E-03,1.76E-03
962,1.83E-03,-3.64E-12,-9.52E-04,5.83E-03
963,1.35E-03,-7.28E-12,-1.56E-03,2.82E-03
964,1.88E-03,-3.64E-12,-8.46E-04,7.78E-03
965,1.93E-03,1.82E-12,-7.22E-04,1.24E-02
966,1.94E-03,-5.46E-12,-6.96E-04,1.33E-02
967,1.62E-03,0.00E+00,-1.32E-03,0.00E+00
968,1.69E-03,3.64E-12,-1.22E-03,0.00E+00
969,1.72E-03,0.00E+00,-1.18E-03,0.00E+00
970,1.51E-03,2.73E-12,-1.44E-03,0.00E+00
971,1.77E-03,1.82E-12,-1.11E-03,0.00E+00
972,1.50E-03,-3.64E-12,-1.45E-03,0.00E+00
973,1.82E-03,-3.64E-12,-1.02E-03,0.00E+00
974,1.50E-03,-4.09E-12,-1.46E-03,0.00E+00
975,1.85E-03,0.00E+00,-9.64E-04,0.00E+00
976,1.36E-03,0.00E+00,-1.58E-03,0.00E+00
977,1.90E-03,0.00E+00,-8.57E-04,0.00E+00
978,1.96E-03,0.00E+00,-7.31E-04,0.00E+00
979,1.97E-03,0.00E+00,-7.05E-04,0.00E+00
980,8.38E-04,-1.82E-12,-6.55E-03,8.55E-02
981,5.77E-04,0.00E+00,-6.74E-03,2.75E-01
982,6.25E-04,4.55E-13,-6.30E-03,2.40E-01
983,6.18E-04,3.64E-12,-5.24E-03,2.34E-01
984,6.46E-04,-3.64E-12,-5.28E-03,2.17E-01
985,6.59E-04,-3.64E-12,-6.85E-03,2.20E-01
986,6.24E-04,0.00E+00,-5.32E-03,2.31E-01
987,9.38E-04,0.00E+00,-5.66E-03,0.00E+00
988,9.31E-04,0.00E+00,-5.54E-03,0.00E+00
989,8.22E-04,0.00E+00,-5.61E-03,7.66E-02
990,7.05E-04,-7.28E-12,-5.86E-03,1.64E-01
991,5.20E-04,-5.46E-12,-6.22E-03,3.18E-01
992,9.41E-04,0.00E+00,-7.27E-03,0.00E+00
993,6.96E-04,0.00E+00,-7.15E-03,1.80E-01
994,6.00E-04,0.00E+00,-7.35E-03,2.41E-01
995,7.33E-04,0.00E+00,-4.65E-03,1.59E-01
996,6.00E-04,-3.30E-12,-4.19E-03,2.75E-01
997,9.38E-04,7.28E-12,-4.45E-03,0.00E+00
998,9.36E-04,0.00E+00,-4.34E-03,0.00E+00
999,6.46E-04,-3.64E-12,-4.82E-03,2.17E-01
1000,9.37E-04,0.00E+00,-4.03E-03,0.00E+00
1001,6.00E-04,-3.41E-12,-4.18E-03,2.75E-01
1002,9.28E-04,0.00E+00,-6.99E-03,0.00E+00
1003,9.45E-04,-3.64E-12,-6.53E-03,0.00E+00
1004,9.14E-04,0.00E+00,-5.98E-03,0.00E+00
1005,9.42E-04,-1.82E-12,-6.48E-03,0.00E+00
1006,9.45E-04,-3.64E-12,-6.44E-03,0.00E+00
1007,9.37E-04,0.00E+00,-4.68E-03,0.00E+00
1008,7.22E-04,0.00E+00,-4.77E-03,1.67E-01
1009,9.37E-04,0.00E+00,-5.46E-03,0.00E+00
1010,9.39E-04,0.00E+00,-5.10E-03,0.00E+00
1011,9.32E-04,0.00E+00,-5.02E-03,0.00E+00
1012,5.96E-04,2.56E-11,-4.19E-03,2.79E-01
1013,9.44E-04,-3.64E-12,-4.89E-03,0.00E+00
1014,1.40E-03,5.46E-12,-1.37E-03,2.24E-02
1015,1.18E-03,0.00E+00,-1.66E-03,1.20E-02
1016,1.20E-03,0.00E+00,-1.64E-03,1.15E-02
1017,1.19E-03,0.00E+00,-1.64E-03,1.24E-02
1018,1.18E-03,0.00E+00,-1.69E-03,5.48E-03
1019,1.06E-03,0.00E+00,-1.77E-03,5.46E-03
1020,1.17E-03,0.00E+00,-1.67E-03,1.12E-02
1021,9.67E-04,0.00E+00,-1.85E-03,0.00E+00
1022,9.48E-04,0.00E+00,-1.86E-03,0.00E+00
1023,9.65E-04,0.00E+00,-1.85E-03,8.93E-04
1024,9.12E-04,0.00E+00,-3.55E-03,2.78E-02
1025,9.40E-04,0.00E+00,-3.52E-03,0.00E+00
1026,6.55E-04,0.00E+00,-3.36E-03,2.26E-01
1027,1.11E-03,-2.27E-13,-1.23E-03,6.37E-02
1028,1.14E-03,0.00E+00,-1.25E-03,6.70E-02
1029,1.14E-03,0.00E+00,-1.24E-03,6.80E-02
1030,1.14E-03,0.00E+00,-1.24E-03,6.75E-02
1031,9.79E-04,1.82E-12,-1.16E-03,5.09E-02
1032,1.11E-03,-3.64E-12,-1.12E-03,7.77E-02
1033,1.22E-03,-3.64E-12,-1.13E-03,7.99E-02
1034,1.15E-03,1.36E-12,-1.24E-03,6.80E-02
1035,1.28E-03,5.91E-12,-8.86E-04,1.10E-01
1036,1.29E-03,-4.55E-13,-8.94E-04,1.10E-01
1037,1.07E-03,0.00E+00,-1.08E-03,7.64E-02
1038,1.01E-03,1.82E-12,-7.96E-04,7.87E-02
1039,8.15E-04,0.00E+00,-9.25E-04,5.06E-02
1040,8.99E-04,0.00E+00,-7.62E-04,5.46E-02
1041,7.30E-04,3.64E-12,-7.74E-04,8.22E-02
1042,1.05E-03,-1.82E-12,-7.89E-04,9.00E-02
1043,1.03E-03,0.00E+00,-7.54E-04,8.89E-02
1044,9.28E-04,7.28E-12,-9.65E-04,5.00E-02
1045,9.53E-04,0.00E+00,-1.20E-03,4.29E-02
1046,9.56E-04,7.28E-12,-1.16E-03,4.75E-02
1047,9.20E-04,0.00E+00,-1.16E-03,3.48E-02
1048,9.57E-04,-3.64E-12,-1.14E-03,5.02E-02
1049,7.45E-04,0.00E+00,-7.46E-04,7.44E-02
1050,6.70E-04,-3.64E-12,-7.09E-04,1.21E-01
1051,8.10E-04,0.00E+00,-1.05E-03,5.23E-02
1052,9.09E-04,3.64E-12,-1.41E-03,2.72E-02
1053,7.85E-04,0.00E+00,-1.51E-03,1.10E-01
1054,5.83E-04,1.14E-13,-1.37E-03,2.74E-01
1055,7.16E-04,0.00E+00,-1.14E-03,1.05E-01
1056,1.07E-03,-7.28E-12,-7.42E-04,9.46E-02
1057,1.06E-03,7.28E-12,-7.69E-04,9.24E-02
1058,9.41E-04,0.00E+00,-3.59E-03,0.00E+00
1059,1.29E-03,0.00E+00,-6.32E-04,1.31E-01
1060,1.24E-03,0.00E+00,-8.56E-04,1.06E-01
1061,1.03E-03,0.00E+00,-1.54E-03,1.97E-02
1062,1.01E-03,-3.64E-12,-1.41E-03,2.91E-02
1063,1.14E-03,0.00E+00,-1.44E-03,3.81E-02
1064,1.00E-03,0.00E+00,-1.32E-03,3.99E-02
1065,1.14E-03,0.00E+00,-1.40E-03,4.32E-02
1066,1.05E-03,0.00E+00,-9.84E-04,8.17E-02
1067,1.19E-03,5.46E-12,-1.44E-03,3.63E-02
1068,7.99E-04,0.00E+00,-1.20E-03,6.23E-02
1069,5.82E-04,0.00E+00,-1.36E-03,2.74E-01
1070,9.34E-04,0.00E+00,-1.34E-03,2.12E-02
1071,6.68E-04,-7.28E-12,-3.78E-03,2.14E-01
1072,1.18E-03,-1.82E-12,-1.41E-03,4.15E-02
1073,1.40E-03,-1.36E-12,-1.36E-03,2.45E-02
1074,1.24E-03,0.00E+00,-1.33E-03,4.58E-02
1075,8.34E-04,-3.64E-12,-1.64E-03,8.68E-02
1076,8.00E-04,0.00E+00,-1.75E-03,1.24E-01
1077,6.08E-04,-9.09E-13,-1.64E-03,2.86E-01
1078,5.74E-04,-9.09E-13,-1.61E-03,3.12E-01
1079,1.15E-03,1.36E-12,-1.25E-03,6.65E-02
1080,9.27E-04,-3.64E-12,-1.64E-03,3.68E-02
1081,9.27E-04,0.00E+00,-1.55E-03,3.55E-02
1082,8.81E-04,3.64E-12,-1.69E-03,5.78E-02
1083,6.64E-04,7.28E-12,-1.79E-03,2.34E-01
1084,1.17E-03,0.00E+00,-1.64E-03,1.41E-02
1085,1.31E-03,1.82E-12,-1.24E-03,5.20E-02
1086,1.31E-03,0.00E+00,-1.19E-03,6.09E-02
1087,6.10E-04,0.00E+00,-3.29E-03,2.74E-01
1088,1.30E-03,3.64E-12,-1.09E-03,7.83E-02
1089,7.13E-04,-7.28E-12,-1.85E-03,1.98E-01
1090,5.95E-04,0.00E+00,-4.18E-03,2.80E-01
1091,9.33E-04,0.00E+00,-1.83E-03,1.30E-02
1092,7.84E-04,-3.64E-12,-1.84E-03,1.36E-01
1093,7.24E-04,-7.28E-12,-2.72E-03,1.85E-01
1094,9.04E-04,0.00E+00,-3.11E-03,3.83E-02
1095,9.43E-04,1.09E-11,-3.14E-03,0.00E+00
1096,9.43E-04,1.09E-11,-3.10E-03,0.00E+00
1097,6.62E-04,7.28E-12,-2.99E-03,2.86E-01
1098,7.90E-04,0.00E+00,-2.87E-03,1.67E-01
1099,9.46E-04,0.00E+00,-3.04E-03,0.00E+00
1100,7.36E-04,1.82E-12,-2.05E-03,1.94E-01
1101,7.40E-04,0.00E+00,-2.03E-03,1.90E-01
1102,7.48E-04,-5.00E-12,-2.04E-03,1.83E-01
1103,7.34E-04,7.28E-12,-2.25E-03,1.88E-01
1104,6.54E-04,0.00E+00,-2.29E-03,2.53E-01
1105,8.45E-04,-1.82E-12,-2.39E-03,9.25E-02
1106,9.37E-04,-7.28E-12,-2.12E-03,0.00E+00
1107,9.30E-04,-3.64E-12,-1.72E-03,4.38E-02
1108,9.48E-04,0.00E+00,-1.88E-03,0.00E+00
1109,7.88E-04,0.00E+00,-1.99E-03,1.47E-01
1110,1.03E-03,0.00E+00,-1.66E-03,1.11E-02
1111,9.32E-04,0.00E+00,-2.75E-03,0.00E+00
1112,9.46E-04,0.00E+00,-2.50E-03,0.00E+00
1113,8.67E-04,3.64E-12,-2.50E-03,6.96E-02
1114,9.35E-04,0.00E+00,-3.93E-03,0.00E+00
1115,9.43E-04,-1.09E-11,-2.43E-03,0.00E+00
1116,7.39E-04,1.82E-12,-2.02E-03,1.91E-01
1117,7.44E-04,0.00E+00,-2.03E-03,1.86E-01
1118,9.47E-04,3.64E-12,-2.35E-03,0.00E+00
1119,6.41E-04,0.00E+00,-2.37E-03,2.62E-01
1120,1.20E-03,0.00E+00,-1.68E-03,5.47E-03
1121,1.07E-03,0.00E+00,-1.79E-03,0.00E+00
1122,1.21E-03,0.00E+00,-1.67E-03,5.18E-03
1123,1.23E-03,2.73E-12,-1.69E-03,0.00E+00
1124,1.20E-03,0.00E+00,-1.71E-03,0.00E+00
1125,1.21E-03,3.64E-12,-1.70E-03,0.00E+00
1126,5.80E-04,1.14E-13,-1.37E-03,2.76E-01
1127,5.47E-04,1.27E-11,-1.62E-03,3.35E-01
1128,5.99E-04,-9.09E-13,-8.73E-04,1.88E-01
1129,7.38E-04,-1.82E-12,-8.46E-04,8.00E-02
1130,5.80E-04,-5.80E-12,-1.36E-03,2.76E-01
1131,5.09E-04,0.00E+00,-9.79E-04,2.65E-01
1132,5.57E-04,-1.82E-12,-9.59E-04,2.32E-01
1133,5.34E-04,1.82E-12,-1.92E-03,3.63E-01
1134,3.03E-04,-3.41E-13,-1.91E-03,4.56E-01
1135,5.26E-04,3.64E-12,-1.88E-03,3.66E-01
1136,5.42E-04,9.09E-13,-1.74E-03,3.50E-01
1137,3.07E-04,0.00E+00,-3.09E-03,4.39E-01
1138,4.77E-04,0.00E+00,-2.37E-03,3.75E-01
1139,5.78E-04,0.00E+00,-1.88E-03,3.27E-01
1140,7.33E-04,1.36E-12,-2.03E-03,1.96E-01
1141,5.96E-04,3.64E-12,-2.23E-03,2.98E-01
1142,5.91E-04,7.28E-12,-2.96E-03,3.25E-01
1143,3.06E-04,0.00E+00,1.93E-03,1.76E-01
1144,2.60E-04,0.00E+00,1.93E-03,1.69E-01
1145,2.61E-04,0.00E+00,1.94E-03,1.65E-01
1146,-1.90E-05,-7.28E-12,6.55E-04,4.45E-01
1147,1.44E-04,0.00E+00,6.17E-04,3.90E-01
1148,-1.67E-05,0.00E+00,4.99E-04,4.56E-01
1149,2.99E-04,-7.28E-12,4.03E-04,3.37E-01
1150,1.46E-04,7.28E-12,2.86E-04,4.00E-01
1151,-1.77E-04,0.00E+00,6.12E-04,4.44E-01
1152,-2.60E-04,0.00E+00,5.55E-04,4.39E-01
1153,-1.01E-04,1.46E-11,3.46E-04,4.54E-01
1154,1.23E-05,-7.28E-12,7.51E-04,4.27E-01
1155,3.00E-04,0.00E+00,1.58E-04,3.38E-01
1156,2.70E-04,0.00E+00,2.77E-04,3.44E-01
1157,-2.91E-04,-1.82E-12,-3.31E-04,4.04E-01
1158,-1.94E-04,0.00E+00,-1.89E-04,4.30E-01
1159,1.80E-05,5.46E-12,-1.22E-05,4.73E-01
1160,1.03E-04,0.00E+00,-3.03E-04,4.47E-01
1161,3.97E-04,7.28E-12,-4.31E-04,3.03E-01
1162,2.58E-04,0.00E+00,-1.30E-04,3.69E-01
1163,-7.88E-06,5.46E-12,-4.82E-06,4.76E-01
1164,6.51E-04,1.09E-11,-2.24E-04,1.22E-01
1165,6.42E-04,0.00E+00,-2.83E-04,1.31E-01
1166,7.57E-05,7.28E-12,-4.40E-04,4.61E-01
1167,1.49E-07,-2.18E-11,1.63E-05,4.77E-01
1168,4.64E-04,-2.18E-11,-5.02E-04,2.56E-01
1169,-4.34E-04,0.00E+00,4.26E-04,3.59E-01
1170,-5.63E-04,0.00E+00,4.37E-04,2.97E-01
1171,-5.20E-04,-3.64E-12,3.19E-04,3.15E-01
1172,-5.57E-04,-7.28E-12,3.37E-04,2.96E-01
1173,-4.30E-04,3.64E-12,3.21E-04,3.41E-01
1174,-1.64E-04,0.00E+00,2.11E-04,4.44E-01
1175,-4.59E-04,7.28E-12,-1.07E-05,3.30E-01
1176,-5.53E-04,0.00E+00,2.54E-04,2.93E-01
1177,-3.37E-04,0.00E+00,1.54E-04,4.05E-01
1178,4.58E-04,7.28E-12,2.27E-04,2.44E-01
1179,-3.32E-04,9.09E-13,-3.43E-04,3.95E-01
1180,-1.17E-04,3.64E-12,-6.82E-04,4.74E-01
1181,-3.24E-04,-9.09E-13,-3.20E-04,3.97E-01
1182,-1.67E-04,0.00E+00,7.98E-04,4.14E-01
1183,-3.43E-04,0.00E+00,8.08E-04,3.78E-01
1184,-2.91E-04,-3.64E-12,5.95E-04,4.24E-01
1185,-3.46E-04,0.00E+00,-3.13E-04,3.86E-01
1186,-3.43E-05,0.00E+00,1.12E-05,4.74E-01
1187,4.49E-04,0.00E+00,8.80E-04,2.18E-01
1188,1.64E-04,0.00E+00,9.14E-04,3.52E-01
1189,2.62E-04,0.00E+00,7.78E-04,3.27E-01
1190,5.20E-04,-7.28E-12,1.08E-03,1.60E-01
1191,5.11E-04,3.64E-12,1.23E-03,1.60E-01
1192,3.59E-04,0.00E+00,1.12E-03,2.36E-01
1193,5.17E-04,-5.46E-12,9.19E-04,1.77E-01
1194,-3.38E-04,0.00E+00,-3.27E-04,3.89E-01
1195,-1.71E-05,0.00E+00,3.04E-05,4.76E-01
1196,-2.36E-04,0.00E+00,1.20E-03,3.33E-01
1197,-7.29E-05,0.00E+00,1.19E-03,3.58E-01
1198,-3.25E-04,0.00E+00,1.10E-03,3.44E-01
1199,-1.78E-04,7.28E-12,9.92E-04,3.89E-01
1200,-5.82E-06,0.00E+00,9.90E-04,3.96E-01
1201,3.16E-04,7.28E-12,1.19E-03,2.50E-01
1202,2.47E-04,0.00E+00,1.16E-03,2.82E-01
1203,4.15E-05,3.64E-12,4.17E-05,4.60E-01
1204,-5.05E-04,7.28E-12,7.61E-04,3.15E-01
1205,-3.15E-04,0.00E+00,9.15E-04,3.83E-01
1206,-5.31E-04,-7.28E-12,6.69E-04,3.10E-01
1207,1.60E-04,3.64E-12,1.12E-03,3.18E-01
1208,2.51E-04,0.00E+00,1.06E-03,2.97E-01
1209,-5.20E-04,6.37E-12,1.04E-03,2.99E-01
1210,2.33E-04,1.09E-11,1.35E-03,2.60E-01
1211,1.68E-04,0.00E+00,1.42E-03,2.57E-01
1212,-4.51E-05,0.00E+00,1.33E-03,3.12E-01
1213,-2.66E-05,-3.64E-12,1.25E-03,3.27E-01
1214,-1.33E-04,-3.64E-12,1.41E-03,2.90E-01
1215,-1.12E-04,1.09E-11,1.28E-03,3.31E-01
1216,-2.39E-04,3.64E-12,1.33E-03,2.97E-01
1217,-1.76E-04,-1.82E-12,1.48E-03,2.63E-01
1218,-1.30E-04,0.00E+00,1.48E-03,2.65E-01
1219,-3.35E-04,-3.64E-12,1.17E-03,3.26E-01
1220,3.08E-04,-1.46E-11,5.91E-04,3.19E-01
1221,-4.90E-04,0.00E+00,1.07E-03,3.02E-01
1222,5.03E-04,0.00E+00,1.34E-03,1.69E-01
1223,4.97E-04,3.64E-12,8.32E-04,1.96E-01
1224,3.04E-04,-1.09E-11,1.37E-03,2.33E-01
1225,5.19E-04,0.00E+00,8.71E-04,1.82E-01
1226,-3.16E-04,0.00E+00,1.22E-03,3.17E-01
1227,-3.37E-04,-3.64E-12,1.40E-03,2.66E-01
1228,1.30E-05,0.00E+00,1.45E-03,2.72E-01
1229,3.76E-04,3.64E-12,1.48E-03,2.12E-01
1230,2.56E-04,3.64E-12,1.41E-03,2.47E-01
1231,5.23E-04,0.00E+00,1.45E-03,1.86E-01
1232,-5.96E-04,-3.64E-12,2.89E-04,2.70E-01
1233,2.37E-04,0.00E+00,1.54E-03,2.29E-01
1234,-1.86E-04,0.00E+00,1.56E-03,2.31E-01
1235,-2.99E-04,0.00E+00,1.55E-03,2.19E-01
1236,2.18E-04,1.09E-11,1.60E-03,2.22E-01
1237,2.58E-04,0.00E+00,1.61E-03,2.17E-01
1238,1.51E-05,0.00E+00,1.58E-03,2.30E-01
1239,9.18E-05,9.09E-13,1.60E-03,2.19E-01
1240,-3.88E-04,0.00E+00,1.57E-03,2.00E-01
1241,-3.59E-04,7.28E-12,1.58E-03,2.04E-01
1242,-3.66E-04,2.73E-12,1.53E-03,2.18E-01
1243,-2.25E-04,3.64E-12,1.62E-03,2.03E-01
1244,-1.85E-04,3.64E-12,1.63E-03,2.02E-01
1245,-4.91E-05,-9.09E-13,1.56E-03,2.35E-01
1246,-4.25E-04,3.64E-12,1.44E-03,2.34E-01
1247,4.89E-04,0.00E+00,1.58E-03,2.20E-01
1248,-5.79E-06,-5.46E-12,1.60E-03,2.20E-01
1249,1.98E-05,-5.46E-12,1.60E-03,2.23E-01
1250,3.52E-05,-9.09E-13,1.66E-03,2.02E-01
1251,2.04E-04,0.00E+00,1.64E-03,2.12E-01
1252,2.74E-04,1.82E-12,1.71E-03,2.04E-01
1253,-1.18E-04,0.00E+00,1.78E-03,1.30E-01
1254,-4.61E-05,9.09E-13,1.67E-03,1.84E-01
1255,-1.71E-04,-1.82E-12,1.71E-03,1.61E-01
1256,-3.88E-04,0.00E+00,1.60E-03,1.91E-01
1257,-3.61E-04,0.00E+00,1.60E-03,1.93E-01
1258,-1.77E-04,0.00E+00,1.78E-03,1.22E-01
1259,-3.54E-04,0.00E+00,1.73E-03,1.32E-01
1260,-2.95E-04,0.00E+00,1.75E-03,1.26E-01
1261,-2.41E-04,0.00E+00,1.65E-03,1.84E-01
1262,4.45E-05,3.64E-12,1.76E-03,1.65E-01
1263,8.65E-05,0.00E+00,1.75E-03,1.74E-01
1264,3.71E-04,0.00E+00,1.73E-03,2.11E-01
1265,-2.69E-04,-5.46E-12,1.89E-03,7.92E-02
1266,-2.87E-04,0.00E+00,1.85E-03,9.31E-02
1267,-3.03E-04,0.00E+00,1.89E-03,8.07E-02
1268,3.21E-04,-1.82E-12,1.79E-03,2.08E-01
1269,-1.06E-04,0.00E+00,1.82E-03,1.20E-01
1270,4.63E-05,3.64E-12,1.80E-03,1.54E-01
1271,-1.61E-05,0.00E+00,1.91E-03,1.10E-01
1272,7.10E-05,-1.82E-12,1.91E-03,1.31E-01
1273,1.01E-04,0.00E+00,1.82E-03,1.58E-01
1274,1.41E-04,3.64E-12,1.90E-03,1.53E-01
1275,2.00E-04,0.00E+00,1.77E-03,1.80E-01
1276,2.98E-04,0.00E+00,1.78E-03,2.03E-01
1277,2.78E-04,-1.82E-12,1.81E-03,1.95E-01
1278,-3.92E-04,3.64E-12,1.38E-03,2.62E-01
1279,-3.61E-04,7.28E-12,1.20E-03,3.12E-01
1280,3.08E-04,0.00E+00,1.88E-03,1.87E-01
1281,-4.16E-04,0.00E+00,1.82E-03,1.13E-01
1282,-1.47E-04,-1.82E-12,1.81E-03,1.17E-01
1283,-1.27E-04,0.00E+00,1.91E-03,8.35E-02
1284,-3.61E-04,1.82E-12,1.87E-03,8.82E-02
1285,-4.57E-04,3.64E-12,1.85E-03,1.08E-01
1286,-1.41E-04,9.09E-13,1.91E-03,8.14E-02
1287,1.45E-04,0.00E+00,1.95E-03,1.35E-01
1288,-4.68E-04,0.00E+00,1.90E-03,8.96E-02
1289,-3.71E-04,0.00E+00,1.92E-03,6.15E-02
1290,-3.11E-04,0.00E+00,1.93E-03,4.96E-02
1291,-2.76E-04,-1.82E-12,1.94E-03,4.44E-02
1292,-1.45E-04,0.00E+00,1.95E-03,5.36E-02
1293,-1.29E-04,0.00E+00,1.95E-03,5.65E-02
1294,-1.67E-05,0.00E+00,1.96E-03,8.24E-02
1295,7.34E-05,0.00E+00,1.96E-03,1.10E-01
1296,-4.78E-04,0.00E+00,1.94E-03,7.46E-02
1297,-3.80E-04,0.00E+00,1.96E-03,4.74E-02
1298,-3.18E-04,-1.82E-12,1.97E-03,3.35E-02
1299,-2.82E-04,0.00E+00,1.98E-03,2.67E-02
1300,-1.48E-04,9.09E-13,1.99E-03,3.48E-02
1301,-1.32E-04,0.00E+00,2.00E-03,3.83E-02
1302,-1.72E-05,3.64E-12,2.00E-03,6.46E-02
1303,7.54E-05,0.00E+00,2.00E-03,8.92E-02
1304,1.47E-04,0.00E+00,1.99E-03,1.09E-01
1305,2.66E-04,0.00E+00,1.98E-03,1.40E-01
1306,3.13E-04,-5.46E-12,1.98E-03,1.53E-01
1307,-4.87E-04,0.00E+00,1.97E-03,5.41E-02
1308,-3.87E-04,0.00E+00,2.00E-03,3.33E-02
1309,-3.23E-04,0.00E+00,2.01E-03,2.15E-02
1310,-2.86E-04,0.00E+00,2.01E-03,1.49E-02
1311,-1.51E-04,0.00E+00,2.03E-03,2.10E-02
1312,-1.34E-04,0.00E+00,2.03E-03,2.41E-02
1313,-1.76E-05,-3.64E-12,2.03E-03,4.51E-02
1314,7.71E-05,3.64E-12,2.03E-03,6.41E-02
1315,1.50E-04,0.00E+00,2.03E-03,7.91E-02
1316,2.70E-04,0.00E+00,2.02E-03,1.00E-01
1317,3.18E-04,0.00E+00,2.01E-03,1.09E-01
1318,-3.93E-04,-1.82E-12,2.03E-03,1.74E-02
1319,-4.94E-04,-3.64E-12,2.00E-03,2.85E-02
1320,-3.28E-04,5.46E-12,2.04E-03,1.08E-02
1321,-2.91E-04,0.00E+00,2.04E-03,6.83E-03
1322,-1.53E-04,2.73E-12,2.06E-03,9.97E-03
1323,-1.35E-04,1.82E-12,2.06E-03,1.18E-02
1324,-1.80E-05,3.64E-12,2.06E-03,2.33E-02
1325,7.85E-05,0.00E+00,2.06E-03,3.36E-02
1326,1.52E-04,0.00E+00,2.06E-03,4.16E-02
1327,2.73E-04,0.00E+00,2.05E-03,5.29E-02
1328,3.23E-04,0.00E+00,2.04E-03,5.76E-02
1329,-5.00E-04,0.00E+00,2.03E-03,0.00E+00
1330,-3.98E-04,0.00E+00,2.05E-03,0.00E+00
1331,-3.32E-04,-1.82E-12,2.06E-03,0.00E+00
1332,-2.94E-04,0.00E+00,2.07E-03,0.00E+00
1333,-1.55E-04,9.09E-13,2.08E-03,0.00E+00
1334,-1.37E-04,0.00E+00,2.09E-03,0.00E+00
1335,-1.83E-05,0.00E+00,2.09E-03,0.00E+00
1336,7.97E-05,-3.64E-12,2.09E-03,0.00E+00
1337,1.54E-04,-3.64E-12,2.08E-03,0.00E+00
1338,2.76E-04,1.82E-12,2.07E-03,0.00E+00
1339,3.27E-04,0.00E+00,2.06E-03,0.00E+00
1340,-6.34E-04,7.28E-12,6.69E-04,2.52E-01
1341,-7.44E-04,0.00E+00,5.38E-04,1.87E-01
1342,-8.76E-04,0.00E+00,5.96E-04,9.55E-02
1343,-8.41E-04,-3.64E-12,7.08E-04,1.14E-01
1344,-6.00E-04,3.64E-12,3.50E-04,2.68E-01
1345,-7.38E-04,-1.41E-11,-4.69E-04,1.36E-01
1346,-7.40E-04,0.00E+00,-4.69E-04,1.34E-01
1347,-7.40E-04,0.00E+00,-4.67E-04,1.34E-01
1348,-5.32E-04,0.00E+00,1.05E-03,2.94E-01
1349,-8.58E-04,0.00E+00,1.22E-04,9.72E-02
1350,-7.12E-04,0.00E+00,6.84E-05,1.76E-01
1351,-8.71E-04,-7.28E-12,4.16E-04,9.70E-02
1352,-7.42E-04,0.00E+00,-4.67E-04,1.33E-01
1353,-7.39E-04,0.00E+00,-4.65E-04,1.35E-01
1354,-6.40E-04,3.64E-12,7.56E-04,2.51E-01
1355,-8.39E-04,0.00E+00,3.04E-04,1.14E-01
1356,-8.70E-04,-7.28E-12,-1.67E-04,9.62E-02
1357,-8.37E-04,3.64E-12,-1.18E-04,1.09E-01
1358,-8.17E-04,-3.64E-12,-1.77E-04,1.18E-01
1359,-5.97E-04,0.00E+00,-1.15E-04,2.31E-01
1360,-7.43E-04,2.27E-13,-4.80E-04,1.32E-01
1361,-5.55E-04,-9.09E-13,1.06E-03,2.81E-01
1362,-5.45E-04,0.00E+00,1.04E-03,2.88E-01
1363,-7.01E-04,7.28E-12,9.06E-04,2.06E-01
1364,-7.59E-04,0.00E+00,1.07E-03,1.78E-01
1365,-8.15E-04,7.28E-12,7.68E-04,1.34E-01
1366,-8.66E-04,-7.28E-12,-2.18E-04,9.72E-02
1367,-7.42E-04,-1.41E-11,-4.69E-04,1.34E-01
1368,-7.45E-04,2.27E-13,-4.72E-04,1.32E-01
1369,-9.89E-04,0.00E+00,-5.37E-04,1.03E-01
1370,-9.35E-04,3.64E-12,6.63E-04,7.62E-02
1371,-1.13E-03,0.00E+00,-2.29E-04,1.08E-01
1372,-1.11E-03,0.00E+00,-6.47E-05,8.21E-02
1373,-9.61E-04,0.00E+00,-1.60E-04,7.57E-02
1374,-9.67E-04,3.64E-12,3.00E-04,4.02E-02
1375,-8.88E-04,0.00E+00,7.16E-04,9.53E-02
1376,-1.06E-03,0.00E+00,-3.53E-04,1.09E-01
1377,-8.58E-04,-7.28E-12,9.42E-04,1.36E-01
1378,-9.33E-04,0.00E+00,7.83E-04,8.58E-02
1379,-1.01E-03,-3.64E-12,9.49E-04,1.20E-01
1380,-1.13E-03,0.00E+00,7.62E-04,1.08E-01
1381,-8.93E-04,7.28E-12,1.06E-03,1.39E-01
1382,-1.12E-03,1.82E-12,6.94E-04,8.54E-02
1383,-1.01E-03,0.00E+00,1.08E-03,1.57E-01
1384,-9.09E-04,1.82E-12,-7.84E-05,7.72E-02
1385,-1.10E-03,0.00E+00,2.50E-04,3.77E-02
1386,-1.03E-03,0.00E+00,1.60E-04,3.14E-02
1387,-1.14E-03,0.00E+00,4.02E-04,5.03E-02
1388,-1.00E-03,3.64E-12,4.36E-04,2.98E-02
1389,-1.07E-03,0.00E+00,5.31E-04,3.21E-02
1390,-9.69E-04,1.09E-11,5.42E-04,5.80E-02
1391,-6.71E-04,-1.14E-12,1.98E-03,0.00E+00
1392,-6.67E-04,0.00E+00,1.98E-03,0.00E+00
1393,-6.60E-04,0.00E+00,1.96E-03,4.18E-02
1394,-6.63E-04,0.00E+00,1.96E-03,4.21E-02
1395,-6.64E-04,0.00E+00,1.96E-03,4.22E-02
1396,-6.55E-04,-6.25E-13,1.93E-03,8.04E-02
1397,-6.54E-04,0.00E+00,1.93E-03,8.02E-02
1398,-6.51E-04,0.00E+00,1.93E-03,7.98E-02
1399,-6.43E-04,0.00E+00,1.89E-03,1.11E-01
1400,-6.43E-04,5.23E-12,1.89E-03,1.10E-01
1401,-6.41E-04,1.59E-12,1.89E-03,1.10E-01
1402,-6.29E-04,-1.78E-15,1.85E-03,1.30E-01
1403,-6.29E-04,5.22E-13,1.85E-03,1.30E-01
1404,-6.29E-04,5.22E-13,1.85E-03,1.30E-01
1405,-6.29E-04,1.07E-14,1.85E-03,1.30E-01
1406,-6.14E-04,4.66E-12,1.81E-03,1.42E-01
1407,-6.13E-04,0.00E+00,1.81E-03,1.42E-01
1408,-6.15E-04,0.00E+00,1.31E-03,2.10E-01
1409,-5.92E-04,0.00E+00,1.26E-03,2.25E-01
1410,-5.61E-04,0.00E+00,1.28E-03,2.31E-01
1411,-5.43E-04,0.00E+00,1.10E-03,2.77E-01
1412,-4.44E-04,0.00E+00,1.71E-03,1.38E-01
1413,-5.04E-04,0.00E+00,1.70E-03,1.46E-01
1414,-4.68E-04,1.82E-12,1.80E-03,1.22E-01
1415,-6.13E-04,-2.61E-12,1.81E-03,1.42E-01
1416,-6.40E-04,0.00E+00,1.45E-03,1.83E-01
1417,-6.47E-04,1.82E-12,1.61E-03,1.68E-01
1418,-5.20E-04,0.00E+00,1.50E-03,1.95E-01
1419,-6.24E-04,1.82E-12,1.65E-03,1.61E-01
1420,-6.66E-04,1.82E-12,1.64E-03,1.68E-01
1421,-6.62E-04,1.82E-12,1.66E-03,1.65E-01
1422,-4.99E-04,0.00E+00,1.59E-03,1.76E-01
1423,-5.55E-04,0.00E+00,1.35E-03,2.18E-01
1424,-7.29E-04,0.00E+00,1.47E-03,1.81E-01
1425,-7.44E-04,0.00E+00,1.41E-03,1.81E-01
1426,-8.31E-04,3.64E-12,1.32E-03,1.76E-01
1427,-6.53E-04,-5.46E-12,1.27E-03,2.03E-01
1428,-6.87E-04,1.82E-12,1.62E-03,1.71E-01
1429,-8.23E-04,3.64E-12,1.21E-03,1.70E-01
1430,-7.35E-04,0.00E+00,1.17E-03,1.85E-01
1431,-6.73E-04,-1.14E-12,1.98E-03,0.00E+00
1432,-8.61E-04,3.64E-12,1.90E-03,0.00E+00
1433,-9.25E-04,7.28E-12,1.87E-03,0.00E+00
1434,-9.13E-04,0.00E+00,1.85E-03,5.81E-02
1435,-8.51E-04,0.00E+00,1.88E-03,5.45E-02
1436,-1.06E-03,0.00E+00,1.80E-03,0.00E+00
1437,-1.04E-03,3.64E-12,1.78E-03,6.40E-02
1438,-8.39E-04,0.00E+00,1.85E-03,1.05E-01
1439,-9.00E-04,0.00E+00,1.82E-03,1.13E-01
1440,-1.03E-03,0.00E+00,1.75E-03,1.25E-01
1441,-8.84E-04,0.00E+00,1.79E-03,1.57E-01
1442,-8.24E-04,-3.64E-12,1.82E-03,1.46E-01
1443,-1.01E-03,0.00E+00,1.72E-03,1.77E-01
1444,-8.65E-04,-3.64E-12,1.75E-03,1.87E-01
1445,-8.07E-04,0.00E+00,1.78E-03,1.73E-01
1446,-9.89E-04,0.00E+00,1.69E-03,2.12E-01
1447,-8.42E-04,0.00E+00,1.71E-03,1.96E-01
1448,-7.87E-04,-3.64E-12,1.74E-03,1.84E-01
1449,-6.16E-04,1.02E-12,1.81E-03,1.42E-01
1450,-9.65E-04,-3.64E-12,1.65E-03,2.26E-01
1451,-9.53E-04,0.00E+00,1.49E-03,2.18E-01
1452,-8.58E-04,2.73E-12,1.53E-03,2.03E-01
1453,-1.02E-03,3.64E-12,1.55E-03,2.33E-01
1454,-8.74E-04,2.73E-12,1.54E-03,2.05E-01
1455,-7.15E-04,1.82E-12,1.67E-03,1.72E-01
1456,-8.43E-04,2.73E-12,1.53E-03,1.99E-01
1457,-8.51E-04,0.00E+00,1.54E-03,2.02E-01
1458,-8.19E-04,4.55E-13,1.56E-03,1.94E-01
1459,-8.59E-04,0.00E+00,1.54E-03,2.03E-01
1460,-1.02E-03,0.00E+00,1.61E-03,2.36E-01
1461,-9.01E-04,0.00E+00,1.30E-03,1.82E-01
1462,-9.48E-04,0.00E+00,1.38E-03,2.02E-01
1463,-9.82E-04,0.00E+00,1.30E-03,1.96E-01
1464,-1.04E-03,0.00E+00,1.19E-03,1.93E-01
1465,-9.51E-04,0.00E+00,1.21E-03,1.73E-01
1466,-8.53E-04,0.00E+00,1.52E-03,2.00E-01
1467,-1.39E-03,5.46E-12,4.11E-05,1.78E-01
1468,-1.19E-03,7.28E-12,-7.14E-05,1.09E-01
1469,-1.32E-03,0.00E+00,1.10E-04,1.45E-01
1470,-1.23E-03,1.82E-12,9.57E-05,1.09E-01
1471,-1.24E-03,-1.82E-12,-5.02E-04,1.56E-01
1472,-1.24E-03,0.00E+00,-5.64E-04,1.57E-01
1473,-1.11E-03,0.00E+00,-3.98E-04,1.21E-01
1474,-1.06E-03,0.00E+00,-5.84E-04,1.17E-01
1475,-1.25E-03,0.00E+00,2.91E-04,1.08E-01
1476,-1.22E-03,0.00E+00,1.68E-04,9.73E-02
1477,-1.27E-03,-1.82E-12,1.76E-04,1.21E-01
1478,-1.16E-03,-1.82E-12,7.35E-04,1.10E-01
1479,-1.13E-03,0.00E+00,1.01E-03,1.70E-01
1480,-1.27E-03,-1.82E-12,9.39E-04,2.10E-01
1481,-1.12E-03,0.00E+00,8.68E-04,1.27E-01
1482,-1.30E-03,3.64E-12,-5.06E-04,1.74E-01
1483,-1.29E-03,0.00E+00,-5.56E-04,1.72E-01
1484,-1.28E-03,0.00E+00,-5.82E-04,1.68E-01
1485,-1.31E-03,0.00E+00,-6.14E-04,1.66E-01
1486,-1.23E-03,0.00E+00,-1.75E-04,1.34E-01
1487,-1.29E-03,-3.64E-12,5.74E-04,1.50E-01
1488,-1.17E-03,-3.64E-12,6.95E-04,1.11E-01
1489,-1.19E-03,3.64E-12,5.14E-04,9.02E-02
1490,-1.38E-03,-9.09E-13,3.58E-04,1.72E-01
1491,-1.39E-03,-4.55E-13,3.48E-04,1.79E-01
1492,-1.11E-03,-3.64E-12,1.12E-03,1.98E-01
1493,-1.19E-03,0.00E+00,1.08E-03,2.16E-01
1494,-1.14E-03,0.00E+00,-3.50E-04,1.27E-01
1495,-1.26E-03,0.00E+00,1.51E-04,1.16E-01
1496,-1.36E-03,-7.28E-12,7.37E-04,2.12E-01
1497,-1.38E-03,-9.09E-13,7.34E-04,2.21E-01
1498,-1.35E-03,9.09E-13,8.10E-04,2.22E-01
1499,-1.37E-03,-9.09E-13,7.15E-04,2.12E-01
1500,-1.30E-03,9.09E-13,7.29E-04,1.79E-01
1501,-1.40E-03,-5.46E-12,-2.49E-05,1.83E-01
1502,-1.39E-03,5.91E-12,3.61E-04,1.79E-01
1503,-1.36E-03,0.00E+00,-2.39E-04,1.85E-01
1504,-1.18E-03,0.00E+00,7.56E-04,1.28E-01
1505,-1.32E-03,0.00E+00,9.41E-04,2.34E-01
1506,-1.30E-03,0.00E+00,-3.13E-04,1.71E-01
1507,-1.29E-03,0.00E+00,9.68E-04,2.30E-01
1508,-1.58E-03,0.00E+00,-5.30E-04,1.67E-01
1509,-1.47E-03,0.00E+00,-5.48E-04,1.80E-01
1510,-1.48E-03,-3.64E-12,-6.21E-04,1.67E-01
1511,-1.60E-03,-1.82E-12,1.03E-03,2.87E-01
1512,-1.58E-03,0.00E+00,1.04E-03,2.87E-01
1513,-1.60E-03,0.00E+00,1.04E-03,2.86E-01
1514,-1.64E-03,-3.64E-12,-6.17E-04,1.39E-01
1515,-1.65E-03,0.00E+00,-5.15E-04,1.59E-01
1516,-1.54E-03,-3.64E-12,-6.43E-04,1.52E-01
1517,-1.62E-03,-1.82E-12,-7.27E-04,1.12E-01
1518,-1.40E-03,0.00E+00,3.02E-04,1.80E-01
1519,-1.42E-03,0.00E+00,6.81E-05,1.92E-01
1520,-1.58E-03,9.09E-13,-1.50E-04,2.31E-01
1521,-1.55E-03,-1.09E-11,-3.50E-04,2.05E-01
1522,-1.57E-03,0.00E+00,-1.67E-04,2.28E-01
1523,-1.50E-03,0.00E+00,-3.89E-04,2.02E-01
1524,-1.58E-03,1.46E-11,1.34E-04,2.45E-01
1525,-1.58E-03,4.55E-13,-3.77E-05,2.36E-01
1526,-1.53E-03,9.09E-13,-9.18E-05,2.19E-01
1527,-1.42E-03,0.00E+00,4.02E-05,1.91E-01
1528,-1.57E-03,-9.09E-13,-1.43E-04,2.30E-01
1529,-1.44E-03,4.55E-13,8.21E-04,2.56E-01
1530,-1.48E-03,-9.09E-13,8.90E-04,2.81E-01
1531,-1.50E-03,9.09E-13,8.73E-04,2.84E-01
1532,-1.49E-03,-2.73E-12,8.94E-04,2.85E-01
1533,-1.48E-03,9.09E-13,9.06E-04,2.84E-01
1534,-1.62E-03,-3.64E-12,8.33E-04,2.84E-01
1535,-1.63E-03,3.64E-12,9.12E-04,2.87E-01
1536,-1.34E-03,0.00E+00,9.70E-04,2.44E-01
1537,-1.45E-03,-3.64E-12,1.03E-03,2.90E-01
1538,-1.59E-03,1.82E-12,3.59E-04,2.66E-01
1539,-1.45E-03,4.55E-13,3.55E-04,2.03E-01
1540,-1.58E-03,0.00E+00,3.85E-04,2.66E-01
1541,-1.57E-03,0.00E+00,7.54E-04,2.87E-01
1542,-1.40E-03,-3.64E-12,-3.38E-04,1.92E-01
1543,-1.35E-03,0.00E+00,-5.15E-04,1.78E-01
1544,-1.34E-03,-1.82E-12,-5.78E-04,1.71E-01
1545,-1.41E-03,0.00E+00,7.27E-04,2.29E-01
1546,-1.54E-03,3.64E-12,6.85E-04,2.73E-01
1547,-1.40E-03,0.00E+00,7.03E-04,2.24E-01
1548,-1.44E-03,0.00E+00,3.04E-04,1.95E-01
1549,-1.58E-03,0.00E+00,1.52E-04,2.46E-01
1550,-1.58E-03,-2.73E-12,-1.36E-04,2.32E-01
1551,-1.61E-03,1.82E-12,-4.38E-04,1.79E-01
1552,-1.51E-03,0.00E+00,5.53E-04,2.57E-01
1553,-1.40E-03,-9.09E-13,3.69E-04,1.85E-01
1554,-1.39E-03,5.91E-12,3.53E-04,1.81E-01
1555,-1.42E-03,-3.64E-12,5.71E-04,2.13E-01
1556,-1.40E-03,-4.55E-13,3.47E-04,1.82E-01
1557,-1.19E-03,0.00E+00,1.71E-03,0.00E+00
1558,-1.26E-03,0.00E+00,1.67E-03,0.00E+00
1559,-1.24E-03,-7.28E-12,1.65E-03,6.69E-02
1560,-1.18E-03,3.64E-12,1.69E-03,6.66E-02
1561,-1.12E-03,-3.64E-12,1.77E-03,0.00E+00
1562,-1.10E-03,0.00E+00,1.74E-03,6.54E-02
1563,-1.23E-03,0.00E+00,1.62E-03,1.33E-01
1564,-1.16E-03,0.00E+00,1.67E-03,1.32E-01
1565,-1.30E-03,0.00E+00,1.56E-03,1.34E-01
1566,-1.32E-03,0.00E+00,1.59E-03,6.70E-02
1567,-1.09E-03,0.00E+00,1.72E-03,1.28E-01
1568,-1.20E-03,0.00E+00,1.59E-03,1.92E-01
1569,-1.14E-03,0.00E+00,1.64E-03,1.89E-01
1570,-1.28E-03,-3.64E-12,1.54E-03,1.95E-01
1571,-1.07E-03,0.00E+00,1.69E-03,1.82E-01
1572,-1.18E-03,0.00E+00,1.56E-03,2.36E-01
1573,-1.12E-03,0.00E+00,1.61E-03,2.30E-01
1574,-1.25E-03,3.64E-12,1.50E-03,2.42E-01
1575,-1.04E-03,-3.64E-12,1.65E-03,2.20E-01
1576,-1.31E-03,9.09E-13,1.39E-03,2.77E-01
1577,-1.22E-03,0.00E+00,1.47E-03,2.67E-01
1578,-1.35E-03,-1.82E-12,1.42E-03,2.45E-01
1579,-1.15E-03,0.00E+00,1.52E-03,2.57E-01
1580,-1.09E-03,0.00E+00,1.57E-03,2.47E-01
1581,-1.35E-03,5.46E-12,1.15E-03,2.80E-01
1582,-1.32E-03,0.00E+00,1.13E-03,2.66E-01
1583,-1.33E-03,0.00E+00,1.05E-03,2.58E-01
1584,-1.22E-03,-3.64E-12,1.38E-03,2.63E-01
1585,-1.08E-03,0.00E+00,1.41E-03,2.42E-01
1586,-1.17E-03,3.64E-12,1.33E-03,2.53E-01
1587,-1.16E-03,0.00E+00,1.42E-03,2.55E-01
1588,-1.04E-03,0.00E+00,1.45E-03,2.34E-01
1589,-1.03E-03,0.00E+00,1.40E-03,2.24E-01
1590,-1.08E-03,0.00E+00,1.47E-03,2.44E-01
1591,-1.32E-03,9.09E-13,1.18E-03,2.73E-01
1592,-1.22E-03,0.00E+00,1.27E-03,2.61E-01
1593,-1.34E-03,-9.09E-13,1.28E-03,2.79E-01
1594,-1.32E-03,-9.09E-13,1.35E-03,2.77E-01
1595,-1.21E-03,-3.64E-12,1.17E-03,2.39E-01
1596,-1.13E-03,0.00E+00,1.23E-03,2.26E-01
1597,-1.08E-03,-3.64E-12,1.32E-03,2.26E-01
1598,-1.47E-03,-1.82E-12,1.49E-03,0.00E+00
1599,-1.57E-03,0.00E+00,1.38E-03,0.00E+00
1600,-1.45E-03,-3.64E-12,1.47E-03,6.53E-02
1601,-1.55E-03,0.00E+00,1.36E-03,6.22E-02
1602,-1.33E-03,0.00E+00,1.61E-03,0.00E+00
1603,-1.44E-03,0.00E+00,1.51E-03,0.00E+00
1604,-1.42E-03,-9.09E-13,1.50E-03,6.58E-02
1605,-1.45E-03,-2.73E-12,1.50E-03,0.00E+00
1606,-1.44E-03,-4.55E-12,1.48E-03,6.56E-02
1607,-1.53E-03,0.00E+00,1.34E-03,1.27E-01
1608,-1.43E-03,0.00E+00,1.45E-03,1.32E-01
1609,-1.40E-03,0.00E+00,1.48E-03,1.33E-01
1610,-1.42E-03,0.00E+00,1.46E-03,1.33E-01
1611,-1.50E-03,0.00E+00,1.32E-03,1.90E-01
1612,-1.40E-03,0.00E+00,1.42E-03,1.95E-01
1613,-1.38E-03,-2.73E-12,1.45E-03,1.96E-01
1614,-1.39E-03,0.00E+00,1.44E-03,1.96E-01
1615,-1.57E-03,-1.82E-12,1.24E-03,1.84E-01
1616,-1.59E-03,0.00E+00,1.26E-03,1.22E-01
1617,-1.47E-03,-7.28E-12,1.29E-03,2.44E-01
1618,-1.38E-03,0.00E+00,1.39E-03,2.46E-01
1619,-1.56E-03,0.00E+00,1.18E-03,2.36E-01
1620,-1.54E-03,1.82E-12,1.22E-03,2.39E-01
1621,-1.60E-03,0.00E+00,1.21E-03,1.81E-01
1622,-1.36E-03,0.00E+00,1.41E-03,2.46E-01
1623,-1.43E-03,-3.64E-12,1.26E-03,2.84E-01
1624,-1.34E-03,0.00E+00,1.36E-03,2.80E-01
1625,-1.53E-03,1.82E-12,1.15E-03,2.85E-01
1626,-1.50E-03,0.00E+00,1.19E-03,2.85E-01
1627,-1.33E-03,0.00E+00,1.37E-03,2.79E-01
1628,-1.38E-03,0.00E+00,1.12E-03,2.82E-01
1629,-1.38E-03,3.64E-12,1.14E-03,2.80E-01
1630,-1.58E-03,0.00E+00,1.07E-03,2.86E-01
1631,-1.50E-03,0.00E+00,1.11E-03,2.87E-01
1632,-1.37E-03,-1.82E-12,1.17E-03,2.81E-01
1633,-1.85E-03,0.00E+00,9.05E-04,4.59E-02
1634,-1.83E-03,0.00E+00,8.92E-04,9.73E-02
1635,-1.79E-03,0.00E+00,9.71E-04,1.03E-01
1636,-1.81E-03,0.00E+00,9.85E-04,4.91E-02
1637,-1.76E-03,0.00E+00,9.54E-04,1.61E-01
1638,-1.69E-03,-9.09E-13,1.08E-03,1.70E-01
1639,-1.72E-03,0.00E+00,1.10E-03,1.11E-01
1640,-1.79E-03,3.64E-12,8.76E-04,1.52E-01
1641,-1.84E-03,0.00E+00,7.79E-04,1.42E-01
1642,-1.87E-03,0.00E+00,7.93E-04,8.95E-02
1643,-1.72E-03,-3.64E-12,9.35E-04,2.17E-01
1644,-1.65E-03,0.00E+00,1.05E-03,2.27E-01
1645,-1.76E-03,-3.64E-12,8.58E-04,2.07E-01
1646,-1.80E-03,0.00E+00,7.63E-04,1.95E-01
1647,-1.68E-03,7.28E-12,9.12E-04,2.81E-01
1648,-1.61E-03,-9.09E-13,1.03E-03,2.85E-01
1649,-1.80E-03,-1.82E-12,6.54E-04,2.49E-01
1650,-1.80E-03,0.00E+00,6.33E-04,2.46E-01
1651,-1.84E-03,0.00E+00,6.70E-04,1.85E-01
1652,-1.85E-03,0.00E+00,6.49E-04,1.82E-01
1653,-1.72E-03,-3.64E-12,8.37E-04,2.73E-01
1654,-1.64E-03,0.00E+00,1.07E-03,2.28E-01
1655,-1.76E-03,3.64E-12,7.45E-04,2.58E-01
1656,-1.79E-03,0.00E+00,-6.68E-04,9.03E-02
1657,-1.81E-03,0.00E+00,-6.06E-04,9.89E-02
1658,-1.86E-03,-3.64E-12,-6.21E-04,5.46E-02
1659,-1.77E-03,1.82E-12,6.27E-04,2.56E-01
1660,-1.82E-03,0.00E+00,5.77E-04,2.41E-01
1661,-1.72E-03,1.82E-12,-6.10E-04,1.22E-01
1662,-1.75E-03,-3.64E-12,-2.15E-04,1.86E-01
1663,-1.84E-03,1.82E-12,-1.72E-04,1.63E-01
1664,-1.84E-03,0.00E+00,-2.76E-04,1.47E-01
1665,-1.83E-03,-5.46E-12,5.50E-04,2.38E-01
1666,-1.82E-03,0.00E+00,5.39E-04,2.43E-01
1667,-1.84E-03,0.00E+00,5.04E-04,2.34E-01
1668,-1.62E-03,1.82E-12,3.77E-04,2.68E-01
1669,-1.61E-03,9.09E-13,3.51E-04,2.66E-01
1670,-1.60E-03,-9.09E-13,3.69E-04,2.68E-01
1671,-1.68E-03,0.00E+00,-3.91E-04,1.72E-01
1672,-1.66E-03,1.82E-12,-4.62E-04,1.65E-01
1673,-1.83E-03,0.00E+00,-4.54E-04,1.20E-01
1674,-1.82E-03,3.64E-12,-3.93E-04,1.36E-01
1675,-1.74E-03,0.00E+00,2.53E-04,2.56E-01
1676,-1.77E-03,2.27E-12,1.76E-05,2.24E-01
1677,-1.61E-03,0.00E+00,1.58E-04,2.46E-01
1678,-1.75E-03,0.00E+00,2.58E-05,2.25E-01
1679,-1.77E-03,2.50E-12,1.14E-05,2.23E-01
1680,-1.77E-03,0.00E+00,8.21E-06,2.22E-01
1681,-1.77E-03,0.00E+00,1.12E-05,2.22E-01
1682,-1.88E-03,-1.82E-12,-3.02E-04,1.27E-01
1683,-1.86E-03,-3.64E-12,-4.40E-04,1.15E-01
1684,-1.88E-03,1.82E-12,2.15E-04,2.07E-01
1685,-1.89E-03,0.00E+00,1.98E-04,2.01E-01
1686,-1.84E-03,0.00E+00,3.67E-04,2.30E-01
1687,-1.87E-03,1.82E-12,3.92E-04,2.24E-01
1688,-1.89E-03,0.00E+00,2.69E-04,2.07E-01
1689,-1.69E-03,0.00E+00,-4.86E-04,1.52E-01
1690,-1.75E-03,0.00E+00,-2.83E-04,1.74E-01
1691,-1.63E-03,-3.64E-12,6.61E-04,2.83E-01
1692,-1.60E-03,-3.64E-12,5.97E-04,2.69E-01
1693,-1.69E-03,0.00E+00,6.44E-04,2.82E-01
1694,-1.91E-03,-3.64E-12,3.77E-05,1.76E-01
1695,-1.91E-03,-3.64E-12,-7.28E-05,1.58E-01
1696,-1.77E-03,-1.14E-12,3.95E-06,2.19E-01
1697,-1.59E-03,0.00E+00,1.39E-04,2.46E-01
1698,-1.62E-03,4.55E-13,4.49E-04,2.77E-01
1699,-1.86E-03,5.46E-12,4.18E-04,2.28E-01
1700,-1.83E-03,0.00E+00,4.07E-04,2.38E-01
1701,-1.85E-03,-1.82E-12,-4.76E-04,1.12E-01
1702,-1.70E-03,0.00E+00,-2.64E-04,1.90E-01
1703,-1.90E-03,0.00E+00,-1.31E-04,1.49E-01
1704,-1.89E-03,0.00E+00,-2.64E-04,1.33E-01
1705,-1.65E-03,-9.09E-13,-7.17E-04,1.06E-01
1706,-1.59E-03,-2.73E-12,-1.40E-04,2.29E-01
1707,-1.76E-03,-2.27E-13,9.63E-06,2.23E-01
1708,-1.72E-03,0.00E+00,6.94E-04,2.76E-01
1709,-1.73E-03,0.00E+00,4.59E-04,2.71E-01
1710,-1.74E-03,-3.64E-12,3.49E-04,2.65E-01
1711,-1.90E-03,2.73E-12,1.89E-04,1.96E-01
1712,-1.90E-03,0.00E+00,2.08E-04,1.99E-01
1713,-1.65E-03,0.00E+00,4.97E-04,2.82E-01
1714,-1.63E-03,-9.09E-13,5.03E-04,2.83E-01
1715,-1.64E-03,-9.09E-13,5.26E-04,2.83E-01
1716,-1.64E-03,1.82E-12,7.18E-04,2.85E-01
1717,-1.62E-03,-9.09E-13,5.08E-04,2.80E-01
1718,-1.71E-03,0.00E+00,5.52E-04,2.75E-01
1719,-1.63E-03,-9.09E-13,4.94E-04,2.83E-01
1720,-2.07E-03,0.00E+00,3.02E-04,0.00E+00
1721,-2.08E-03,-1.82E-12,2.28E-04,0.00E+00
1722,-2.04E-03,0.00E+00,2.97E-04,2.71E-02
1723,-2.05E-03,6.37E-12,2.25E-04,2.49E-02
1724,-2.00E-03,0.00E+00,6.02E-04,0.00E+00
1725,-2.02E-03,-9.09E-13,5.48E-04,0.00E+00
1726,-1.98E-03,0.00E+00,5.95E-04,3.52E-02
1727,-1.99E-03,0.00E+00,5.42E-04,3.39E-02
1728,-2.04E-03,-3.64E-12,4.30E-04,0.00E+00
1729,-2.02E-03,1.82E-12,4.24E-04,3.07E-02
1730,-2.08E-03,4.55E-12,2.05E-04,0.00E+00
1731,-2.05E-03,0.00E+00,2.03E-04,2.43E-02
1732,-2.04E-03,-1.82E-12,4.58E-04,0.00E+00
1733,-2.01E-03,0.00E+00,4.52E-04,3.16E-02
1734,-1.97E-03,-1.82E-12,6.92E-04,0.00E+00
1735,-1.96E-03,1.82E-12,7.13E-04,0.00E+00
1736,-1.95E-03,1.82E-12,6.84E-04,3.75E-02
1737,-1.94E-03,-3.64E-12,7.05E-04,3.83E-02
1738,-1.87E-03,-3.64E-12,9.16E-04,0.00E+00
1739,-1.83E-03,3.64E-12,9.97E-04,0.00E+00
1740,-1.92E-03,-7.28E-12,8.14E-04,0.00E+00
1741,-1.90E-03,-7.28E-12,8.04E-04,4.19E-02
1742,-1.99E-03,9.09E-13,6.35E-04,0.00E+00
1743,-1.97E-03,0.00E+00,6.27E-04,3.60E-02
1744,-2.09E-03,0.00E+00,4.12E-05,0.00E+00
1745,-2.06E-03,3.64E-12,4.07E-05,2.02E-02
1746,-2.08E-03,0.00E+00,-1.43E-04,0.00E+00
1747,-2.09E-03,0.00E+00,-8.08E-05,0.00E+00
1748,-2.06E-03,0.00E+00,-1.42E-04,1.63E-02
1749,-2.06E-03,3.64E-12,-7.97E-05,1.77E-02
1750,-2.02E-03,1.82E-12,-5.20E-04,0.00E+00
1751,-2.03E-03,-5.46E-12,-4.82E-04,0.00E+00
1752,-2.01E-03,5.46E-12,-4.76E-04,1.06E-02
1753,-2.00E-03,-1.82E-12,-5.14E-04,1.00E-02
1754,-2.06E-03,0.00E+00,-3.30E-04,0.00E+00
1755,-2.07E-03,-3.64E-12,-2.90E-04,0.00E+00
1756,-2.04E-03,-1.82E-12,-3.26E-04,1.31E-02
1757,-2.04E-03,3.64E-12,-2.86E-04,1.38E-02
1758,-2.02E-03,-2.73E-12,2.22E-04,5.52E-02
1759,-2.01E-03,0.00E+00,2.92E-04,5.95E-02
1760,-1.95E-03,0.00E+00,5.86E-04,7.64E-02
1761,-1.96E-03,0.00E+00,5.34E-04,7.36E-02
1762,-1.99E-03,-5.46E-12,4.18E-04,6.71E-02
1763,-2.02E-03,3.64E-12,2.00E-04,5.39E-02
1764,-1.98E-03,-5.46E-12,4.46E-04,6.89E-02
1765,-1.91E-03,-1.82E-12,6.95E-04,8.26E-02
1766,-1.92E-03,0.00E+00,6.74E-04,8.10E-02
1767,-1.94E-03,-9.09E-13,6.17E-04,7.80E-02
1768,-2.03E-03,0.00E+00,4.02E-05,4.53E-02
1769,-2.03E-03,0.00E+00,-7.84E-05,4.00E-02
1770,-2.03E-03,-3.64E-12,-1.40E-04,3.71E-02
1771,-1.98E-03,5.46E-12,-4.69E-04,2.46E-02
1772,-1.97E-03,1.82E-12,-5.06E-04,2.34E-02
1773,-2.01E-03,1.82E-12,-3.21E-04,3.01E-02
1774,-2.01E-03,7.28E-12,-2.82E-04,3.15E-02
1775,-1.99E-03,-9.09E-13,2.18E-04,9.14E-02
1776,-1.98E-03,0.00E+00,2.85E-04,9.77E-02
1777,-1.93E-03,-9.09E-13,5.26E-04,1.19E-01
1778,-1.92E-03,-5.46E-12,5.76E-04,1.23E-01
1779,-1.96E-03,1.82E-12,4.11E-04,1.09E-01
1780,-1.99E-03,0.00E+00,1.97E-04,8.95E-02
1781,-1.95E-03,1.82E-12,4.38E-04,1.12E-01
1782,-1.88E-03,-1.82E-12,6.83E-04,1.32E-01
1783,-1.89E-03,-5.46E-12,6.62E-04,1.30E-01
1784,-1.91E-03,-9.09E-13,6.06E-04,1.26E-01
1785,-2.00E-03,0.00E+00,3.95E-05,7.64E-02
1786,-2.00E-03,0.00E+00,-7.68E-05,6.80E-02
1787,-1.99E-03,-7.28E-12,-1.37E-04,6.34E-02
1788,-1.94E-03,1.82E-12,-4.61E-04,4.34E-02
1789,-1.94E-03,5.46E-12,-4.98E-04,4.14E-02
1790,-1.98E-03,0.00E+00,-2.77E-04,5.45E-02
1791,-1.97E-03,3.64E-12,-3.16E-04,5.21E-02
1792,-1.89E-03,-3.64E-12,-6.35E-04,3.42E-02
1793,-1.95E-03,-9.09E-13,2.14E-04,1.34E-01
1794,-1.94E-03,9.09E-13,2.78E-04,1.41E-01
1795,-1.89E-03,0.00E+00,5.16E-04,1.69E-01
1796,-1.88E-03,-2.73E-12,5.64E-04,1.74E-01
1797,-1.92E-03,1.82E-12,4.02E-04,1.57E-01
1798,-1.95E-03,9.09E-13,1.93E-04,1.31E-01
1799,-1.91E-03,0.00E+00,4.29E-04,1.60E-01
1800,-1.87E-03,0.00E+00,5.92E-04,1.77E-01
1801,-1.95E-03,0.00E+00,3.87E-05,1.14E-01
1802,-1.95E-03,0.00E+00,-7.50E-05,1.02E-01
1803,-1.95E-03,0.00E+00,-1.34E-04,9.62E-02
1804,-1.90E-03,1.82E-12,-4.51E-04,6.79E-02
1805,-1.90E-03,-3.64E-12,-4.88E-04,6.50E-02
1806,-1.94E-03,-1.82E-12,-2.71E-04,8.37E-02
1807,-1.93E-03,5.46E-12,-3.09E-04,8.03E-02
1808,-1.64E-03,-1.82E-12,1.30E-03,0.00E+00
1809,-1.67E-03,3.64E-12,1.26E-03,0.00E+00
1810,-1.62E-03,0.00E+00,1.28E-03,5.90E-02
1811,-1.65E-03,0.00E+00,1.24E-03,5.75E-02
1812,-1.73E-03,-9.09E-13,1.17E-03,0.00E+00
1813,-1.71E-03,0.00E+00,1.16E-03,5.44E-02
1814,-1.76E-03,9.09E-13,1.12E-03,0.00E+00
1815,-1.74E-03,5.46E-12,1.11E-03,5.29E-02
1816,-1.75E-03,9.09E-13,1.14E-03,0.00E+00
1817,-1.73E-03,5.46E-12,1.12E-03,5.33E-02
1818,-1.62E-03,0.00E+00,1.23E-03,1.19E-01
1819,-1.69E-03,0.00E+00,1.14E-03,1.13E-01
1820,-1.71E-03,-2.73E-12,1.11E-03,1.11E-01
1821,-1.66E-03,-9.09E-13,1.12E-03,1.74E-01
1822,-1.68E-03,0.00E+00,1.09E-03,1.72E-01
1823,-1.62E-03,1.82E-12,1.10E-03,2.30E-01
1824,2.31E-03,0.00E+00,-6.25E-05,0.00E+00
1825,2.28E-03,0.00E+00,-1.13E-04,0.00E+00
1826,2.21E-03,6.82E-13,2.64E-05,8.45E-02
1827,2.20E-03,-1.14E-12,5.60E-05,1.01E-01
1828,2.19E-03,0.00E+00,5.40E-05,1.01E-01
1829,2.20E-03,-1.14E-12,5.26E-05,9.91E-02
1830,2.19E-03,0.00E+00,5.03E-05,1.01E-01
1831,2.47E-03,3.64E-12,7.92E-04,2.21E-02
1832,2.45E-03,0.00E+00,7.12E-04,3.07E-02
1833,2.61E-03,0.00E+00,6.73E-04,2.92E-03
1834,2.62E-03,0.00E+00,6.90E-04,1.17E-03
1835,2.41E-03,3.64E-12,5.55E-04,4.22E-02
1836,2.44E-03,0.00E+00,6.47E-04,3.16E-02
1837,2.29E-03,0.00E+00,5.78E-04,8.59E-02
1838,2.29E-03,7.28E-12,6.02E-04,8.59E-02
1839,2.38E-03,0.00E+00,4.45E-04,5.28E-02
1840,2.52E-03,0.00E+00,3.05E-04,0.00E+00
1841,2.51E-03,-1.82E-12,2.92E-04,0.00E+00
1842,2.51E-03,-1.82E-12,3.08E-04,2.79E-03
1843,2.32E-03,0.00E+00,2.33E-04,5.86E-02
1844,2.33E-03,0.00E+00,2.62E-04,5.45E-02
1845,2.27E-03,1.82E-12,3.05E-04,8.51E-02
1846,2.30E-03,0.00E+00,7.61E-04,6.85E-02
1847,2.32E-03,5.46E-12,8.12E-04,6.28E-02
1848,2.41E-03,-1.82E-12,9.90E-04,1.97E-02
1849,2.42E-03,0.00E+00,9.60E-04,2.10E-02
1850,2.43E-03,-1.82E-12,9.81E-04,1.84E-02
1851,2.33E-03,0.00E+00,1.96E-04,4.74E-02
1852,2.35E-03,0.00E+00,2.20E-04,4.54E-02
1853,2.37E-03,0.00E+00,3.07E-05,0.00E+00
1854,2.26E-03,0.00E+00,6.59E-04,8.86E-02
1855,2.30E-03,0.00E+00,6.26E-04,8.06E-02
1856,2.45E-03,0.00E+00,1.78E-04,0.00E+00
1857,2.61E-03,0.00E+00,9.84E-04,0.00E+00
1858,2.63E-03,0.00E+00,9.08E-04,0.00E+00
1859,2.52E-03,-9.09E-13,9.35E-04,1.08E-02
1860,2.44E-03,-1.82E-12,9.42E-04,1.91E-02
1861,2.57E-03,0.00E+00,1.10E-03,0.00E+00
1862,2.63E-03,0.00E+00,6.68E-04,0.00E+00
1863,2.58E-03,-7.28E-12,4.92E-04,0.00E+00
1864,2.54E-03,0.00E+00,5.31E-04,1.02E-02
1865,2.63E-03,0.00E+00,6.79E-04,0.00E+00
1866,2.27E-03,0.00E+00,5.96E-04,9.19E-02
1867,2.57E-03,-3.64E-12,4.49E-04,0.00E+00
1868,2.53E-03,0.00E+00,4.63E-04,1.17E-02
1869,2.59E-03,-3.64E-12,8.70E-04,6.91E-03
1870,2.63E-03,-4.55E-13,7.45E-04,0.00E+00
1871,2.27E-03,3.64E-12,8.17E-04,7.50E-02
1872,2.24E-03,3.64E-12,4.18E-04,1.09E-01
1873,2.18E-03,0.00E+00,3.97E-04,1.25E-01
1874,2.18E-03,1.09E-11,4.29E-04,1.25E-01
1875,2.24E-03,1.09E-11,7.96E-04,8.70E-02
1876,2.39E-03,0.00E+00,6.03E-05,0.00E+00
1877,2.38E-03,0.00E+00,9.84E-04,3.16E-02
1878,2.22E-03,0.00E+00,8.74E-04,8.52E-02
1879,2.17E-03,0.00E+00,1.07E-03,7.51E-02
1880,2.63E-03,-3.64E-12,8.88E-04,0.00E+00
1881,2.01E-03,0.00E+00,-5.49E-04,0.00E+00
1882,2.04E-03,0.00E+00,-4.37E-04,0.00E+00
1883,2.04E-03,1.82E-12,-4.36E-04,4.82E-03
1884,1.99E-03,-3.64E-12,-5.42E-04,2.72E-02
1885,1.95E-03,-3.64E-12,1.14E-04,1.65E-01
1886,2.12E-03,-4.55E-13,2.01E-04,1.45E-01
1887,2.01E-03,0.00E+00,6.44E-05,1.58E-01
1888,1.90E-03,-3.64E-12,-4.65E-04,8.52E-02
1889,2.25E-03,0.00E+00,-1.11E-04,1.55E-02
1890,1.88E-03,0.00E+00,-3.47E-04,1.28E-01
1891,1.96E-03,0.00E+00,-2.56E-04,1.23E-01
1892,2.03E-03,3.64E-12,-3.92E-04,1.70E-02
1893,2.17E-03,-9.09E-13,2.15E-04,1.25E-01
1894,2.13E-03,0.00E+00,2.09E-04,1.42E-01
1895,2.13E-03,0.00E+00,2.15E-04,1.43E-01
1896,2.10E-03,0.00E+00,-8.72E-05,1.06E-01
1897,2.04E-03,3.64E-12,-1.64E-04,1.11E-01
1898,2.08E-03,3.64E-12,-2.55E-04,5.74E-02
1899,2.13E-03,0.00E+00,-1.78E-04,5.81E-02
1900,1.92E-03,0.00E+00,-1.77E-05,1.67E-01
1901,1.96E-03,0.00E+00,-8.18E-05,1.50E-01
1902,1.85E-03,3.64E-12,-1.05E-04,1.74E-01
1903,2.06E-03,0.00E+00,-2.65E-05,1.36E-01
1904,2.18E-03,0.00E+00,9.24E-05,1.11E-01
1905,2.07E-03,-1.82E-12,-3.86E-04,0.00E+00
1906,2.17E-03,0.00E+00,-2.61E-04,0.00E+00
1907,2.26E-03,0.00E+00,-1.32E-04,0.00E+00
1908,2.05E-03,0.00E+00,6.07E-04,1.51E-01
1909,2.17E-03,0.00E+00,7.54E-04,1.08E-01
1910,2.05E-03,3.64E-12,-4.11E-04,0.00E+00
1911,2.12E-03,1.82E-12,3.93E-04,1.41E-01
1912,2.11E-03,-4.55E-13,2.22E-04,1.47E-01
1913,1.98E-03,-3.64E-12,3.42E-04,1.69E-01
1914,2.18E-03,0.00E+00,8.17E-04,1.08E-01
1915,1.98E-03,3.64E-12,4.84E-04,1.70E-01
1916,1.91E-03,3.64E-12,-1.38E-04,1.56E-01
1917,1.98E-03,7.28E-12,6.60E-04,1.72E-01
1918,1.93E-03,-7.28E-12,2.77E-04,1.73E-01
1919,1.97E-03,0.00E+00,8.18E-04,1.76E-01
1920,2.19E-03,-9.09E-13,5.33E-05,1.02E-01
1921,1.98E-03,0.00E+00,9.30E-04,1.70E-01
1922,2.04E-03,0.00E+00,1.03E-03,1.31E-01
1923,1.89E-03,0.00E+00,1.03E-03,1.86E-01
1924,2.27E-03,3.64E-12,1.25E-03,1.39E-02
1925,2.28E-03,0.00E+00,1.26E-03,1.28E-02
1926,2.27E-03,3.64E-12,1.25E-03,1.37E-02
1927,2.27E-03,-4.55E-13,1.25E-03,1.50E-02
1928,2.28E-03,4.55E-13,1.24E-03,1.36E-02
1929,2.27E-03,0.00E+00,1.24E-03,1.49E-02
1930,2.30E-03,0.00E+00,1.10E-03,3.07E-02
1931,2.53E-03,-1.82E-12,1.16E-03,0.00E+00
1932,2.46E-03,0.00E+00,1.27E-03,0.00E+00
1933,2.44E-03,3.64E-12,1.23E-03,2.16E-03
1934,2.53E-03,-3.64E-12,1.11E-03,3.01E-03
1935,2.37E-03,3.64E-12,1.14E-03,9.54E-03
1936,2.40E-03,1.82E-12,1.33E-03,0.00E+00
1937,2.28E-03,0.00E+00,1.25E-03,1.35E-02
1938,2.34E-03,0.00E+00,1.39E-03,0.00E+00
1939,2.25E-03,1.82E-12,1.45E-03,0.00E+00
1940,2.19E-03,0.00E+00,1.49E-03,0.00E+00
1941,2.17E-03,0.00E+00,1.45E-03,1.01E-02
1942,2.15E-03,0.00E+00,1.52E-03,0.00E+00
1943,2.05E-03,0.00E+00,1.57E-03,0.00E+00
1944,2.08E-03,0.00E+00,1.48E-03,1.51E-02
1945,2.11E-03,0.00E+00,1.20E-03,6.44E-02
1946,2.08E-03,3.64E-12,1.37E-03,3.40E-02
1947,1.99E-03,0.00E+00,1.28E-03,9.65E-02
1948,1.96E-03,0.00E+00,1.61E-03,0.00E+00
1949,1.97E-03,0.00E+00,1.52E-03,2.29E-02
1950,1.93E-03,3.64E-12,1.32E-03,9.76E-02
1951,1.92E-03,1.09E-11,1.25E-03,1.32E-01
1952,1.89E-03,0.00E+00,1.45E-03,5.71E-02
1953,2.02E-03,-3.64E-12,1.42E-03,3.73E-02
1954,1.94E-03,-3.64E-12,1.16E-03,1.39E-01
1955,1.98E-03,0.00E+00,-6.77E-04,0.00E+00
1956,1.95E-03,0.00E+00,-6.68E-04,1.58E-02
1957,1.93E-03,1.82E-12,-6.59E-04,3.13E-02
1958,1.65E-03,1.82E-12,-5.37E-04,1.40E-01
1959,1.60E-03,1.82E-12,-5.22E-04,1.52E-01
1960,1.62E-03,0.00E+00,-4.88E-04,1.55E-01
1961,1.79E-03,0.00E+00,-5.68E-04,1.02E-01
1962,1.81E-03,3.64E-12,-4.71E-04,1.21E-01
1963,1.87E-03,-3.64E-12,-5.47E-04,7.47E-02
1964,1.77E-03,7.28E-12,7.20E-04,1.85E-01
1965,1.91E-03,0.00E+00,5.86E-04,1.72E-01
1966,1.72E-03,-7.28E-12,6.37E-04,1.82E-01
1967,1.66E-03,7.28E-12,-1.59E-04,1.69E-01
1968,1.78E-03,0.00E+00,-7.04E-05,1.71E-01
1969,1.77E-03,0.00E+00,-2.04E-04,1.74E-01
1970,1.62E-03,0.00E+00,-4.98E-05,1.69E-01
1971,1.82E-03,3.64E-12,1.83E-05,1.73E-01
1972,1.88E-03,0.00E+00,-2.07E-04,1.48E-01
1973,1.89E-03,-3.64E-12,3.71E-04,1.73E-01
1974,1.61E-03,0.00E+00,-5.51E-04,1.46E-01
1975,1.43E-03,0.00E+00,3.96E-04,1.28E-01
1976,1.56E-03,0.00E+00,4.58E-04,1.45E-01
1977,1.40E-03,3.64E-12,5.97E-04,1.18E-01
1978,1.79E-03,0.00E+00,-3.55E-04,1.48E-01
1979,1.57E-03,0.00E+00,9.46E-04,2.08E-01
1980,1.65E-03,-5.46E-12,1.20E-03,2.11E-01
1981,1.76E-03,0.00E+00,9.97E-04,2.04E-01
1982,1.73E-03,0.00E+00,1.21E-03,2.09E-01
1983,1.79E-03,0.00E+00,1.08E-03,2.09E-01
1984,1.64E-03,0.00E+00,3.80E-04,1.54E-01
1985,1.55E-03,0.00E+00,2.92E-04,1.48E-01
1986,1.83E-03,0.00E+00,8.57E-04,1.75E-01
1987,1.67E-03,0.00E+00,7.88E-04,1.97E-01
1988,1.80E-03,0.00E+00,1.51E-04,1.74E-01
1989,1.75E-03,0.00E+00,2.38E-04,1.73E-01
1990,1.50E-03,-3.64E-12,6.99E-04,1.42E-01
1991,1.70E-03,0.00E+00,1.79E-04,1.70E-01
1992,1.77E-03,0.00E+00,4.55E-04,1.75E-01
1993,1.72E-03,1.09E-11,9.43E-05,1.72E-01
1994,1.83E-03,0.00E+00,1.06E-03,2.01E-01
1995,1.64E-03,7.28E-12,-2.94E-04,1.69E-01
1996,1.38E-03,0.00E+00,7.55E-05,1.34E-01
1997,1.14E-03,0.00E+00,2.92E-04,8.05E-02
1998,1.35E-03,7.28E-12,-1.56E-05,1.35E-01
1999,1.43E-03,0.00E+00,-5.90E-06,1.44E-01
2000,1.42E-03,0.00E+00,-7.39E-05,1.44E-01
2001,1.36E-03,3.64E-12,-3.68E-04,1.45E-01
2002,1.43E-03,0.00E+00,-3.80E-04,1.53E-01
2003,1.39E-03,-7.28E-12,-4.22E-04,1.48E-01
2004,1.18E-03,1.82E-12,3.97E-04,7.33E-02
2005,1.07E-03,0.00E+00,3.57E-04,6.93E-02
2006,1.59E-03,3.64E-12,-5.38E-04,1.50E-01
2007,1.35E-03,-3.64E-12,2.68E-05,1.32E-01
2008,1.57E-03,3.64E-12,-5.64E-04,1.48E-01
2009,1.38E-03,3.64E-12,9.78E-04,1.62E-01
2010,1.44E-03,0.00E+00,7.98E-04,1.43E-01
2011,1.25E-03,0.00E+00,8.76E-04,1.02E-01
2012,1.37E-03,3.64E-12,6.93E-04,1.10E-01
2013,1.52E-03,0.00E+00,-4.89E-04,1.50E-01
2014,1.49E-03,1.82E-12,6.16E-05,1.46E-01
2015,1.36E-03,0.00E+00,-4.90E-04,1.43E-01
2016,1.55E-03,0.00E+00,-1.26E-04,1.63E-01
2017,1.31E-03,-7.28E-12,-3.95E-04,1.37E-01
2018,1.11E-03,3.64E-12,2.73E-04,8.10E-02
2019,1.47E-03,0.00E+00,1.09E-03,2.25E-01
2020,1.24E-03,0.00E+00,9.62E-04,1.28E-01
2021,1.09E-03,5.46E-12,2.88E-04,7.83E-02
2022,1.53E-03,0.00E+00,-2.75E-04,1.63E-01
2023,1.86E-03,0.00E+00,1.65E-03,0.00E+00
2024,1.89E-03,3.64E-12,1.57E-03,2.46E-02
2025,1.62E-03,9.09E-13,1.56E-03,1.10E-01
2026,1.74E-03,0.00E+00,1.55E-03,7.86E-02
2027,1.60E-03,0.00E+00,1.60E-03,9.71E-02
2028,1.73E-03,3.64E-12,1.69E-03,0.00E+00
2029,1.76E-03,3.64E-12,1.50E-03,9.67E-02
2030,1.72E-03,5.46E-12,1.31E-03,1.83E-01
2031,1.72E-03,-3.64E-12,1.52E-03,1.00E-01
2032,1.78E-03,-3.64E-12,1.26E-03,1.80E-01
2033,1.70E-03,0.00E+00,1.26E-03,2.04E-01
2034,1.64E-03,0.00E+00,1.72E-03,0.00E+00
2035,1.72E-03,3.64E-12,1.49E-03,1.19E-01
2036,1.68E-03,0.00E+00,1.28E-03,2.08E-01
2037,1.83E-03,0.00E+00,1.11E-03,1.91E-01
2038,1.68E-03,5.46E-12,1.25E-03,2.15E-01
2039,1.32E-03,-7.28E-12,1.19E-03,2.24E-01
2040,1.24E-03,-3.64E-12,1.06E-03,1.55E-01
2041,1.40E-03,0.00E+00,1.60E-03,1.73E-01
2042,1.42E-03,-1.82E-12,1.60E-03,1.68E-01
2043,1.44E-03,9.09E-13,1.67E-03,9.90E-02
2044,1.55E-03,0.00E+00,1.65E-03,6.88E-02
2045,1.58E-03,6.37E-12,1.58E-03,1.11E-01
2046,1.50E-03,0.00E+00,1.43E-03,2.37E-01
2047,1.50E-03,0.00E+00,1.76E-03,0.00E+00
2048,1.39E-03,-2.73E-12,1.64E-03,1.37E-01
2049,1.34E-03,-3.64E-12,1.79E-03,0.00E+00
2050,1.46E-03,-5.46E-12,1.77E-03,0.00E+00
2051,1.55E-03,9.09E-13,1.44E-03,2.12E-01
2052,1.40E-03,0.00E+00,1.58E-03,1.82E-01
2053,1.50E-03,-9.09E-12,1.42E-03,2.45E-01
2054,1.55E-03,-9.09E-13,1.38E-03,2.36E-01
2055,1.49E-03,0.00E+00,1.42E-03,2.48E-01
2056,1.27E-03,0.00E+00,1.41E-03,2.83E-01
2057,1.49E-03,4.55E-12,1.40E-03,2.46E-01
2058,1.64E-03,-1.82E-12,1.26E-03,2.23E-01
2059,1.44E-03,7.28E-12,1.23E-03,2.57E-01
2060,1.28E-03,9.09E-13,1.39E-03,2.80E-01
2061,1.05E-03,0.00E+00,-5.09E-04,8.60E-02
2062,9.77E-04,-5.46E-12,-5.41E-04,7.59E-02
2063,1.19E-03,-7.28E-12,-2.43E-04,1.14E-01
2064,9.69E-04,0.00E+00,-5.17E-04,7.46E-02
2065,9.56E-04,-5.46E-12,-5.41E-04,7.27E-02
2066,1.08E-03,0.00E+00,-3.13E-04,1.01E-01
2067,1.05E-03,-3.64E-12,6.42E-04,2.79E-02
2068,9.68E-04,0.00E+00,5.91E-04,4.82E-02
2069,1.05E-03,0.00E+00,1.06E-03,9.46E-02
2070,9.70E-04,0.00E+00,1.00E-03,5.43E-02
2071,9.80E-04,0.00E+00,1.08E-03,9.02E-02
2072,1.01E-03,0.00E+00,1.01E-03,6.63E-02
2073,1.03E-03,3.64E-12,9.57E-04,5.19E-02
2074,9.51E-04,0.00E+00,6.90E-04,3.30E-02
2075,1.07E-03,-1.82E-12,2.03E-04,8.04E-02
2076,1.21E-03,1.82E-12,8.83E-07,1.05E-01
2077,1.01E-03,0.00E+00,-5.65E-06,8.41E-02
2078,1.02E-03,0.00E+00,-9.07E-05,8.56E-02
2079,8.86E-04,9.09E-13,-6.07E-04,5.74E-02
2080,1.04E-03,0.00E+00,2.72E-04,7.47E-02
2081,9.11E-04,7.28E-12,5.35E-04,5.91E-02
2082,6.79E-04,-7.28E-12,2.12E-04,1.24E-01
2083,5.65E-04,0.00E+00,8.68E-04,1.63E-01
2084,6.01E-04,0.00E+00,9.84E-04,1.39E-01
2085,8.83E-04,0.00E+00,6.13E-04,6.66E-02
2086,8.52E-04,0.00E+00,1.08E-03,7.10E-02
2087,9.39E-04,-5.46E-12,-5.37E-04,6.74E-02
2088,7.07E-04,0.00E+00,-2.43E-04,9.94E-02
2089,6.87E-04,1.27E-11,-2.60E-04,1.03E-01
2090,8.37E-04,0.00E+00,-4.06E-04,6.55E-02
2091,6.86E-04,0.00E+00,1.14E-03,1.06E-01
2092,6.35E-04,0.00E+00,5.88E-04,1.37E-01
2093,6.40E-04,-7.28E-12,3.40E-04,1.39E-01
2094,5.35E-04,0.00E+00,8.25E-04,1.77E-01
2095,7.47E-04,-1.82E-12,-1.85E-04,9.34E-02
2096,6.75E-04,0.00E+00,-2.33E-04,1.08E-01
2097,9.45E-04,0.00E+00,-2.20E-05,8.04E-02
2098,6.76E-04,7.28E-12,1.06E-04,1.22E-01
2099,6.72E-04,0.00E+00,-1.92E-04,1.12E-01
2100,9.40E-04,0.00E+00,3.49E-05,7.98E-02
2101,1.03E-03,1.82E-12,1.70E-03,2.62E-01
2102,1.03E-03,5.46E-12,1.72E-03,2.37E-01
2103,1.07E-03,1.82E-12,1.74E-03,1.93E-01
2104,9.66E-04,2.27E-13,1.86E-03,0.00E+00
2105,9.58E-04,0.00E+00,1.86E-03,0.00E+00
2106,1.24E-03,3.64E-12,1.81E-03,0.00E+00
2107,1.28E-03,0.00E+00,1.74E-03,8.21E-02
2108,1.26E-03,-7.28E-12,1.63E-03,1.96E-01
2109,1.25E-03,-1.82E-12,1.40E-03,2.77E-01
2110,1.27E-03,-1.82E-12,1.43E-03,2.72E-01
2111,1.25E-03,0.00E+00,1.42E-03,2.85E-01
2112,1.04E-03,7.28E-12,1.40E-03,2.48E-01
2113,1.06E-03,-7.28E-12,1.27E-03,2.01E-01
2114,1.06E-03,0.00E+00,1.70E-03,2.56E-01
2115,1.16E-03,0.00E+00,1.58E-03,2.56E-01
2116,1.03E-03,1.82E-12,1.67E-03,2.71E-01
2117,1.05E-03,0.00E+00,1.51E-03,3.00E-01
2118,1.15E-03,0.00E+00,1.83E-03,0.00E+00
2119,1.20E-03,7.28E-12,1.21E-03,2.05E-01
2120,1.16E-03,-7.28E-12,1.79E-03,5.96E-02
2121,9.23E-04,0.00E+00,1.27E-03,1.72E-01
2122,1.18E-03,-7.28E-12,1.66E-03,2.10E-01
2123,8.22E-04,3.64E-12,1.92E-03,0.00E+00
2124,9.55E-04,2.27E-13,1.86E-03,0.00E+00
2125,9.55E-04,2.27E-13,1.86E-03,2.25E-03
2126,8.12E-04,0.00E+00,1.90E-03,1.03E-01
2127,6.31E-04,-3.64E-12,1.23E-03,1.27E-01
2128,7.37E-04,0.00E+00,1.18E-03,1.01E-01
2129,1.01E-03,5.46E-12,1.71E-03,2.65E-01
2130,9.56E-04,0.00E+00,1.86E-03,3.93E-03
2131,9.23E-04,0.00E+00,1.41E-03,2.42E-01
2132,7.63E-04,3.64E-12,1.74E-03,2.82E-01
2133,7.63E-04,0.00E+00,1.76E-03,2.52E-01
2134,7.00E-04,3.64E-12,1.49E-03,2.23E-01
2135,7.90E-04,3.64E-12,1.47E-03,2.35E-01
2136,7.28E-04,7.28E-12,1.44E-03,2.10E-01
2137,8.62E-04,0.00E+00,1.62E-03,2.83E-01
2138,7.50E-04,1.82E-12,1.68E-03,2.68E-01
2139,9.66E-04,0.00E+00,1.52E-03,2.97E-01
2140,7.73E-04,-7.28E-12,1.38E-03,1.87E-01
2141,6.18E-04,0.00E+00,1.38E-03,1.69E-01
2142,4.19E-04,7.28E-12,5.71E-04,2.65E-01
2143,6.71E-04,2.27E-13,1.98E-03,0.00E+00
2144,6.63E-04,0.00E+00,1.96E-03,8.17E-02
2145,6.67E-04,0.00E+00,1.98E-03,0.00E+00
2146,6.59E-04,0.00E+00,1.96E-03,8.12E-02
2147,6.64E-04,0.00E+00,1.98E-03,0.00E+00
2148,6.55E-04,0.00E+00,1.96E-03,8.10E-02
2149,4.98E-04,3.64E-12,2.03E-03,0.00E+00
2150,4.92E-04,0.00E+00,2.00E-03,7.02E-02
2151,6.46E-04,2.27E-13,1.93E-03,1.60E-01
2152,6.50E-04,-2.96E-12,1.93E-03,1.60E-01
2153,4.85E-04,0.00E+00,1.97E-03,1.36E-01
2154,6.54E-04,-2.96E-12,1.93E-03,1.59E-01
2155,6.45E-04,-2.73E-12,1.93E-03,1.61E-01
2156,4.77E-04,0.00E+00,1.94E-03,1.86E-01
2157,5.25E-04,-3.64E-12,1.85E-03,2.24E-01
2158,3.48E-04,-1.82E-12,1.82E-03,1.99E-01
2159,6.48E-04,-2.96E-12,1.93E-03,1.63E-01
2160,5.75E-04,0.00E+00,1.78E-03,2.57E-01
2161,7.09E-04,-1.82E-12,1.71E-03,2.67E-01
2162,5.45E-04,3.64E-12,1.67E-03,2.35E-01
2163,5.61E-04,3.64E-12,1.59E-03,2.32E-01
2164,7.31E-04,3.64E-12,1.74E-03,2.79E-01
2165,3.65E-04,3.64E-12,1.79E-03,2.13E-01
2166,3.59E-04,1.82E-12,2.06E-03,0.00E+00
2167,3.55E-04,-7.28E-12,2.03E-03,5.99E-02
2168,3.49E-04,1.82E-12,2.00E-03,1.14E-01
2169,3.43E-04,0.00E+00,1.97E-03,1.59E-01
2170,3.37E-04,0.00E+00,1.94E-03,1.77E-01
