Node Number, X [ m ], Y [ m ], Z [ m ], Wall Shear [ Pa ]
0,1.47E-03,-4.53E-04,6.71E-04,1.07E+00
1,1.47E-03,-6.11E-04,5.35E-04,1.26E+00
2,1.55E-03,-4.13E-04,4.97E-04,1.07E+00
3,1.28E-03,6.92E-05,1.09E-03,2.42E+00
4,1.15E-03,-7.46E-05,1.23E-03,3.23E+00
5,1.29E-03,-1.25E-04,1.08E-03,2.29E+00
6,1.51E-03,4.78E-04,5.78E-04,1.06E+00
7,1.41E-03,6.55E-04,6.65E-04,1.47E+00
8,1.43E-03,4.79E-04,7.56E-04,1.28E+00
9,1.59E-03,3.97E-04,4.15E-04,1.02E+00
10,1.53E-03,5.93E-04,4.17E-04,1.12E+00
11,1.64E-03,2.51E-04,2.97E-04,1.03E+00
12,1.62E-03,4.42E-04,2.19E-04,1.00E+00
13,1.62E-03,-2.99E-04,3.52E-04,1.06E+00
14,1.66E-03,-2.50E-04,1.30E-04,1.05E+00
15,1.66E-03,-1.30E-04,2.62E-04,1.12E+00
16,1.39E-03,-4.11E-04,8.45E-04,1.45E+00
17,1.37E-03,-6.03E-04,7.71E-04,1.72E+00
18,1.68E-03,-6.72E-05,8.78E-05,1.04E+00
19,1.67E-03,6.49E-05,2.43E-04,1.04E+00
20,1.20E-03,-2.67E-04,1.15E-03,2.89E+00
21,1.33E-03,-2.95E-04,9.89E-04,1.92E+00
22,1.97E-04,1.30E-03,1.07E-03,3.47E+00
23,4.16E-04,1.25E-03,1.06E-03,3.33E+00
24,3.10E-04,1.38E-03,9.31E-04,2.79E+00
25,1.96E-04,1.68E-03,-1.20E-04,1.53E+00
26,2.54E-04,1.65E-03,-3.38E-04,1.43E+00
27,5.44E-05,1.68E-03,-2.57E-04,1.82E+00
28,5.58E-05,1.22E-03,1.18E-03,3.55E+00
29,2.67E-04,1.15E-03,1.21E-03,3.58E+00
30,3.10E-04,1.67E-03,3.97E-05,1.34E+00
31,4.03E-04,1.64E-03,-1.52E-04,1.34E+00
32,-1.26E-03,7.77E-04,8.19E-04,3.09E+00
33,-1.24E-03,6.40E-04,9.55E-04,3.33E+00
34,-1.14E-03,7.93E-04,9.71E-04,3.42E+00
35,-6.51E-04,1.49E-03,-4.96E-04,1.06E+00
36,-7.49E-04,1.38E-03,-6.38E-04,6.87E-01
37,-8.27E-04,1.40E-03,-4.73E-04,9.72E-01
38,-1.36E-03,7.80E-04,6.47E-04,2.56E+00
39,-1.38E-03,6.01E-04,7.77E-04,2.84E+00
40,-1.14E-03,1.21E-03,-3.32E-04,7.83E-01
41,-1.25E-03,1.07E-03,-4.11E-04,5.93E-01
42,-1.26E-03,1.11E-03,-2.17E-04,7.31E-01
43,-9.32E-04,1.29E-03,-5.93E-04,7.04E-01
44,-9.91E-04,1.31E-03,-4.18E-04,9.21E-01
45,4.96E-04,1.37E-03,8.76E-04,2.59E+00
46,3.90E-04,1.46E-03,7.69E-04,2.12E+00
47,-1.41E-03,9.26E-04,9.03E-05,9.37E-01
48,-1.51E-03,7.56E-04,1.25E-04,1.03E+00
49,-1.44E-03,8.55E-04,2.72E-04,1.31E+00
50,-4.68E-04,1.56E-03,-4.85E-04,1.17E+00
51,-5.50E-04,1.47E-03,-6.53E-04,8.04E-01
52,-2.84E-04,1.62E-03,-4.42E-04,1.42E+00
53,-3.42E-04,1.54E-03,-6.26E-04,1.05E+00
54,7.04E-05,1.63E-03,-4.77E-04,1.42E+00
55,-1.08E-04,1.66E-03,-3.65E-04,1.62E+00
56,-1.39E-04,1.60E-03,-5.60E-04,1.30E+00
57,4.30E-04,1.53E-03,5.90E-04,1.54E+00
58,5.75E-04,1.52E-03,4.84E-04,1.09E+00
59,4.30E-04,1.59E-03,4.03E-04,1.13E+00
60,-4.66E-04,9.88E-04,1.29E-03,3.93E+00
61,-3.25E-04,9.04E-04,1.39E-03,2.72E+00
62,-2.83E-04,1.06E-03,1.29E-03,3.75E+00
63,5.52E-04,1.58E-03,2.74E-04,9.39E-01
64,3.89E-04,1.64E-03,2.17E-04,1.21E+00
65,-1.51E-03,6.92E-04,3.34E-04,1.57E+00
66,-1.41E-03,8.06E-04,4.61E-04,1.89E+00
67,-1.07E-04,1.14E-03,1.25E-03,3.55E+00
68,9.01E-05,1.05E-03,1.32E-03,3.17E+00
69,-6.49E-04,9.24E-04,1.26E-03,4.10E+00
70,-5.30E-04,8.29E-04,1.38E-03,2.88E+00
71,1.32E-03,6.67E-04,8.25E-04,1.84E+00
72,1.32E-03,5.48E-04,8.96E-04,2.02E+00
73,1.27E-03,5.27E-04,9.88E-04,2.26E+00
74,1.36E-03,4.00E-04,9.19E-04,1.74E+00
75,1.23E-03,4.36E-04,1.07E-03,2.64E+00
76,1.22E-03,-4.20E-04,1.08E-03,2.54E+00
77,1.29E-03,-5.02E-04,9.52E-04,2.18E+00
78,1.68E-03,8.80E-05,5.75E-05,9.21E-01
79,1.67E-03,2.19E-04,1.07E-04,1.00E+00
80,1.65E-03,3.50E-04,1.24E-04,9.15E-01
81,-1.47E-03,6.23E-04,5.59E-04,2.21E+00
82,-1.22E-04,9.79E-04,1.38E-03,3.05E+00
83,-9.90E-04,8.24E-04,1.10E-03,3.94E+00
84,-9.19E-04,7.15E-04,1.23E-03,3.63E+00
85,-8.25E-04,8.68E-04,1.20E-03,4.12E+00
86,5.53E-04,1.45E-03,6.87E-04,1.80E+00
87,-1.10E-03,1.18E-03,-5.17E-04,6.29E-01
88,4.94E-04,1.62E-03,6.76E-05,1.16E+00
89,-1.09E-03,6.74E-04,1.10E-03,3.58E+00
90,-1.36E-03,1.01E-03,-7.51E-05,7.65E-01
91,-1.47E-03,8.28E-04,-8.85E-05,6.65E-01
92,-7.30E-04,7.63E-04,1.32E-03,3.26E+00
93,-1.38E-03,9.36E-04,-2.79E-04,5.51E-01
94,1.57E-03,5.49E-04,2.93E-04,9.88E-01
95,1.15E-03,3.37E-04,1.19E-03,3.10E+00
96,1.31E-03,2.55E-04,1.04E-03,2.26E+00
97,1.56E-03,-5.14E-04,3.42E-04,1.10E+00
98,1.17E-03,1.58E-04,1.20E-03,3.26E+00
99,3.10E-04,-1.36E-03,9.24E-04,2.61E+00
100,4.13E-04,-1.23E-03,1.06E-03,3.17E+00
101,1.97E-04,-1.28E-03,1.06E-03,3.19E+00
102,1.62E-03,-4.28E-04,1.65E-04,9.39E-01
103,-9.91E-04,-8.03E-04,1.09E-03,3.75E+00
104,-1.09E-03,-6.52E-04,1.10E-03,3.59E+00
105,-1.14E-03,-7.72E-04,9.64E-04,3.56E+00
106,3.10E-04,-1.64E-03,3.06E-05,1.38E+00
107,4.90E-04,-1.60E-03,5.87E-05,1.24E+00
108,3.89E-04,-1.61E-03,2.08E-04,1.25E+00
109,-1.07E-04,-1.62E-03,-3.74E-04,1.68E+00
110,9.19E-05,-1.60E-03,-4.79E-04,1.47E+00
111,5.49E-05,-1.65E-03,-2.66E-04,1.80E+00
112,3.90E-04,-1.44E-03,7.61E-04,2.07E+00
113,4.96E-04,-1.34E-03,8.77E-04,2.56E+00
114,-2.84E-04,-1.58E-03,-4.51E-04,1.45E+00
115,-1.21E-04,-1.57E-03,-5.67E-04,1.34E+00
116,-1.41E-03,-7.81E-04,4.54E-04,1.93E+00
117,-1.51E-03,-6.62E-04,3.30E-04,1.57E+00
118,-1.44E-03,-8.28E-04,2.64E-04,1.39E+00
119,-1.41E-03,-8.97E-04,8.13E-05,9.84E-01
120,-1.47E-03,-8.05E-04,-1.03E-04,7.02E-01
121,-1.36E-03,-9.84E-04,-8.48E-05,7.42E-01
122,-4.67E-04,-1.53E-03,-4.96E-04,1.28E+00
123,-3.21E-04,-1.52E-03,-6.28E-04,1.09E+00
124,-1.24E-03,-6.17E-04,9.46E-04,3.37E+00
125,-1.26E-03,-7.55E-04,8.12E-04,2.91E+00
126,-4.67E-04,-9.67E-04,1.29E-03,3.45E+00
127,-5.32E-04,-8.09E-04,1.37E-03,3.09E+00
128,-6.50E-04,-9.03E-04,1.26E-03,3.86E+00
129,4.30E-04,-1.51E-03,5.82E-04,1.63E+00
130,5.60E-04,-1.42E-03,6.84E-04,1.88E+00
131,-1.14E-03,-1.18E-03,-3.43E-04,7.77E-01
132,-1.09E-03,-1.16E-03,-5.31E-04,6.37E-01
133,-9.91E-04,-1.28E-03,-4.29E-04,9.29E-01
134,-9.17E-04,-1.26E-03,-6.07E-04,7.15E-01
135,-8.26E-04,-1.37E-03,-4.84E-04,1.02E+00
136,-2.84E-04,-1.04E-03,1.29E-03,3.73E+00
137,-3.27E-04,-8.83E-04,1.39E-03,2.99E+00
138,-8.27E-04,-8.48E-04,1.19E-03,4.04E+00
139,-9.21E-04,-6.93E-04,1.22E-03,3.54E+00
140,1.96E-04,-1.65E-03,-1.29E-04,1.69E+00
141,4.14E-04,-1.61E-03,-1.51E-04,1.34E+00
142,2.62E-04,-1.12E-03,1.22E-03,3.39E+00
143,5.54E-05,-1.20E-03,1.17E-03,3.55E+00
144,-7.32E-04,-7.43E-04,1.32E-03,3.46E+00
145,-1.07E-04,-1.12E-03,1.25E-03,3.65E+00
146,-1.29E-04,-9.58E-04,1.37E-03,3.04E+00
147,2.66E-04,-1.62E-03,-3.36E-04,1.51E+00
148,7.44E-05,-1.02E-03,1.33E-03,3.26E+00
149,1.47E-03,6.58E-04,5.26E-04,1.19E+00
150,-7.57E-04,5.66E-04,-1.40E-03,1.26E+00
151,-8.08E-04,7.55E-04,-1.28E-03,2.66E-01
152,-6.26E-04,7.11E-04,-1.40E-03,1.25E+00
153,-9.15E-04,2.10E-04,-1.40E-03,1.22E+00
154,-1.01E-03,3.40E-04,-1.31E-03,3.29E-01
155,-8.55E-04,3.96E-04,-1.40E-03,1.38E+00
156,9.78E-05,-9.14E-04,-1.40E-03,1.48E+00
157,-3.76E-06,-1.05E-03,-1.31E-03,5.97E-01
158,-9.78E-05,-9.14E-04,-1.40E-03,1.46E+00
159,-9.35E-04,1.59E-05,-1.40E-03,1.11E+00
160,-1.05E-03,1.26E-04,-1.31E-03,2.33E-01
161,-2.89E-04,-8.74E-04,-1.40E-03,1.38E+00
162,-4.31E-04,-9.66E-04,-1.30E-03,3.38E-01
163,-4.68E-04,-7.94E-04,-1.40E-03,1.34E+00
164,9.15E-04,2.10E-04,-1.40E-03,7.60E-01
165,1.05E-03,1.24E-04,-1.31E-03,2.62E-01
166,9.35E-04,1.59E-05,-1.40E-03,6.70E-01
167,1.05E-03,-9.24E-05,-1.31E-03,2.12E-01
168,9.15E-04,-1.79E-04,-1.40E-03,6.96E-01
169,6.26E-04,-6.79E-04,-1.40E-03,1.04E+00
170,6.28E-04,-8.75E-04,-1.29E-03,7.01E-01
171,4.68E-04,-7.94E-04,-1.40E-03,1.21E+00
172,-1.38E-03,-9.10E-04,-2.92E-04,5.49E-01
173,-1.26E-03,-1.08E-03,-2.28E-04,7.22E-01
174,-7.28E-04,-1.36E-03,-6.55E-04,7.22E-01
175,-6.49E-04,-1.46E-03,-5.06E-04,1.17E+00
176,2.01E-04,-7.90E-05,1.67E-03,2.60E+00
177,4.95E-05,-1.60E-05,1.68E-03,1.92E+00
178,1.08E-04,-2.03E-04,1.67E-03,2.27E+00
179,4.20E-04,-9.63E-04,-1.31E-03,7.36E-01
180,2.89E-04,-8.74E-04,-1.40E-03,1.42E+00
181,-2.89E-04,9.06E-04,-1.40E-03,1.37E+00
182,-2.08E-04,1.05E-03,-1.31E-03,5.06E-01
183,-9.78E-05,9.46E-04,-1.40E-03,1.51E+00
184,1.99E-04,7.09E-05,1.67E-03,2.53E+00
185,3.31E-05,1.71E-04,1.68E-03,1.82E+00
186,-1.51E-03,-7.31E-04,1.20E-04,1.11E+00
187,6.26E-04,7.11E-04,-1.40E-03,1.12E+00
188,8.13E-04,7.41E-04,-1.28E-03,6.65E-01
189,7.57E-04,5.66E-04,-1.40E-03,1.02E+00
190,-1.38E-03,-5.79E-04,7.63E-04,2.75E+00
191,-1.36E-03,-7.57E-04,6.39E-04,2.33E+00
192,-6.26E-04,-6.79E-04,-1.40E-03,1.37E+00
193,-8.13E-04,-7.17E-04,-1.28E-03,2.73E-01
194,-7.57E-04,-5.34E-04,-1.40E-03,1.34E+00
195,-1.11E-03,4.72E-04,-1.18E-03,3.16E-01
196,-1.16E-03,2.53E-04,-1.20E-03,2.54E-01
197,1.22E-03,6.50E-04,9.72E-04,2.25E+00
198,-1.24E-03,-1.04E-03,-4.25E-04,5.89E-01
199,3.00E-04,-2.00E-04,1.64E-03,2.96E+00
200,3.44E-04,-3.53E-05,1.65E-03,3.06E+00
201,-1.40E-04,-1.17E-03,-1.19E-03,4.21E-01
202,1.27E-04,-1.19E-03,-1.17E-03,6.07E-01
203,-5.25E-04,-1.44E-03,-6.62E-04,8.79E-01
204,-1.24E-04,9.03E-05,1.68E-03,1.06E+00
205,-1.17E-04,-1.38E-04,1.67E-03,1.23E+00
206,5.52E-04,-1.56E-03,2.62E-04,9.67E-01
207,4.30E-04,-1.57E-03,3.95E-04,1.22E+00
208,3.60E-04,1.22E-04,1.64E-03,3.12E+00
209,-1.47E-03,-5.94E-04,5.47E-04,2.15E+00
210,1.19E-03,5.66E-04,1.06E-03,2.51E+00
211,1.10E-03,5.15E-04,1.17E-03,2.92E+00
212,5.78E-04,-1.50E-03,4.75E-04,1.21E+00
213,1.19E-03,1.11E-03,-4.79E-04,5.65E-01
214,1.33E-03,9.48E-04,-4.43E-04,4.98E-01
215,1.23E-03,9.98E-04,-5.95E-04,5.37E-01
216,1.18E-03,1.56E-05,-1.21E-03,2.82E-01
217,1.16E-03,2.49E-04,-1.20E-03,3.62E-01
218,2.02E-04,2.61E-04,1.66E-03,2.57E+00
219,-2.98E-04,9.74E-06,1.66E-03,2.46E-01
220,1.03E-03,1.24E-03,-5.29E-04,6.59E-01
221,1.14E-03,1.21E-03,-3.30E-04,5.94E-01
222,3.61E-04,3.00E-04,1.62E-03,3.17E+00
223,8.55E-04,3.96E-04,-1.40E-03,9.09E-01
224,1.01E-03,3.37E-04,-1.31E-03,3.70E-01
225,2.89E-04,9.06E-04,-1.40E-03,1.34E+00
226,4.26E-04,9.88E-04,-1.31E-03,7.55E-01
227,4.68E-04,8.26E-04,-1.40E-03,1.27E+00
228,1.10E-03,1.11E-03,-6.65E-04,6.10E-01
229,-8.55E-04,-3.65E-04,-1.40E-03,1.23E+00
230,-1.01E-03,-3.04E-04,-1.31E-03,2.24E-01
231,-9.15E-04,-1.79E-04,-1.40E-03,1.19E+00
232,1.28E-03,-1.01E-03,-3.89E-04,5.20E-01
233,1.13E-03,-1.14E-03,-4.85E-04,5.95E-01
234,1.22E-03,-9.90E-04,-5.77E-04,5.41E-01
235,6.42E-04,8.94E-04,-1.29E-03,7.34E-01
236,1.28E-03,-1.07E-03,-1.76E-04,5.47E-01
237,1.18E-03,-1.18E-03,-8.69E-05,5.93E-01
238,1.15E-03,-1.18E-03,-2.84E-04,5.83E-01
239,1.27E-03,-1.10E-03,-2.91E-05,5.87E-01
240,1.33E-03,-8.45E-04,-5.65E-04,4.74E-01
241,1.28E-03,1.06E-03,-3.14E-04,5.30E-01
242,1.16E-03,1.23E-03,-1.48E-04,5.73E-01
243,1.24E-03,1.13E-03,-2.05E-04,5.45E-01
244,1.25E-03,-8.83E-04,-6.90E-04,5.15E-01
245,-9.42E-04,-5.27E-04,-1.29E-03,2.39E-01
246,1.32E-03,8.71E-04,-6.05E-04,4.86E-01
247,-1.20E-03,-4.79E-04,1.08E-03,3.24E+00
248,1.24E-03,3.89E-04,-1.08E-03,3.97E-01
249,1.11E-03,4.57E-04,-1.19E-03,4.76E-01
250,4.52E-04,1.12E-03,1.19E-03,3.56E+00
251,1.41E-03,7.99E-04,-4.97E-04,4.55E-01
252,9.78E-05,9.46E-04,-1.40E-03,1.47E+00
253,2.18E-04,1.05E-03,-1.31E-03,7.22E-01
254,-1.56E-03,6.47E-04,-2.68E-05,7.86E-01
255,-1.59E-03,5.54E-04,1.63E-04,1.20E+00
256,1.03E-03,2.39E-04,1.32E-03,3.32E+00
257,1.02E-03,5.83E-05,1.34E-03,3.38E+00
258,-1.51E-04,-1.49E-03,-7.52E-04,8.57E-01
259,-1.54E-03,-5.96E-04,-3.18E-04,5.18E-01
260,-1.48E-03,-6.70E-04,-4.38E-04,4.47E-01
261,-1.48E-03,-7.42E-04,-2.93E-04,5.05E-01
262,-3.47E-05,-1.30E-03,-1.05E-03,5.77E-01
263,-8.23E-04,-5.67E-04,1.35E-03,2.88E+00
264,2.92E-05,3.21E-04,1.66E-03,1.89E+00
265,-1.01E-03,-1.12E-03,-7.27E-04,4.40E-01
266,1.65E-03,3.48E-04,-1.98E-05,7.20E-01
267,-1.81E-04,1.51E-03,-7.52E-04,7.98E-01
268,8.87E-04,1.69E-04,1.43E-03,3.52E+00
269,1.19E-03,5.68E-04,-1.06E-03,4.95E-01
270,3.81E-04,1.05E-03,1.28E-03,3.60E+00
271,2.71E-04,1.03E-03,1.32E-03,3.48E+00
272,-7.20E-04,4.49E-04,1.46E-03,2.17E+00
273,-8.20E-04,5.87E-04,1.36E-03,2.84E+00
274,-9.13E-04,4.10E-04,1.36E-03,2.78E+00
275,-9.00E-04,-1.07E-03,-9.24E-04,3.01E-01
276,-1.09E-03,-9.51E-04,-8.44E-04,3.78E-01
277,-1.18E-03,-1.01E-03,-6.30E-04,4.56E-01
278,1.41E-03,7.06E-04,-6.22E-04,4.31E-01
279,-1.42E-03,-7.90E-04,-4.10E-04,4.53E-01
280,-4.12E-04,1.42E-03,-8.34E-04,4.98E-01
281,3.59E-04,1.14E-03,-1.20E-03,6.94E-01
282,-1.11E-03,-4.19E-04,-1.19E-03,2.76E-01
283,1.19E-03,9.27E-04,-7.63E-04,5.52E-01
284,5.12E-04,3.50E-05,1.61E-03,3.47E+00
285,1.45E-03,8.08E-04,-3.47E-04,4.61E-01
286,1.62E-03,4.87E-04,4.08E-05,7.39E-01
287,4.80E-04,-1.46E-04,1.61E-03,3.40E+00
288,8.06E-04,8.78E-04,-1.20E-03,7.19E-01
289,-1.33E-03,-4.46E-04,9.22E-04,3.00E+00
290,2.56E-04,-9.63E-04,1.35E-03,3.44E+00
291,8.90E-04,1.24E-03,-7.37E-04,7.11E-01
292,9.08E-04,8.19E-04,-1.17E-03,6.90E-01
293,1.35E-03,1.01E-03,-1.54E-04,5.26E-01
294,1.41E-03,-8.29E-04,-3.86E-04,4.61E-01
295,-1.07E-05,-3.45E-04,1.65E-03,1.93E+00
296,1.35E-03,-6.83E-04,-7.35E-04,4.34E-01
297,1.35E-03,-9.99E-04,-4.85E-05,5.65E-01
298,2.17E-05,-8.63E-04,1.44E-03,2.85E+00
299,-1.17E-04,2.84E-04,1.66E-03,1.23E+00
300,4.48E-05,7.43E-04,1.52E-03,2.51E+00
301,2.18E-04,7.59E-04,1.50E-03,2.98E+00
302,4.84E-05,8.81E-04,1.45E-03,2.70E+00
303,1.05E-03,-1.29E-03,-1.48E-04,6.28E-01
304,-1.55E-03,2.29E-04,-6.18E-04,3.59E-01
305,-1.49E-03,1.56E-04,-7.67E-04,3.24E-01
306,-1.58E-03,1.89E-05,-5.91E-04,3.87E-01
307,1.40E-03,9.15E-04,-2.59E-04,4.97E-01
308,5.11E-04,2.43E-04,1.59E-03,3.50E+00
309,-1.01E-03,5.49E-04,1.24E-03,3.20E+00
310,9.64E-04,1.34E-03,-3.86E-04,6.91E-01
311,2.84E-04,4.39E-04,1.61E-03,2.98E+00
312,-1.44E-04,7.87E-04,1.49E-03,2.15E+00
313,1.38E-03,-9.30E-04,-2.12E-04,5.07E-01
314,-3.04E-04,-2.17E-04,1.64E-03,7.26E-01
315,2.24E-04,-3.92E-04,1.62E-03,2.80E+00
316,-2.89E-04,2.28E-04,1.65E-03,5.06E-01
317,4.02E-04,-7.02E-04,1.47E-03,3.42E+00
318,3.90E-04,-8.74E-04,1.38E-03,3.49E+00
319,5.20E-04,-7.90E-04,1.39E-03,3.49E+00
320,1.10E-03,-1.04E-03,-7.21E-04,5.99E-01
321,1.57E-04,-8.95E-04,1.41E-03,3.20E+00
322,1.21E-03,-1.16E-03,7.33E-05,6.48E-01
323,1.00E-03,-1.30E-03,-3.51E-04,6.65E-01
324,1.03E-03,1.33E-03,-2.14E-04,6.31E-01
325,1.18E-03,1.22E-03,-1.58E-05,5.78E-01
326,1.08E-03,1.31E-03,-4.89E-05,5.98E-01
327,1.49E-03,6.45E-04,-4.59E-04,4.22E-01
328,-1.65E-03,-2.19E-05,-3.35E-04,5.84E-01
329,-1.60E-03,-2.11E-04,-4.83E-04,4.53E-01
330,-1.61E-03,2.07E-04,-4.44E-04,4.69E-01
331,1.26E-03,1.13E-03,-6.98E-05,5.51E-01
332,1.19E-03,-8.27E-04,-8.44E-04,5.25E-01
333,1.23E-03,-6.70E-04,-9.19E-04,4.65E-01
334,-1.47E-03,3.58E-04,-7.48E-04,3.46E-01
335,1.31E-03,-1.05E-03,9.50E-05,6.58E-01
336,-4.73E-04,-6.60E-05,1.62E-03,8.37E-01
337,1.46E-03,-2.42E-04,-8.09E-04,2.48E-01
338,1.41E-03,-1.52E-04,-9.01E-04,2.27E-01
339,1.49E-03,-9.39E-05,-7.77E-04,2.20E-01
340,1.47E-03,-5.49E-04,-5.94E-04,3.66E-01
341,1.44E-03,-4.18E-04,-7.52E-04,3.22E-01
342,1.47E-03,5.21E-04,-6.41E-04,3.74E-01
343,1.37E-03,6.08E-04,-7.80E-04,4.15E-01
344,-4.62E-04,1.55E-04,1.62E-03,7.46E-01
345,-1.50E-03,-2.80E-05,-7.69E-04,3.24E-01
346,1.01E-03,1.07E-03,-8.41E-04,6.56E-01
347,8.66E-04,1.15E-03,-8.99E-04,7.17E-01
348,-1.68E-03,-6.01E-06,-9.25E-05,8.63E-01
349,-1.66E-03,1.94E-04,-2.23E-04,6.92E-01
350,8.20E-04,1.38E-03,-5.48E-04,7.68E-01
351,-1.64E-03,-2.33E-04,-3.16E-04,5.78E-01
352,-1.67E-03,-1.53E-04,-1.97E-04,7.11E-01
353,1.54E-03,-3.79E-04,-5.60E-04,3.35E-01
354,1.10E-03,-1.27E-03,4.51E-05,6.35E-01
355,1.42E-03,4.10E-04,-8.08E-04,3.37E-01
356,1.28E-04,4.50E-04,1.62E-03,2.36E+00
357,-1.55E-03,3.89E-04,-5.49E-04,3.98E-01
358,1.12E-03,1.27E-03,9.49E-05,6.08E-01
359,1.24E-03,1.15E-03,9.70E-05,6.23E-01
360,1.54E-03,-4.90E-04,-4.76E-04,3.69E-01
361,1.50E-03,-5.93E-04,-4.70E-04,3.90E-01
362,-6.39E-04,-2.96E-04,1.53E-03,1.86E+00
363,-5.83E-04,-4.28E-04,1.52E-03,1.90E+00
364,-4.82E-04,-2.92E-04,1.59E-03,1.28E+00
365,-7.86E-04,2.84E-04,1.47E-03,2.25E+00
366,1.32E-03,7.68E-04,-7.29E-04,4.72E-01
367,1.43E-03,-7.02E-04,-5.31E-04,4.22E-01
368,1.74E-04,6.08E-04,1.57E-03,2.72E+00
369,-1.90E-04,-3.16E-04,1.64E-03,1.27E+00
370,4.39E-04,4.29E-04,1.57E-03,3.39E+00
371,4.38E-04,-3.27E-04,1.59E-03,3.36E+00
372,8.81E-04,1.28E-03,6.89E-04,1.69E+00
373,7.28E-04,1.42E-03,5.74E-04,1.35E+00
374,6.81E-04,1.34E-03,7.90E-04,2.11E+00
375,5.25E-04,-6.50E-04,1.46E-03,3.50E+00
376,9.38E-04,-1.27E-03,5.56E-04,1.27E+00
377,7.52E-04,-1.38E-03,5.72E-04,1.35E+00
378,8.89E-04,-1.37E-03,3.70E-04,8.72E-01
379,1.56E-03,4.38E-04,-4.86E-04,3.75E-01
380,1.57E-03,-4.01E-05,-6.10E-04,2.67E-01
381,1.51E-03,9.23E-05,-7.47E-04,2.35E-01
382,-1.53E-03,-2.00E-04,-6.80E-04,3.54E-01
383,9.99E-04,-1.33E-03,2.00E-04,7.04E-01
384,8.41E-04,-1.44E-03,1.63E-04,6.89E-01
385,6.54E-04,-6.81E-04,1.39E-03,3.48E+00
386,1.49E-03,7.81E-04,-2.05E-04,4.93E-01
387,5.95E-04,-1.38E-03,-7.31E-04,8.22E-01
388,7.82E-04,-1.35E-03,-6.02E-04,7.67E-01
389,5.87E-04,-1.47E-03,-5.48E-04,8.95E-01
390,9.56E-04,-1.25E-03,-5.63E-04,6.88E-01
391,1.58E-03,1.29E-04,-5.85E-04,2.82E-01
392,1.57E-03,5.21E-04,-3.37E-04,4.39E-01
393,-1.52E-03,-5.42E-04,-4.52E-04,4.49E-01
394,-1.45E-03,5.40E-04,-6.72E-04,3.75E-01
395,-9.74E-04,-9.44E-04,-9.86E-04,3.18E-01
396,3.51E-04,6.06E-04,1.54E-03,3.23E+00
397,4.27E-04,7.97E-04,1.43E-03,3.45E+00
398,4.11E-04,-1.39E-03,-8.32E-04,8.28E-01
399,4.13E-04,-1.47E-03,-6.82E-04,9.14E-01
400,2.35E-04,-1.47E-03,-7.64E-04,8.88E-01
401,1.17E-03,1.16E-03,4.15E-04,9.93E-01
402,1.16E-03,1.21E-03,2.46E-04,7.34E-01
403,1.07E-03,1.26E-03,3.70E-04,8.82E-01
404,1.52E-03,2.95E-04,-6.62E-04,3.05E-01
405,-1.52E-03,5.79E-04,-4.70E-04,4.32E-01
406,-1.54E-03,6.35E-04,-2.99E-04,5.14E-01
407,-1.44E-03,7.86E-04,-4.00E-04,4.61E-01
408,-1.68E-03,6.57E-05,7.68E-05,1.10E+00
409,-1.68E-03,-9.34E-05,1.01E-04,1.16E+00
410,-1.67E-03,4.27E-05,2.28E-04,1.38E+00
411,-4.33E-04,3.59E-04,1.59E-03,9.91E-01
412,6.66E-04,1.38E-03,-7.26E-04,8.10E-01
413,6.38E-04,1.47E-03,-5.73E-04,8.55E-01
414,8.77E-04,1.06E-03,9.94E-04,2.56E+00
415,9.79E-04,8.91E-04,1.06E-03,2.63E+00
416,1.04E-03,1.01E-03,8.77E-04,2.09E+00
417,-1.68E-03,1.80E-04,-2.23E-05,9.51E-01
418,1.01E-03,1.36E-03,6.87E-05,6.04E-01
419,2.54E-04,-1.39E-03,-8.91E-04,7.95E-01
420,1.82E-04,-1.32E-03,-1.01E-03,7.11E-01
421,3.09E-04,-1.24E-03,-1.08E-03,7.28E-01
422,1.08E-03,6.91E-04,1.10E-03,2.69E+00
423,-7.66E-04,-2.37E-04,1.48E-03,2.25E+00
424,-6.15E-04,-1.31E-04,1.56E-03,1.60E+00
425,1.05E-03,1.13E-03,7.13E-04,1.67E+00
426,1.17E-03,9.76E-04,7.36E-04,1.66E+00
427,6.46E-04,-8.52E-04,1.29E-03,3.39E+00
428,-2.64E-04,4.25E-04,1.61E-03,9.74E-01
429,8.26E-04,1.43E-03,-3.74E-04,7.69E-01
430,-1.25E-03,3.94E-04,-1.06E-03,3.40E-01
431,-7.20E-04,-4.33E-04,1.46E-03,2.33E+00
432,-8.43E-04,-9.77E-04,-1.07E-03,2.53E-01
433,-1.52E-03,-4.08E-04,-5.89E-04,4.02E-01
434,-1.44E-03,-3.48E-04,-7.93E-04,3.45E-01
435,-1.41E-03,-5.26E-04,-7.40E-04,3.68E-01
436,-6.51E-04,7.98E-05,1.55E-03,1.65E+00
437,1.60E-03,2.54E-04,-4.58E-04,3.57E-01
438,-8.86E-04,1.05E-03,-9.89E-04,2.90E-01
439,-1.00E-03,9.60E-04,-9.70E-04,3.45E-01
440,-9.54E-04,1.10E-03,-8.68E-04,3.54E-01
441,8.21E-04,-7.19E-04,1.28E-03,3.22E+00
442,1.02E-03,-6.47E-04,1.17E-03,2.84E+00
443,9.46E-04,-5.00E-04,1.30E-03,3.21E+00
444,1.53E-03,-2.31E-04,-6.59E-04,2.71E-01
445,-1.05E-03,-9.02E-05,-1.31E-03,2.15E-01
446,1.12E-03,-7.37E-04,-1.01E-03,5.41E-01
447,1.18E-03,-5.67E-04,-1.05E-03,4.59E-01
448,1.31E-03,-5.06E-04,-9.21E-04,3.90E-01
449,-6.07E-04,3.07E-04,1.55E-03,1.57E+00
450,-3.25E-05,6.22E-04,1.57E-03,2.03E+00
451,-2.24E-04,5.99E-04,1.57E-03,1.45E+00
452,7.35E-04,-1.28E-03,-7.90E-04,7.53E-01
453,6.10E-04,-2.62E-04,1.55E-03,3.59E+00
454,5.62E-04,-4.10E-04,1.53E-03,3.57E+00
455,-7.79E-04,1.18E-03,-9.40E-04,2.61E-01
456,4.29E-04,-5.30E-04,1.54E-03,3.38E+00
457,6.12E-04,-5.34E-04,1.47E-03,3.52E+00
458,5.42E-04,5.83E-04,1.49E-03,3.52E+00
459,1.62E-03,3.66E-04,-3.11E-04,4.43E-01
460,1.66E-03,1.70E-04,-2.51E-04,5.01E-01
461,-1.96E-04,-1.38E-03,-9.28E-04,5.62E-01
462,5.27E-05,-1.43E-03,-8.61E-04,7.73E-01
463,9.36E-04,1.14E-03,8.33E-04,2.07E+00
464,7.57E-04,-5.34E-04,-1.40E-03,9.28E-01
465,8.08E-04,-7.19E-04,-1.28E-03,6.34E-01
466,-9.93E-04,2.00E-04,1.35E-03,2.86E+00
467,1.55E-03,6.70E-04,-6.24E-05,5.78E-01
468,1.53E-03,6.59E-04,-2.63E-04,4.73E-01
469,4.67E-04,1.49E-03,-6.71E-04,9.00E-01
470,-7.87E-04,-6.11E-05,1.49E-03,2.25E+00
471,-9.49E-04,-5.05E-06,1.39E-03,2.74E+00
472,-8.99E-04,-1.63E-04,1.41E-03,2.67E+00
473,8.55E-04,-3.65E-04,-1.40E-03,8.02E-01
474,9.42E-04,-5.27E-04,-1.29E-03,4.93E-01
475,8.97E-04,1.03E-03,-1.00E-03,7.09E-01
476,-1.62E-03,4.94E-04,-2.22E-05,8.82E-01
477,5.71E-04,4.01E-04,1.54E-03,3.61E+00
478,7.01E-04,4.42E-04,1.47E-03,3.65E+00
479,-1.59E-03,5.43E-04,-1.62E-04,6.66E-01
480,-1.54E-03,6.84E-04,-1.74E-04,5.87E-01
481,1.31E-03,1.57E-04,-1.05E-03,2.88E-01
482,-3.86E-04,-7.10E-04,1.47E-03,2.24E+00
483,1.42E-03,1.44E-05,-9.10E-04,2.19E-01
484,1.01E-03,-3.05E-04,-1.31E-03,3.32E-01
485,8.86E-04,-1.20E-03,-7.57E-04,7.03E-01
486,-1.65E-03,3.62E-04,7.25E-05,1.08E+00
487,-1.63E-03,3.62E-04,2.68E-04,1.48E+00
488,6.47E-04,3.02E-04,1.53E-03,3.68E+00
489,1.14E-03,-1.21E-03,2.28E-04,7.63E-01
490,9.40E-04,5.62E-04,-1.29E-03,5.49E-01
491,8.76E-04,-3.45E-04,1.39E-03,3.42E+00
492,1.05E-03,-2.99E-04,1.28E-03,3.19E+00
493,-9.41E-04,5.64E-04,-1.28E-03,3.42E-01
494,8.53E-04,-1.96E-05,1.45E-03,3.56E+00
495,-2.03E-04,1.40E-03,-9.31E-04,5.13E-01
496,6.19E-06,1.34E-03,-1.05E-03,5.95E-01
497,-2.45E-04,1.28E-03,-1.08E-03,3.54E-01
498,1.68E-03,2.28E-05,-8.09E-05,6.95E-01
499,1.66E-03,-6.86E-05,-2.54E-04,5.06E-01
500,1.05E-03,1.22E-03,5.35E-04,1.22E+00
501,6.66E-04,7.78E-04,1.35E-03,3.52E+00
502,-2.24E-04,-1.03E-03,-1.30E-03,4.60E-01
503,-1.31E-03,-6.49E-04,-8.26E-04,3.71E-01
504,-1.38E-03,-6.53E-04,-6.98E-04,3.83E-01
505,-1.53E-03,-6.60E-04,-1.89E-04,6.01E-01
506,4.27E-04,1.61E-03,-3.47E-04,1.15E+00
507,2.72E-04,-8.16E-04,1.44E-03,3.30E+00
508,1.17E-03,8.25E-04,9.07E-04,2.08E+00
509,-1.28E-03,-8.17E-04,-7.12E-04,4.03E-01
510,-9.09E-04,-8.03E-04,-1.16E-03,2.86E-01
511,-8.03E-04,-8.82E-04,-1.18E-03,2.32E-01
512,9.65E-04,-1.45E-04,1.37E-03,3.41E+00
513,6.89E-04,1.49E-03,-4.23E-04,8.55E-01
514,-1.32E-03,4.75E-04,9.42E-04,3.12E+00
515,-6.37E-04,-8.71E-04,-1.28E-03,2.74E-01
516,-9.08E-04,8.40E-04,-1.16E-03,3.05E-01
517,-7.89E-04,9.28E-04,-1.18E-03,2.18E-01
518,8.86E-04,1.43E-03,-2.34E-04,7.13E-01
519,-1.43E-03,-1.60E-04,-8.68E-04,3.16E-01
520,1.49E-03,-6.78E-04,-3.85E-04,4.31E-01
521,1.03E-03,1.33E-03,2.27E-04,6.78E-01
522,1.26E-03,-1.08E-03,2.42E-04,7.92E-01
523,-6.32E-04,9.09E-04,-1.28E-03,2.90E-01
524,-4.68E-04,8.26E-04,-1.40E-03,1.41E+00
525,1.61E-03,4.85E-04,-1.60E-04,5.43E-01
526,-1.60E-03,4.21E-04,-3.25E-04,5.54E-01
527,-8.34E-04,9.89E-05,1.46E-03,2.40E+00
528,6.95E-04,-9.87E-04,-1.16E-03,7.32E-01
529,7.96E-04,-8.88E-04,-1.18E-03,7.06E-01
530,9.46E-04,1.41E-03,-6.08E-05,6.33E-01
531,9.50E-04,-1.38E-03,2.97E-06,6.58E-01
532,2.16E-04,-1.03E-03,-1.31E-03,7.25E-01
533,5.40E-05,-1.53E-03,-6.78E-04,1.04E+00
534,-1.65E-03,-1.53E-04,2.96E-04,1.54E+00
535,1.32E-03,-9.73E-04,3.54E-04,9.38E-01
536,1.19E-03,-1.11E-03,4.14E-04,1.03E+00
537,1.34E-03,-9.83E-04,2.17E-04,7.63E-01
538,-4.13E-04,9.94E-04,-1.31E-03,4.01E-01
539,-1.67E-03,2.03E-04,1.62E-04,1.26E+00
540,1.44E-04,-7.88E-04,1.48E-03,3.10E+00
541,1.31E-03,5.06E-04,-9.35E-04,4.06E-01
542,-8.58E-04,1.25E-03,-7.63E-04,4.30E-01
543,4.91E-04,-9.51E-04,1.29E-03,3.50E+00
544,-1.59E-03,-4.09E-04,-3.63E-04,5.32E-01
545,-1.10E-03,3.72E-04,1.22E-03,3.10E+00
546,2.51E-06,1.07E-03,-1.31E-03,6.22E-01
547,7.65E-04,-9.26E-04,1.17E-03,3.06E+00
548,9.18E-04,-9.08E-04,-1.07E-03,6.68E-01
549,9.03E-04,-8.03E-04,-1.16E-03,6.63E-01
550,-1.02E-03,-5.15E-04,1.23E-03,3.20E+00
551,1.17E-03,1.08E-03,5.77E-04,1.30E+00
552,-1.67E-03,-2.12E-04,-4.22E-05,9.14E-01
553,-2.31E-04,-1.27E-03,-1.07E-03,3.77E-01
554,-5.68E-04,-1.18E-03,-1.04E-03,1.67E-01
555,-7.23E-04,-1.08E-03,-1.06E-03,1.73E-01
556,-5.76E-04,-1.04E-03,-1.19E-03,1.15E-01
557,3.97E-04,9.51E-04,1.34E-03,3.56E+00
558,-1.52E-03,1.88E-04,7.03E-04,2.49E+00
559,-1.54E-03,3.19E-04,6.18E-04,2.33E+00
560,-1.59E-03,1.21E-04,5.45E-04,2.12E+00
561,-1.33E-04,-4.73E-04,1.61E-03,1.74E+00
562,-1.46E-03,-5.93E-04,-5.82E-04,4.01E-01
563,-1.13E-03,2.18E-05,1.25E-03,3.11E+00
564,-1.31E-03,3.30E-05,1.06E-03,3.16E+00
565,-1.23E-03,-1.40E-04,1.15E-03,3.18E+00
566,-3.03E-04,-4.04E-04,1.60E-03,1.23E+00
567,-9.33E-04,-8.86E-04,-1.08E-03,2.99E-01
568,1.39E-03,-9.28E-04,1.15E-04,6.69E-01
569,7.62E-04,9.49E-04,1.18E-03,3.20E+00
570,-1.20E-03,1.97E-04,1.17E-03,3.18E+00
571,-5.62E-04,4.59E-04,1.53E-03,1.64E+00
572,-6.33E-04,1.15E-03,-1.07E-03,1.51E-01
573,-5.28E-04,1.08E-03,-1.19E-03,1.28E-01
574,-6.88E-04,1.03E-03,-1.16E-03,1.69E-01
575,1.47E-03,-7.78E-04,-2.16E-04,4.89E-01
576,2.40E-04,1.60E-03,-5.13E-04,1.15E+00
577,-7.26E-04,-1.18E-03,-9.38E-04,2.41E-01
578,7.23E-04,1.50E-03,3.44E-04,7.50E-01
579,1.44E-03,-8.59E-04,-4.20E-05,5.60E-01
580,-3.70E-04,-1.15E-03,-1.16E-03,2.24E-01
581,4.44E-04,-1.08E-03,1.20E-03,3.43E+00
582,-1.38E-03,2.82E-04,-9.26E-04,3.24E-01
583,7.78E-04,6.05E-04,1.37E-03,3.48E+00
584,8.86E-04,-1.40E-03,-2.02E-04,7.24E-01
585,-7.82E-04,1.06E-03,-1.07E-03,2.26E-01
586,7.74E-04,-5.13E-04,1.40E-03,3.44E+00
587,5.61E-04,9.29E-04,1.30E-03,3.56E+00
588,-1.41E-03,4.56E-05,-9.17E-04,3.05E-01
589,-1.64E-03,3.63E-05,3.84E-04,1.73E+00
590,6.92E-04,1.26E-03,-8.99E-04,7.74E-01
591,-1.29E-03,1.46E-04,-1.07E-03,3.02E-01
592,1.55E-03,-5.38E-04,-3.59E-04,4.19E-01
593,1.67E-03,1.94E-04,-5.73E-05,7.10E-01
594,5.60E-04,1.16E-03,1.10E-03,3.27E+00
595,1.63E-03,4.33E-05,-4.29E-04,3.59E-01
596,1.36E-03,-3.09E-04,-9.37E-04,2.91E-01
597,-1.18E-03,-5.29E-04,-1.08E-03,3.53E-01
598,-1.24E-03,-3.48E-04,-1.08E-03,3.22E-01
599,-1.40E-03,-7.39E-04,-5.61E-04,4.19E-01
600,-4.30E-04,5.47E-04,1.54E-03,1.40E+00
601,-6.56E-04,1.34E-03,-8.05E-04,4.14E-01
602,-1.64E-03,-3.26E-04,-1.88E-04,7.15E-01
603,-1.20E-03,6.04E-04,-1.03E-03,3.79E-01
604,-1.05E-03,6.53E-04,-1.15E-03,3.38E-01
605,1.11E-03,-4.34E-04,-1.19E-03,4.43E-01
606,1.24E-03,-3.57E-04,-1.08E-03,3.65E-01
607,1.46E-03,8.51E-04,-8.46E-05,5.47E-01
608,-4.48E-04,1.22E-03,-1.09E-03,1.78E-01
609,-3.33E-04,1.15E-03,-1.20E-03,2.46E-01
610,7.86E-04,3.00E-04,1.46E-03,3.63E+00
611,6.93E-04,1.25E-04,1.53E-03,3.64E+00
612,7.95E-04,-1.41E-03,-4.12E-04,7.89E-01
613,-1.38E-03,-1.05E-04,9.56E-04,3.00E+00
614,-1.32E-03,-4.84E-04,-9.26E-04,3.50E-01
615,1.29E-03,1.06E-03,2.80E-04,8.24E-01
616,7.19E-04,-1.47E-03,3.29E-04,8.08E-01
617,3.74E-04,-1.02E-03,1.28E-03,3.46E+00
618,1.46E-05,1.56E-03,-6.72E-04,9.84E-01
619,-1.33E-03,2.03E-04,1.02E-03,3.11E+00
620,-1.18E-03,1.73E-05,-1.21E-03,2.26E-01
621,1.37E-03,9.88E-04,5.69E-05,6.19E-01
622,6.09E-04,1.25E-03,9.77E-04,2.86E+00
623,5.81E-04,-1.27E-03,-9.21E-04,7.89E-01
624,9.16E-04,3.13E-04,1.38E-03,3.45E+00
625,1.16E-03,-2.18E-04,-1.20E-03,3.33E-01
626,-7.04E-04,-9.75E-04,-1.17E-03,1.75E-01
627,2.92E-06,1.47E-03,-8.52E-04,7.46E-01
628,2.11E-04,1.41E-03,-9.15E-04,7.79E-01
629,-8.11E-05,4.54E-04,1.63E-03,1.56E+00
630,1.06E-03,6.13E-04,-1.16E-03,5.69E-01
631,-4.37E-04,-5.10E-04,1.54E-03,1.70E+00
632,1.52E-03,6.97E-04,2.70E-04,8.44E-01
633,1.29E-03,8.20E-04,7.21E-04,1.59E+00
634,-6.07E-04,-6.06E-04,1.45E-03,2.31E+00
635,-1.44E-03,1.21E-04,8.65E-04,2.82E+00
636,1.23E-03,7.15E-04,-9.11E-04,5.07E-01
637,1.49E-03,-6.95E-04,3.31E-04,9.20E-01
638,5.45E-04,-1.05E-03,-1.19E-03,7.53E-01
639,1.15E-03,-1.06E-03,6.10E-04,1.41E+00
640,1.01E-03,-1.15E-03,6.86E-04,1.59E+00
641,1.07E-03,-1.18E-03,5.36E-04,1.23E+00
642,-1.55E-04,-7.74E-04,1.48E-03,2.40E+00
643,6.05E-04,-1.21E-03,9.83E-04,2.82E+00
644,1.05E-03,-6.13E-04,-1.15E-03,5.41E-01
645,6.07E-04,-1.56E-03,-8.29E-05,9.82E-01
646,-1.53E-03,4.99E-05,7.15E-04,2.49E+00
647,-1.56E-03,-8.82E-05,6.42E-04,2.30E+00
648,-1.48E-03,-9.30E-05,8.01E-04,2.64E+00
649,-6.02E-04,6.29E-04,1.45E-03,2.14E+00
650,-1.20E-03,-6.59E-04,-9.69E-04,3.63E-01
651,-1.20E-03,-7.78E-04,-8.73E-04,3.81E-01
652,-8.19E-04,-1.23E-03,-7.90E-04,4.09E-01
653,1.04E-03,-1.25E-03,3.84E-04,9.44E-01
654,1.57E-03,6.05E-04,1.42E-04,7.74E-01
655,1.05E-03,-8.95E-04,-9.52E-04,6.02E-01
656,5.73E-04,1.07E-03,-1.18E-03,7.71E-01
657,1.28E-03,9.41E-04,5.86E-04,1.31E+00
658,1.39E-03,7.96E-04,5.57E-04,1.26E+00
659,-3.67E-04,-1.42E-03,-8.08E-04,6.22E-01
660,-1.08E-03,-8.14E-04,-9.97E-04,3.51E-01
661,6.78E-04,-1.30E-03,8.02E-04,2.20E+00
662,-1.64E-03,3.67E-04,-1.16E-04,7.96E-01
663,7.76E-04,-1.16E-03,-9.24E-04,7.37E-01
664,6.60E-04,-8.09E-05,1.55E-03,3.61E+00
665,1.63E-04,1.57E-03,-6.18E-04,1.03E+00
666,7.09E-04,-3.86E-04,1.48E-03,3.58E+00
667,8.55E-04,-1.24E-03,7.39E-04,1.83E+00
668,-1.07E-03,-5.75E-04,-1.16E-03,3.14E-01
669,-1.34E-03,5.33E-04,-8.83E-04,3.66E-01
670,4.05E-04,-1.53E-03,-5.50E-04,1.02E+00
671,9.34E-04,-8.39E-04,1.11E-03,2.74E+00
672,8.60E-04,-1.01E-03,1.02E-03,2.64E+00
673,-1.35E-03,-2.99E-04,-9.54E-04,3.22E-01
674,-1.29E-03,-2.95E-04,1.04E-03,3.12E+00
675,1.56E-03,-6.13E-04,1.55E-04,7.82E-01
676,-1.05E-03,-1.61E-04,1.31E-03,3.01E+00
677,2.14E-04,9.20E-04,1.41E-03,3.18E+00
678,2.27E-04,-6.45E-04,1.53E-03,3.03E+00
679,1.06E-03,8.86E-04,-9.76E-04,6.25E-01
680,1.26E-03,1.04E-03,4.57E-04,1.08E+00
681,1.43E-03,2.15E-04,-8.65E-04,2.64E-01
682,-3.84E-04,7.30E-04,1.48E-03,1.97E+00
683,-1.20E-03,1.03E-03,-6.05E-04,4.82E-01
684,-1.34E-03,9.07E-04,-4.95E-04,4.70E-01
685,-9.27E-04,-3.46E-04,1.36E-03,2.81E+00
686,-1.13E-03,9.63E-04,-8.11E-04,4.07E-01
687,1.25E-04,1.19E-03,-1.20E-03,5.88E-01
688,6.02E-04,-1.01E-03,1.20E-03,3.34E+00
689,-3.75E-04,1.33E-03,-9.85E-04,3.08E-01
690,-1.65E-03,-2.94E-04,1.36E-04,1.20E+00
691,9.33E-04,-1.05E-03,-9.19E-04,6.74E-01
692,1.59E-03,-3.81E-04,-3.82E-04,4.14E-01
693,7.05E-04,1.11E-03,1.06E-03,3.01E+00
694,-1.64E-03,1.97E-04,3.40E-04,1.64E+00
695,-1.56E-03,-4.87E-04,4.00E-04,1.78E+00
696,-1.59E-03,-5.16E-04,1.77E-04,1.25E+00
697,6.96E-04,-1.08E-03,1.07E-03,2.95E+00
698,2.73E-04,-1.58E-03,-4.87E-04,1.19E+00
699,1.16E-03,-5.81E-04,1.07E-03,2.49E+00
700,1.23E-03,-6.79E-04,9.25E-04,2.12E+00
701,6.64E-04,-1.11E-03,-1.06E-03,7.67E-01
702,-5.55E-04,1.28E-03,-9.59E-04,2.39E-01
703,7.87E-04,1.20E-03,8.98E-04,2.41E+00
704,9.13E-04,1.37E-03,4.18E-04,9.46E-01
705,4.79E-04,1.02E-03,1.26E-03,3.62E+00
706,-1.16E-03,-2.14E-04,-1.20E-03,2.39E-01
707,1.70E-04,1.51E-03,-7.52E-04,8.89E-01
708,2.90E-04,1.55E-03,-6.39E-04,9.70E-01
709,7.83E-04,-1.48E-03,-3.96E-05,7.59E-01
710,-1.10E-04,1.19E-03,-1.20E-03,4.23E-01
711,-5.95E-04,-1.31E-03,-8.48E-04,3.98E-01
712,8.87E-04,7.60E-04,1.22E-03,3.14E+00
713,4.54E-04,-1.57E-03,-3.35E-04,1.12E+00
714,1.35E-03,3.38E-04,-9.51E-04,3.24E-01
715,1.02E-03,-9.33E-04,9.54E-04,2.29E+00
716,9.41E-04,-1.09E-03,8.57E-04,2.12E+00
717,7.43E-04,9.96E-04,-1.15E-03,7.59E-01
718,1.10E-03,-4.50E-04,1.19E-03,2.84E+00
719,1.61E-03,-1.92E-04,-4.51E-04,3.63E-01
720,1.09E-03,-1.01E-03,7.85E-04,1.82E+00
721,-1.47E-03,3.09E-04,7.67E-04,2.66E+00
722,4.30E-05,-5.34E-04,1.59E-03,2.36E+00
723,-1.59E-03,-5.16E-04,-1.84E-04,6.66E-01
724,4.50E-04,1.37E-03,-8.87E-04,8.18E-01
725,9.74E-04,7.13E-04,-1.18E-03,6.47E-01
726,3.72E-04,-1.31E-03,-9.73E-04,7.74E-01
727,1.65E-03,3.15E-04,-1.61E-04,5.59E-01
728,8.58E-04,4.44E-04,1.39E-03,3.50E+00
729,7.30E-04,1.51E-03,-2.48E-04,8.29E-01
730,-1.56E-03,5.15E-04,4.05E-04,1.76E+00
731,-2.42E-04,-5.99E-04,1.55E-03,1.81E+00
732,3.82E-04,-1.57E-03,-4.44E-04,1.12E+00
733,3.53E-04,-1.12E-03,-1.20E-03,7.29E-01
734,-1.42E-03,7.23E-04,-5.76E-04,4.09E-01
735,1.64E-03,-2.73E-04,-2.35E-04,5.18E-01
736,-1.61E-03,-9.83E-05,4.80E-04,1.95E+00
737,1.28E-03,-9.48E-04,5.27E-04,1.24E+00
738,1.55E-03,-6.16E-04,-2.08E-04,4.94E-01
739,3.84E-05,-7.06E-04,1.52E-03,2.62E+00
740,9.11E-04,9.09E-04,-1.10E-03,6.96E-01
741,1.09E-03,-7.60E-04,1.03E-03,2.44E+00
742,1.16E-03,-8.50E-04,8.68E-04,2.00E+00
743,7.85E-04,-2.09E-04,1.48E-03,3.58E+00
744,1.50E-03,7.82E-04,9.59E-05,6.64E-01
745,1.43E-03,8.74E-04,2.56E-04,8.08E-01
746,2.18E-04,-1.54E-03,-6.15E-04,1.07E+00
747,8.76E-04,1.45E-03,1.52E-04,6.21E-01
748,2.70E-04,1.28E-03,-1.07E-03,7.20E-01
749,5.16E-04,1.22E-03,-1.06E-03,7.80E-01
750,9.70E-04,5.91E-04,1.25E-03,3.18E+00
751,7.24E-04,1.13E-03,-1.04E-03,7.66E-01
752,-9.74E-04,-6.81E-04,-1.19E-03,2.90E-01
753,-1.62E-03,-3.58E-04,2.93E-04,1.51E+00
754,4.87E-04,-1.53E-03,-4.51E-04,1.00E+00
755,-3.93E-04,-1.29E-03,-9.85E-04,3.41E-01
756,-1.48E-03,7.77E-04,-2.50E-04,5.23E-01
757,1.31E-03,-1.23E-04,-1.05E-03,2.66E-01
758,-1.36E-03,6.82E-04,-7.40E-04,3.91E-01
759,6.02E-04,-1.52E-03,-3.70E-04,9.44E-01
760,-1.29E-03,8.48E-04,-6.87E-04,4.25E-01
761,-1.11E-03,7.98E-04,-9.93E-04,3.73E-01
762,-9.93E-04,8.29E-04,-1.09E-03,3.38E-01
763,-9.00E-05,-6.21E-04,1.56E-03,2.17E+00
764,5.33E-04,1.54E-03,-4.78E-04,9.63E-01
765,-1.13E-03,-3.25E-04,1.21E-03,3.13E+00
766,-1.25E-03,7.44E-04,-8.64E-04,3.91E-01
767,1.10E-03,7.16E-04,-1.07E-03,5.88E-01
768,8.00E-04,-1.02E-03,-1.06E-03,7.30E-01
769,1.61E-03,-4.51E-04,-2.09E-04,5.14E-01
770,1.59E-03,-5.32E-04,-2.40E-05,6.60E-01
771,-1.26E-03,3.44E-04,1.07E-03,3.15E+00
772,3.19E-04,1.47E-03,-7.79E-04,8.65E-01
773,1.27E-03,-7.71E-04,7.85E-04,1.77E+00
774,-1.38E-03,3.11E-04,9.15E-04,3.00E+00
775,-1.59E-03,3.29E-04,4.57E-04,1.91E+00
776,1.01E-03,4.08E-04,1.29E-03,3.27E+00
777,1.41E-03,-8.67E-04,2.70E-04,8.31E-01
778,7.75E-04,1.51E-03,-5.57E-05,7.22E-01
779,-1.30E-03,-1.28E-04,-1.06E-03,2.99E-01
780,7.76E-04,-1.16E-03,9.21E-04,2.50E+00
781,-1.09E-03,-6.74E-04,-1.08E-03,3.42E-01
782,1.48E-03,-7.81E-04,1.42E-04,7.09E-01
783,1.22E-03,-9.16E-04,6.97E-04,1.60E+00
784,1.36E-03,-7.60E-04,6.36E-04,1.44E+00
785,-1.00E-03,-7.74E-04,-1.10E-03,3.25E-01
786,-1.49E-03,-2.68E-04,7.27E-04,2.51E+00
787,-1.04E-03,1.14E-03,-6.98E-04,4.60E-01
788,3.75E-04,1.58E-03,-4.83E-04,1.09E+00
789,4.75E-04,-1.19E-03,-1.08E-03,7.87E-01
790,-8.97E-04,9.48E-04,-1.08E-03,2.89E-01
791,5.60E-04,1.58E-03,-2.75E-04,1.01E+00
792,1.67E-03,-1.78E-04,-6.43E-05,7.07E-01
793,1.36E-03,9.20E-04,4.19E-04,1.03E+00
794,-1.63E-03,-4.21E-04,-1.62E-05,9.28E-01
795,-1.42E-03,4.30E-04,8.09E-04,2.84E+00
796,-1.48E-03,4.59E-04,6.82E-04,2.54E+00
797,1.40E-03,-8.14E-04,4.48E-04,1.09E+00
798,1.46E-03,7.59E-04,4.06E-04,1.01E+00
799,-1.41E-03,-2.70E-04,8.76E-04,2.84E+00
800,5.53E-04,-1.13E-03,1.11E-03,3.23E+00
801,-1.18E-03,5.12E-04,1.10E-03,3.28E+00
802,7.10E-04,-1.50E-03,-2.26E-04,8.69E-01
803,1.00E-03,-7.77E-04,-1.10E-03,6.14E-01
804,1.53E-03,-7.02E-04,-3.22E-05,5.97E-01
805,6.10E-04,1.58E-03,-9.17E-05,9.47E-01
806,-1.55E-03,-2.73E-04,5.83E-04,2.20E+00
807,-1.60E-03,-3.00E-04,4.32E-04,1.86E+00
808,5.92E-04,1.05E-03,1.19E-03,3.43E+00
809,-9.45E-04,7.31E-04,-1.20E-03,3.10E-01
810,-1.33E-03,-8.91E-04,-5.09E-04,4.52E-01
811,5.60E-04,-1.56E-03,-2.36E-04,1.03E+00
812,-1.42E-03,-4.13E-04,7.96E-04,2.62E+00
813,-1.53E-03,4.51E-04,5.47E-04,2.14E+00
814,-1.56E-03,-6.27E-04,-4.07E-05,8.21E-01
815,6.77E-04,1.55E-03,1.16E-04,7.51E-01
816,1.64E-03,-3.55E-04,-3.98E-05,6.94E-01
817,9.95E-04,8.11E-04,-1.10E-03,6.58E-01
818,6.69E-04,-1.53E-03,1.14E-04,8.11E-01
819,9.51E-04,-6.91E-04,-1.20E-03,5.99E-01
820,-1.54E-03,-4.18E-04,5.27E-04,2.10E+00
821,-1.49E-03,-4.27E-04,6.61E-04,2.39E+00
822,1.55E-03,-3.78E-04,8.09E-04,5.35E-01
823,1.55E-03,-2.86E-04,9.37E-04,3.87E-01
824,1.49E-03,-1.53E-04,1.04E-03,5.45E-01
825,1.48E-03,1.22E-05,1.08E-03,5.97E-01
826,1.49E-03,1.61E-04,1.05E-03,5.98E-01
827,1.55E-03,2.95E-04,9.68E-04,3.75E-01
828,1.61E-03,3.76E-04,8.51E-04,2.31E-01
829,1.68E-03,3.98E-04,7.12E-04,1.58E-01
830,1.64E-03,-3.68E-04,7.23E-04,2.45E-01
831,1.66E-03,-3.14E-04,8.42E-04,1.22E-01
832,1.74E-03,3.54E-04,5.73E-04,1.82E-01
833,1.67E-03,-1.37E-04,1.00E-03,8.12E-02
834,1.77E-03,2.69E-04,4.54E-04,2.88E-01
835,1.60E-03,-4.40E-05,1.05E-03,1.33E-01
836,1.83E-03,1.10E-04,4.08E-04,1.87E-01
837,1.65E-03,-3.75E-04,6.04E-04,3.84E-01
838,1.69E-03,2.03E-04,9.91E-04,7.77E-02
839,1.84E-03,-6.38E-05,4.15E-04,1.68E-01
840,1.76E-03,2.72E-04,9.05E-04,8.50E-02
841,1.75E-03,-1.95E-04,3.99E-04,4.38E-01
842,1.79E-03,3.25E-04,7.92E-04,6.60E-02
843,1.86E-03,2.59E-04,5.70E-04,7.20E-02
844,1.89E-03,1.73E-04,5.17E-04,8.05E-02
845,1.92E-03,7.18E-05,5.05E-04,9.18E-02
846,1.90E-03,2.64E-04,6.97E-04,6.73E-02
847,1.75E-03,-2.67E-04,4.87E-04,2.84E-01
848,1.67E-03,-3.41E-04,5.00E-04,5.63E-01
849,2.03E-03,2.06E-05,7.66E-04,5.29E-02
850,2.01E-03,7.25E-05,6.69E-04,7.21E-02
851,2.02E-03,1.09E-04,7.65E-04,5.84E-02
852,1.96E-03,1.81E-04,6.41E-04,7.68E-02
853,1.96E-03,1.96E-04,7.57E-04,6.71E-02
854,1.98E-03,1.36E-04,8.49E-04,6.07E-02
855,2.01E-03,3.31E-05,8.39E-04,5.10E-02
856,1.96E-03,1.06E-04,5.79E-04,8.79E-02
857,1.64E-03,7.47E-05,1.05E-03,1.00E-01
858,2.01E-03,-5.46E-05,7.07E-04,7.02E-02
859,1.92E-03,2.05E-04,8.52E-04,7.18E-02
860,1.76E-03,-3.07E-04,6.64E-04,6.37E-02
861,1.80E-03,-2.68E-04,7.73E-04,4.56E-02
862,1.98E-03,1.86E-05,5.88E-04,8.95E-02
863,1.92E-03,2.43E-04,7.57E-04,6.92E-02
864,1.85E-03,-1.81E-04,5.15E-04,8.24E-02
865,1.72E-03,-2.27E-04,9.16E-04,5.65E-02
866,1.89E-03,2.55E-04,8.00E-04,7.64E-02
867,1.74E-03,-3.10E-04,5.73E-04,1.67E-01
868,1.89E-03,1.99E-05,4.60E-04,8.79E-02
869,1.99E-03,-5.36E-05,8.33E-04,5.65E-02
870,1.90E-03,1.55E-04,9.18E-04,7.94E-02
871,1.96E-03,6.96E-05,9.06E-04,6.28E-02
872,1.85E-03,2.40E-04,8.76E-04,8.59E-02
873,1.88E-03,2.05E-04,8.92E-04,7.98E-02
874,1.98E-03,7.01E-06,8.90E-04,5.45E-02
875,1.80E-03,3.30E-04,7.12E-04,5.84E-02
876,1.92E-03,-2.59E-05,5.12E-04,9.11E-02
877,1.91E-03,-1.10E-04,5.35E-04,9.29E-02
878,1.70E-03,-1.70E-05,1.03E-03,1.11E-01
879,1.94E-03,-1.41E-04,8.16E-04,6.87E-02
880,1.82E-03,2.08E-04,9.33E-04,9.52E-02
881,1.85E-03,-2.33E-04,6.09E-04,6.03E-02
882,1.96E-03,-8.16E-05,6.01E-04,9.17E-02
883,1.91E-03,-1.91E-04,7.51E-04,7.39E-02
884,1.87E-03,-2.32E-04,7.02E-04,6.59E-02
885,1.83E-03,2.76E-04,8.46E-04,8.90E-02
886,1.95E-03,-1.51E-04,7.03E-04,7.78E-02
887,1.85E-03,-1.74E-04,8.82E-04,7.86E-02
888,1.88E-03,7.88E-05,9.63E-04,9.09E-02
889,1.92E-03,1.68E-05,9.40E-04,7.39E-02
890,1.80E-03,-1.31E-04,9.54E-04,9.31E-02
891,1.93E-03,-1.09E-04,8.70E-04,6.87E-02
892,1.78E-03,-5.26E-05,9.98E-04,1.13E-01
893,1.74E-03,1.14E-04,1.01E-03,1.14E-01
894,1.91E-03,-1.52E-04,5.91E-04,9.17E-02
895,1.81E-03,1.41E-04,9.77E-04,1.06E-01
896,1.95E-03,-2.94E-05,9.06E-04,6.26E-02
897,1.93E-03,-7.26E-05,9.00E-04,6.98E-02
898,1.88E-03,-1.11E-04,9.16E-04,8.13E-02
899,1.84E-03,1.27E-05,9.84E-04,1.04E-01
900,1.73E-03,5.08E-05,1.02E-03,1.16E-01
901,1.80E-03,6.91E-05,1.00E-03,1.12E-01
902,1.77E-03,1.26E-05,1.01E-03,1.19E-01
903,1.88E-03,-5.22E-05,9.51E-04,8.78E-02
