Node Number, X [ m ], Y [ m ], Z [ m ], Wall Shear [ Pa ]
0,-4.40E-04,1.50E-03,-1.66E-03,7.92E-01
1,-5.10E-04,1.34E-03,-1.77E-03,8.92E-01
2,-6.36E-04,1.43E-03,-1.65E-03,1.03E+00
3,-8.89E-04,-1.81E-03,-1.01E-03,1.80E+00
4,-7.09E-04,-1.91E-03,-9.71E-04,1.88E+00
5,-8.51E-04,-1.91E-03,-8.44E-04,2.12E+00
6,-9.84E-04,1.27E-03,-1.61E-03,1.25E+00
7,-8.15E-04,1.35E-03,-1.64E-03,1.17E+00
8,-8.81E-04,1.17E-03,-1.74E-03,1.17E+00
9,-8.32E-04,-1.36E-03,-1.60E-03,9.24E-01
10,-6.91E-04,-1.26E-03,-1.74E-03,6.84E-01
11,-6.22E-04,-1.42E-03,-1.64E-03,6.28E-01
12,2.45E-04,8.37E-04,-2.10E-03,3.26E+00
13,4.01E-04,9.44E-04,-2.03E-03,7.27E-01
14,4.28E-04,7.57E-04,-2.10E-03,3.32E+00
15,-1.83E-03,9.52E-04,9.62E-04,4.67E+00
16,-1.78E-03,1.12E-03,8.68E-04,4.48E+00
17,-1.88E-03,1.03E-03,7.48E-04,3.97E+00
18,2.05E-04,1.26E-03,1.88E-03,8.04E+00
19,3.10E-04,1.37E-03,1.79E-03,8.28E+00
20,1.18E-04,1.40E-03,1.79E-03,8.02E+00
21,6.53E-04,-1.49E-03,-1.56E-03,1.01E+00
22,4.82E-04,-1.46E-03,-1.65E-03,9.58E-01
23,6.20E-04,-1.32E-03,-1.72E-03,1.03E+00
24,-1.29E-03,-9.31E-04,1.61E-03,7.51E+00
25,-1.33E-03,-7.45E-04,1.67E-03,7.86E+00
26,-1.40E-03,-8.93E-04,1.53E-03,7.09E+00
27,6.85E-04,6.02E-04,2.08E-03,9.57E+00
28,5.30E-04,5.55E-04,2.14E-03,8.89E+00
29,6.27E-04,4.05E-04,2.14E-03,9.19E+00
30,-2.09E-03,8.69E-04,-2.43E-04,1.70E+00
31,-2.13E-03,7.25E-04,-3.39E-04,1.57E+00
32,-2.15E-03,7.25E-04,-1.55E-04,1.81E+00
33,7.66E-04,-1.41E-03,-1.59E-03,1.02E+00
34,8.18E-04,-1.28E-03,-1.67E-03,1.03E+00
35,-2.05E-03,-8.63E-04,-4.02E-04,1.41E+00
36,-2.07E-03,-8.75E-04,-2.10E-04,1.59E+00
37,-2.13E-03,-6.78E-04,-3.23E-04,1.54E+00
38,-1.80E-03,1.21E-03,6.77E-04,3.86E+00
39,-1.43E-03,1.76E-03,2.04E-04,2.55E+00
40,-1.48E-03,1.68E-03,4.14E-04,3.67E+00
41,-1.33E-03,1.81E-03,3.74E-04,3.85E+00
42,-1.80E-03,-8.44E-04,-1.07E-03,1.13E+00
43,-1.89E-03,-8.62E-04,-8.96E-04,1.17E+00
44,-1.90E-03,-6.78E-04,-1.02E-03,1.07E+00
45,-5.12E-04,7.02E-04,-2.10E-03,3.15E+00
46,-5.05E-04,8.91E-04,-2.03E-03,1.13E+00
47,-3.39E-04,8.01E-04,-2.10E-03,3.10E+00
48,1.16E-03,-1.63E-03,1.05E-03,3.43E+00
49,9.88E-04,-1.74E-03,1.04E-03,3.80E+00
50,1.12E-03,-1.74E-03,8.99E-04,2.86E+00
51,-2.03E-03,8.54E-04,5.74E-04,3.31E+00
52,-2.08E-03,7.11E-04,5.70E-04,3.24E+00
53,-2.01E-03,7.44E-04,7.54E-04,3.79E+00
54,-2.01E-03,-8.62E-04,-5.62E-04,1.31E+00
55,-2.10E-03,-6.78E-04,-5.05E-04,1.37E+00
56,-1.51E-03,-8.61E-04,1.45E-03,6.57E+00
57,-1.49E-03,-7.15E-04,1.55E-03,7.17E+00
58,9.23E-04,-4.64E-04,2.01E-03,9.59E+00
59,9.11E-04,-2.98E-04,2.05E-03,9.72E+00
60,7.49E-04,-3.55E-04,2.11E-03,9.89E+00
61,-1.94E-03,1.17E-03,2.13E-04,2.50E+00
62,-1.82E-03,1.33E-03,2.88E-04,2.66E+00
63,-1.87E-03,1.29E-03,9.47E-05,2.19E+00
64,8.23E-04,3.54E-04,2.08E-03,9.79E+00
65,1.02E-03,3.66E-04,1.99E-03,9.61E+00
66,8.92E-04,5.69E-04,2.01E-03,9.64E+00
67,-6.83E-04,9.60E-04,1.94E-03,8.30E+00
68,-7.38E-04,7.60E-04,2.01E-03,8.29E+00
69,-6.03E-04,8.47E-04,2.02E-03,7.92E+00
70,1.97E-03,-1.09E-03,-1.60E-04,9.51E-01
71,1.98E-03,-1.09E-03,2.84E-06,1.09E+00
72,1.91E-03,-1.21E-03,2.98E-06,1.05E+00
73,-1.48E-03,1.61E-03,6.34E-04,4.63E+00
74,-1.36E-03,1.74E-03,5.56E-04,4.62E+00
75,2.72E-04,-1.02E-03,2.00E-03,8.40E+00
76,-1.40E-06,-1.04E-03,2.01E-03,7.76E+00
77,3.00E-05,-1.19E-03,1.92E-03,7.90E+00
78,-2.08E-03,8.03E-04,4.21E-04,2.94E+00
79,-2.13E-03,6.65E-04,4.20E-04,2.88E+00
80,5.08E-04,1.32E-03,1.78E-03,8.51E+00
81,6.62E-04,1.41E-03,1.66E-03,7.97E+00
82,4.10E-04,1.49E-03,1.67E-03,7.92E+00
83,-2.08E-03,-8.78E-04,1.55E-04,2.14E+00
84,-2.06E-03,-8.67E-04,3.43E-04,2.58E+00
85,-2.14E-03,-6.96E-04,2.49E-04,2.42E+00
86,8.98E-04,-8.45E-04,1.90E-03,8.63E+00
87,1.07E-03,-8.37E-04,1.81E-03,7.82E+00
88,1.06E-03,-6.86E-04,1.88E-03,8.45E+00
89,4.17E-04,-1.24E-03,1.84E-03,8.25E+00
90,2.96E-04,-1.39E-03,1.75E-03,7.77E+00
91,5.13E-04,-1.36E-03,1.73E-03,7.71E+00
92,2.38E-04,-1.19E-03,1.91E-03,8.31E+00
93,1.23E-03,-1.73E-03,7.59E-04,2.20E+00
94,1.06E-03,-1.85E-03,7.26E-04,2.25E+00
95,2.02E-03,1.01E-03,-2.68E-04,7.14E-01
96,2.03E-03,1.02E-03,-1.24E-04,7.55E-01
97,2.08E-03,8.81E-04,-2.14E-04,7.62E-01
98,4.86E-04,-1.96E-03,9.94E-04,5.62E+00
99,3.83E-04,-1.88E-03,1.19E-03,6.80E+00
100,2.70E-04,-1.99E-03,1.03E-03,7.01E+00
101,5.39E-04,-2.04E-03,7.81E-04,4.41E+00
102,3.34E-04,-2.06E-03,8.62E-04,5.99E+00
103,5.11E-04,8.71E-04,2.04E-03,8.89E+00
104,3.36E-04,8.13E-04,2.09E-03,7.66E+00
105,4.37E-04,6.78E-04,2.12E-03,8.19E+00
106,1.80E-03,-1.29E-03,4.50E-04,1.56E+00
107,1.84E-03,-1.17E-03,5.88E-04,1.80E+00
108,1.74E-03,-1.31E-03,6.18E-04,1.82E+00
109,-8.99E-05,1.52E-03,-1.69E-03,2.43E-01
110,3.31E-05,1.59E-03,-1.63E-03,2.15E-01
111,2.02E-06,1.44E-03,-1.76E-03,1.04E-01
112,3.50E-04,-1.54E-03,-1.61E-03,8.70E-01
113,1.55E-04,-1.53E-03,-1.65E-03,6.89E-01
114,2.63E-04,-1.40E-03,-1.75E-03,7.57E-01
115,-2.09E-03,8.95E-04,-7.82E-05,1.93E+00
116,-2.15E-03,7.26E-04,3.61E-05,2.13E+00
117,-1.97E-03,-9.99E-04,4.68E-04,2.84E+00
118,-1.91E-03,-1.14E-03,3.97E-04,2.64E+00
119,-1.89E-03,-1.07E-03,6.34E-04,3.31E+00
120,-2.89E-04,-1.58E-03,-1.58E-03,4.54E-01
121,-3.52E-04,-1.46E-03,-1.68E-03,2.38E-01
122,-1.84E-04,-1.44E-03,-1.73E-03,1.75E-01
123,-2.04E-03,-8.44E-04,5.08E-04,2.96E+00
124,-1.98E-03,-8.81E-04,6.47E-04,3.36E+00
125,-2.07E-03,-6.94E-04,6.02E-04,3.24E+00
126,1.47E-03,-1.42E-03,9.70E-04,2.86E+00
127,1.63E-03,-1.32E-03,8.39E-04,2.35E+00
128,1.57E-03,-1.22E-03,1.07E-03,3.17E+00
129,-3.77E-04,-1.96E-03,-1.04E-03,1.61E+00
130,-1.73E-04,-2.00E-03,-1.02E-03,1.60E+00
131,-3.14E-04,-2.06E-03,-8.62E-04,2.05E+00
132,-5.97E-04,1.55E-03,1.55E-03,9.51E+00
133,-3.76E-04,1.61E-03,1.57E-03,9.00E+00
134,-5.02E-04,1.69E-03,1.44E-03,1.01E+01
135,-4.19E-05,-1.55E-03,-1.64E-03,4.97E-01
136,3.84E-04,1.91E-03,1.19E-03,6.98E+00
137,4.65E-04,2.00E-03,9.97E-04,5.46E+00
138,2.70E-04,2.01E-03,1.04E-03,7.17E+00
139,-1.43E-03,-1.04E-03,1.41E-03,6.39E+00
140,-2.17E-05,-2.05E-03,-9.38E-04,1.74E+00
141,2.06E-04,-2.09E-03,-8.10E-04,1.85E+00
142,3.14E-05,-2.10E-03,-8.13E-04,2.04E+00
143,-1.55E-03,-9.49E-04,1.35E-03,6.11E+00
144,6.40E-04,7.33E-04,2.05E-03,9.25E+00
145,7.08E-04,2.10E-03,-5.49E-04,1.46E+00
146,6.00E-04,2.16E-03,-3.96E-04,1.77E+00
147,7.76E-04,2.12E-03,-3.38E-04,1.50E+00
148,2.35E-04,-1.79E-03,1.35E-03,7.26E+00
149,5.14E-05,-1.71E-03,1.47E-03,7.83E+00
150,2.80E-05,-1.84E-03,1.30E-03,8.64E+00
151,-6.44E-04,1.96E-03,-9.75E-04,1.94E+00
152,-7.96E-04,1.90E-03,-9.70E-04,1.92E+00
153,-6.97E-04,2.01E-03,-8.07E-04,2.27E+00
154,7.55E-04,-1.23E-04,2.13E-03,9.76E+00
155,6.01E-04,5.41E-05,2.19E-03,9.30E+00
156,5.04E-04,-1.47E-04,2.20E-03,8.97E+00
157,-8.80E-04,1.95E-03,-7.91E-04,2.14E+00
158,-1.03E-03,1.89E-03,-7.53E-04,2.04E+00
159,-9.29E-04,1.98E-03,-6.31E-04,2.39E+00
160,-1.94E-03,-8.42E-04,8.09E-04,3.95E+00
161,-1.83E-03,-1.06E-03,7.96E-04,3.88E+00
162,-1.84E-03,-9.35E-04,9.22E-04,4.40E+00
163,-1.92E-03,-7.27E-04,9.58E-04,4.40E+00
164,-1.32E-03,-9.73E-04,-1.56E-03,1.14E+00
165,-1.31E-03,-8.03E-04,-1.66E-03,1.03E+00
166,-1.16E-03,-9.16E-04,-1.71E-03,1.07E+00
167,-1.17E-03,8.88E-04,1.73E-03,8.73E+00
168,-1.14E-03,1.06E-03,1.66E-03,8.21E+00
169,-1.28E-03,9.22E-04,1.63E-03,8.15E+00
170,-4.67E-04,-1.00E-03,1.97E-03,7.67E+00
171,-3.36E-04,-1.08E-03,1.96E-03,7.51E+00
172,-4.03E-04,-8.52E-04,2.06E-03,7.46E+00
173,6.06E-04,-6.22E-04,2.09E-03,9.65E+00
174,5.37E-04,-4.86E-04,2.14E-03,9.42E+00
175,4.42E-04,-6.58E-04,2.12E-03,9.18E+00
176,6.04E-04,-3.16E-04,2.16E-03,9.61E+00
177,-1.74E-03,1.04E-03,1.02E-03,5.01E+00
178,-2.08E-03,9.13E-04,9.38E-05,2.27E+00
179,-2.14E-03,7.29E-04,2.52E-04,2.56E+00
180,-1.25E-03,7.48E-04,1.74E-03,8.65E+00
181,2.20E-03,-5.34E-04,-1.78E-05,1.31E+00
182,2.24E-03,-3.29E-04,-1.27E-04,1.29E+00
183,2.23E-03,-3.80E-04,8.21E-05,2.17E+00
184,-1.16E-03,1.83E-03,-6.89E-04,1.91E+00
185,-1.06E-03,1.93E-03,-5.90E-04,2.24E+00
186,-9.34E-04,-8.77E-04,1.86E-03,8.65E+00
187,-7.93E-04,-8.70E-04,1.93E-03,8.63E+00
188,-8.74E-04,-7.11E-04,1.96E-03,8.89E+00
189,2.11E-03,-5.32E-04,-6.33E-04,6.58E-01
190,2.15E-03,-5.23E-04,-4.90E-04,7.56E-01
191,2.09E-03,-6.92E-04,-5.18E-04,7.40E-01
192,9.68E-04,2.05E-03,-2.72E-04,1.19E+00
193,8.22E-04,2.12E-03,-1.32E-04,1.47E+00
194,9.90E-04,-1.23E-03,-1.62E-03,9.85E-01
195,8.75E-04,-1.11E-03,-1.76E-03,1.08E+00
196,-1.98E-03,-6.78E-04,-8.57E-04,1.14E+00
197,2.05E-03,9.00E-04,-3.76E-04,7.09E-01
198,-1.65E-03,9.09E-04,1.27E-03,5.99E+00
199,-1.54E-03,9.09E-04,1.40E-03,6.79E+00
200,-1.54E-03,1.07E-03,1.29E-03,6.42E+00
201,1.50E-04,7.63E-04,2.13E-03,6.21E+00
202,7.20E-05,5.69E-04,2.20E-03,5.04E+00
203,2.58E-04,6.20E-04,2.17E-03,6.66E+00
204,1.95E-03,1.16E-03,-1.15E-04,6.94E-01
205,-9.30E-04,7.71E-04,1.92E-03,8.90E+00
206,-9.18E-04,9.57E-04,1.85E-03,8.89E+00
207,1.39E-03,-1.37E-03,1.14E-03,3.61E+00
208,1.43E-03,-1.20E-03,1.28E-03,4.23E+00
209,2.17E-03,6.10E-05,-6.67E-04,6.93E-01
210,2.16E-03,2.74E-04,-6.52E-04,7.39E-01
211,2.20E-03,1.60E-04,-5.13E-04,8.12E-01
212,1.75E-03,-1.40E-03,3.10E-04,1.33E+00
213,1.68E-03,-1.43E-03,4.71E-04,1.54E+00
214,1.39E-03,-1.54E-03,8.89E-04,2.58E+00
215,1.50E-03,-1.49E-03,7.89E-04,2.22E+00
216,-2.08E-03,-8.81E-04,-2.79E-05,1.82E+00
217,-2.15E-03,-6.96E-04,-1.21E-04,1.78E+00
218,-1.30E-03,-1.06E-03,1.52E-03,6.87E+00
219,-1.61E-03,-9.63E-04,1.26E-03,5.77E+00
220,-1.52E-03,-1.07E-03,1.28E-03,5.91E+00
221,4.18E-05,1.26E-03,1.89E-03,7.61E+00
222,-2.15E-03,-6.96E-04,6.45E-05,2.07E+00
223,1.30E-03,1.43E-03,1.21E-03,4.28E+00
224,1.25E-03,1.34E-03,1.35E-03,5.31E+00
225,1.43E-03,1.25E-03,1.25E-03,4.34E+00
226,-2.01E-03,-6.97E-04,7.66E-04,3.75E+00
227,-1.04E-03,9.23E-04,1.80E-03,8.86E+00
228,1.50E-03,1.09E-03,1.31E-03,4.50E+00
229,1.57E-03,9.15E-04,1.36E-03,4.70E+00
230,1.65E-03,1.01E-03,1.19E-03,3.61E+00
231,4.45E-04,2.10E-03,-7.70E-04,1.52E+00
232,2.99E-04,2.18E-03,-6.09E-04,1.94E+00
233,5.14E-04,2.14E-03,-5.94E-04,1.67E+00
234,-1.81E-03,-1.25E-03,5.36E-04,3.17E+00
235,-1.82E-03,-1.29E-03,3.37E-04,2.46E+00
236,-1.70E-03,-1.36E-03,6.07E-04,3.34E+00
237,1.48E-03,-5.06E-04,-1.63E-03,4.32E-01
238,1.35E-03,-5.48E-04,-1.73E-03,5.52E-01
239,1.44E-03,-3.26E-04,-1.71E-03,3.62E-01
240,2.15E-03,-6.16E-04,-3.40E-04,8.66E-01
241,-1.36E-03,1.82E-03,-1.92E-04,1.74E+00
242,-1.33E-03,1.85E-03,1.77E-05,2.01E+00
243,-1.20E-03,1.93E-03,-1.58E-04,2.37E+00
244,-1.07E-03,-8.55E-04,1.80E-03,8.55E+00
245,-1.02E-03,-7.19E-04,1.89E-03,8.94E+00
246,-1.72E-03,-8.70E-04,1.19E-03,5.43E+00
247,-1.62E-03,-8.46E-04,1.33E-03,6.00E+00
248,-1.73E-03,-7.01E-04,1.28E-03,5.76E+00
249,-8.10E-04,-2.07E-03,-3.42E-04,4.78E+00
250,-5.95E-04,-2.14E-03,-3.71E-04,5.12E+00
251,-6.89E-04,-2.14E-03,-1.94E-04,5.59E+00
252,-1.70E-03,-8.44E-04,-1.22E-03,1.11E+00
253,-1.80E-03,-6.78E-04,-1.18E-03,1.01E+00
254,1.65E-04,-1.91E-03,1.18E-03,7.06E+00
255,5.92E-05,-2.24E-03,-2.05E-04,4.76E+00
256,2.39E-04,-2.24E-03,-5.61E-05,4.36E+00
257,2.83E-05,-2.25E-03,1.45E-05,5.51E+00
258,2.05E-03,8.12E-04,-5.39E-04,7.20E-01
259,2.12E-03,7.01E-04,-4.05E-04,7.51E-01
260,2.10E-03,6.44E-04,-5.71E-04,7.36E-01
261,7.54E-04,1.36E-03,-1.66E-03,8.89E-01
262,6.33E-04,1.26E-03,-1.78E-03,8.57E-01
263,5.49E-04,1.40E-03,-1.71E-03,6.96E-01
264,-5.51E-04,7.10E-04,2.09E-03,7.23E+00
265,-1.18E-03,-8.92E-04,1.71E-03,8.01E+00
266,-1.10E-03,7.48E-04,1.84E-03,9.00E+00
267,-9.92E-04,-1.17E-03,-1.65E-03,1.03E+00
268,-8.46E-04,-1.14E-03,-1.76E-03,9.05E-01
269,-8.62E-04,-1.26E-03,-1.67E-03,9.14E-01
270,-1.52E-04,-2.22E-03,-3.13E-04,4.88E+00
271,-1.34E-04,-2.25E-03,-9.35E-05,5.86E+00
272,3.84E-04,-2.22E-03,1.26E-04,4.02E+00
273,4.86E-04,-2.17E-03,3.33E-04,3.56E+00
274,2.70E-04,-2.21E-03,3.14E-04,4.82E+00
275,5.40E-04,-2.12E-03,5.57E-04,3.22E+00
276,3.34E-04,-2.17E-03,4.93E-04,4.42E+00
277,-1.59E-03,-8.53E-04,-1.36E-03,1.10E+00
278,-1.59E-03,-6.46E-04,-1.47E-03,9.22E-01
279,-1.48E-03,-7.83E-04,-1.52E-03,1.05E+00
280,-1.44E-03,1.04E-03,1.41E-03,7.02E+00
281,5.90E-04,-7.63E-04,2.05E-03,9.42E+00
282,3.85E-04,-8.66E-04,2.05E-03,8.86E+00
283,-2.76E-04,8.64E-04,2.08E-03,6.09E+00
284,-3.54E-04,6.72E-04,2.14E-03,5.57E+00
285,-1.86E-04,7.48E-04,2.14E-03,5.25E+00
286,-1.84E-04,-1.03E-03,2.00E-03,7.50E+00
287,-1.13E-04,-1.16E-03,1.93E-03,7.64E+00
288,-3.65E-04,2.22E-03,-3.65E-04,5.09E+00
289,-5.94E-04,2.17E-03,-3.82E-04,4.75E+00
290,-5.01E-04,2.22E-03,-1.90E-04,5.66E+00
291,-1.01E-03,-2.00E-03,-2.68E-04,4.27E+00
292,-8.68E-04,-2.07E-03,-1.50E-04,5.47E+00
293,-1.46E-03,7.15E-04,-1.58E-03,8.86E-01
294,-1.38E-03,8.90E-04,-1.57E-03,1.06E+00
295,-1.34E-03,7.20E-04,-1.69E-03,9.21E-01
296,-1.63E-03,-1.06E-03,1.15E-03,5.34E+00
297,-1.71E-03,-1.12E-03,9.51E-04,4.60E+00
298,-1.57E-03,-1.25E-03,1.04E-03,5.24E+00
299,1.41E-03,1.51E-03,9.60E-04,2.81E+00
300,1.50E-03,1.34E-03,1.07E-03,3.26E+00
301,-1.75E-03,9.09E-04,1.13E-03,5.30E+00
302,-1.86E-03,7.48E-04,1.06E-03,4.90E+00
303,-1.77E-03,7.48E-04,1.22E-03,5.67E+00
304,-1.38E-04,-2.09E-03,-8.25E-04,2.06E+00
305,-5.10E-04,-7.02E-04,2.09E-03,7.53E+00
306,-3.43E-04,-6.92E-04,2.13E-03,6.75E+00
307,-4.56E-04,-5.21E-04,2.16E-03,6.56E+00
308,-2.11E-03,-6.96E-04,4.30E-04,2.84E+00
309,-1.44E-03,-1.72E-03,1.90E-04,1.63E+00
310,-1.34E-03,-1.81E-03,-6.04E-06,2.09E+00
311,-1.27E-03,-1.85E-03,1.97E-04,2.28E+00
312,-1.41E-03,1.71E-03,-5.18E-04,1.61E+00
313,-1.52E-03,1.65E-03,-4.10E-04,1.50E+00
314,-1.40E-03,1.76E-03,-3.51E-04,1.61E+00
315,1.49E-04,-8.93E-04,2.07E-03,8.10E+00
316,-1.41E-03,9.23E-04,1.53E-03,7.48E+00
317,-1.30E-03,1.11E-03,1.51E-03,7.38E+00
318,-1.19E-03,-1.90E-03,-1.68E-04,3.18E+00
319,-1.17E-03,-1.93E-03,4.96E-05,3.24E+00
320,-4.48E-04,-1.42E-03,-1.70E-03,3.14E-01
321,-3.54E-04,-1.36E-03,-1.77E-03,1.16E-01
322,-6.29E-05,-8.72E-04,2.09E-03,7.38E+00
323,-1.74E-03,-9.72E-04,1.07E-03,4.95E+00
324,-1.82E-03,-7.19E-04,1.14E-03,5.09E+00
325,-1.40E-03,7.48E-04,1.63E-03,8.04E+00
326,7.24E-04,1.50E-03,1.56E-03,7.36E+00
327,9.02E-04,1.51E-03,1.44E-03,6.42E+00
328,6.83E-04,1.61E-03,1.46E-03,6.80E+00
329,2.16E-03,-6.84E-04,2.97E-05,1.26E+00
330,2.18E-03,-5.75E-04,1.97E-04,2.04E+00
331,4.11E-04,-1.35E-03,-1.76E-03,9.27E-01
332,1.57E-03,2.50E-04,-1.62E-03,5.99E-01
333,1.49E-03,1.02E-04,-1.70E-03,4.86E-01
334,1.42E-03,2.69E-04,-1.75E-03,6.99E-01
335,-1.60E-03,-1.52E-03,-4.81E-04,1.28E+00
336,-1.52E-03,-1.55E-03,-6.09E-04,1.39E+00
337,-1.50E-03,-1.63E-03,-4.44E-04,1.45E+00
338,4.59E-04,1.52E-03,-1.63E-03,5.80E-01
339,3.29E-04,1.41E-03,-1.76E-03,4.01E-01
340,-1.90E-03,-1.22E-03,1.80E-05,1.62E+00
341,-1.81E-03,-1.35E-03,-4.25E-05,1.39E+00
342,-1.81E-03,-1.34E-03,1.53E-04,1.79E+00
343,5.12E-05,-1.41E-03,-1.76E-03,4.89E-01
344,3.22E-04,1.55E-03,-1.64E-03,4.09E-01
345,1.73E-04,1.50E-03,-1.70E-03,1.84E-01
346,-8.13E-04,-1.05E-03,1.83E-03,7.96E+00
347,-1.53E-03,7.48E-04,1.50E-03,7.30E+00
348,-1.01E-03,-1.03E-03,1.74E-03,7.83E+00
349,-8.14E-04,2.10E-03,-3.52E-04,4.11E+00
350,-6.89E-04,2.17E-03,-1.84E-04,5.08E+00
351,2.12E-03,7.65E-04,-2.83E-04,7.67E-01
352,-1.41E-03,5.44E-04,-1.70E-03,7.13E-01
353,-1.26E-03,5.59E-04,-1.80E-03,7.98E-01
354,2.73E-04,2.11E-03,-8.14E-04,1.55E+00
355,-1.01E-04,8.75E-04,2.09E-03,5.83E+00
356,-3.84E-05,7.32E-04,2.15E-03,5.26E+00
357,-1.26E-03,-1.68E-03,-8.16E-04,1.70E+00
358,-1.13E-03,-1.79E-03,-7.94E-04,1.94E+00
359,-1.20E-03,-1.79E-03,-6.55E-04,2.02E+00
360,-1.61E-03,-1.51E-03,4.83E-04,2.96E+00
361,-1.48E-03,-1.65E-03,4.06E-04,2.59E+00
362,-1.48E-03,-1.58E-03,6.26E-04,4.21E+00
363,-4.60E-04,8.68E-04,2.05E-03,6.99E+00
364,1.19E-03,1.06E-03,-1.62E-03,1.02E+00
365,1.07E-03,9.70E-04,-1.75E-03,1.13E+00
366,1.01E-03,1.14E-03,-1.69E-03,1.05E+00
367,-1.01E-03,-1.81E-03,-8.85E-04,1.93E+00
368,9.58E-04,1.28E-03,-1.61E-03,9.79E-01
369,8.13E-04,1.21E-03,-1.74E-03,1.01E+00
370,-1.14E-03,-1.08E-03,-1.62E-03,1.12E+00
371,-9.92E-04,-1.03E-03,-1.75E-03,1.03E+00
372,-1.70E-03,-6.78E-04,-1.33E-03,9.78E-01
373,2.16E-03,-3.93E-04,-5.61E-04,7.21E-01
374,1.16E-03,1.92E-03,3.93E-04,6.60E-01
375,1.13E-03,1.96E-03,2.26E-04,6.26E-01
376,9.90E-04,2.02E-03,3.50E-04,7.38E-01
377,1.46E-03,-6.58E-04,-1.59E-03,5.52E-01
378,1.32E-03,-7.58E-04,-1.67E-03,7.01E-01
379,1.26E-03,9.24E-04,-1.65E-03,1.03E+00
380,1.19E-03,7.94E-04,-1.77E-03,1.12E+00
381,-1.06E-03,1.11E-03,-1.68E-03,1.19E+00
382,2.13E-03,-2.66E-04,-7.10E-04,6.34E-01
383,2.16E-03,-1.17E-04,-6.70E-04,6.67E-01
384,2.20E-03,-2.17E-04,-4.92E-04,8.00E-01
385,2.10E-03,-4.15E-04,-7.32E-04,5.93E-01
386,1.16E-03,1.27E-03,1.49E-03,6.34E+00
387,1.35E-03,1.18E-03,1.40E-03,5.38E+00
388,-5.48E-04,1.02E-03,1.96E-03,7.74E+00
389,-6.56E-04,1.14E-03,1.86E-03,8.18E+00
390,-6.53E-04,-9.41E-04,1.95E-03,8.11E+00
391,-6.12E-04,-1.12E-03,1.87E-03,7.56E+00
392,-1.18E-03,-7.19E-04,1.79E-03,8.59E+00
393,-1.75E-03,-1.40E-03,-2.63E-04,1.18E+00
394,-1.72E-03,-1.40E-03,-4.22E-04,1.16E+00
395,-1.67E-03,-1.50E-03,-2.26E-04,1.15E+00
396,1.32E-03,-1.52E-03,1.03E-03,3.15E+00
397,-1.61E-03,-7.01E-04,1.42E-03,6.46E+00
398,2.13E-03,4.81E-04,-6.10E-04,7.47E-01
399,2.16E-03,5.43E-04,-4.29E-04,7.93E-01
400,-2.05E-03,-6.78E-04,-6.84E-04,1.25E+00
401,1.12E-03,1.82E-03,8.01E-04,2.21E+00
402,1.16E-03,1.87E-03,6.02E-04,1.24E+00
403,9.99E-04,1.92E-03,7.05E-04,1.79E+00
404,-1.96E-03,-8.62E-04,-7.31E-04,1.23E+00
405,1.04E-03,1.18E-03,1.64E-03,7.49E+00
406,1.25E-03,1.11E-03,1.54E-03,6.51E+00
407,1.22E-03,-1.49E-03,1.18E-03,3.95E+00
408,1.30E-03,-1.35E-03,1.26E-03,4.30E+00
409,-1.25E-03,8.67E-04,-1.68E-03,1.07E+00
410,1.76E-04,9.48E-04,2.06E-03,7.13E+00
411,-1.24E-03,1.05E-03,-1.59E-03,1.18E+00
412,-1.12E-03,9.32E-04,-1.74E-03,1.13E+00
413,-6.91E-04,-7.35E-04,2.02E-03,8.38E+00
414,-1.65E-03,7.48E-04,1.37E-03,6.47E+00
415,-1.82E-03,1.28E-03,4.85E-04,3.28E+00
416,-1.71E-03,1.37E-03,5.96E-04,3.79E+00
417,1.21E-03,-9.10E-04,-1.68E-03,8.27E-01
418,1.17E-03,-7.97E-04,-1.76E-03,8.48E-01
419,1.08E-03,-1.97E-03,2.24E-04,1.09E+00
420,9.07E-04,-2.04E-03,2.75E-04,1.33E+00
421,9.44E-04,-2.04E-03,1.02E-04,1.21E+00
422,-1.64E-03,1.55E-03,-2.89E-04,1.47E+00
423,-1.49E-03,1.71E-03,-2.58E-04,1.51E+00
424,1.07E-03,-1.05E-03,-1.69E-03,9.38E-01
425,9.64E-04,-9.85E-04,-1.79E-03,1.06E+00
426,1.07E-03,-9.06E-04,-1.77E-03,9.67E-01
427,-5.46E-04,-8.49E-04,2.02E-03,7.93E+00
428,2.04E-03,-9.58E-04,-1.18E-04,9.86E-01
429,2.09E-03,-8.21E-04,-2.65E-04,8.98E-01
430,2.11E-03,-8.08E-04,-4.50E-05,1.09E+00
431,8.19E-04,-1.50E-03,1.47E-03,6.06E+00
432,6.66E-04,-1.63E-03,1.41E-03,6.08E+00
433,8.40E-04,-1.62E-03,1.33E-03,5.33E+00
434,6.27E-04,-1.49E-03,1.58E-03,6.77E+00
435,1.98E-03,1.12E-03,1.56E-05,7.79E-01
436,4.92E-04,-2.11E-03,-6.34E-04,1.82E+00
437,3.82E-04,-2.16E-03,-4.91E-04,2.21E+00
438,3.11E-04,-2.13E-03,-6.50E-04,2.04E+00
439,-1.59E-03,-1.56E-03,-3.27E-04,1.26E+00
440,-2.41E-04,1.52E-03,-1.67E-03,4.91E-01
441,-1.53E-04,1.42E-03,-1.77E-03,3.27E-01
442,-3.19E-04,1.40E-03,-1.77E-03,5.96E-01
443,-2.32E-04,-8.61E-04,2.08E-03,7.19E+00
444,-5.34E-04,2.03E-03,-8.83E-04,2.12E+00
445,-1.17E-03,-1.06E-03,1.62E-03,7.27E+00
446,5.70E-04,1.55E-03,1.56E-03,7.37E+00
447,7.55E-04,-2.09E-03,-3.94E-04,1.58E+00
448,7.88E-04,-2.10E-03,-1.99E-04,1.54E+00
449,6.09E-04,-2.15E-03,-2.82E-04,1.92E+00
450,1.14E-03,1.02E-03,1.68E-03,7.48E+00
451,1.21E-04,-2.15E-03,-6.54E-04,2.33E+00
452,1.01E-03,1.98E-03,5.18E-04,9.65E-01
453,1.50E-03,4.11E-04,-1.65E-03,7.47E-01
454,1.35E-03,4.43E-04,-1.77E-03,8.84E-01
455,7.81E-04,1.19E-04,2.13E-03,9.92E+00
456,9.38E-04,-6.75E-05,2.06E-03,9.81E+00
457,9.52E-04,1.49E-04,2.05E-03,9.86E+00
458,9.54E-04,-2.04E-03,-9.75E-05,1.24E+00
459,7.91E-04,-2.11E-03,-1.94E-05,1.55E+00
460,1.89E-03,1.26E-03,-1.80E-05,7.03E-01
461,3.64E-04,5.21E-04,2.18E-03,7.60E+00
462,2.06E-04,4.20E-04,2.22E-03,5.90E+00
463,4.18E-04,3.81E-04,2.20E-03,7.90E+00
464,1.43E-03,5.78E-04,-1.66E-03,8.80E-01
465,1.28E-03,6.18E-04,-1.77E-03,1.03E+00
466,1.34E-03,7.67E-04,-1.66E-03,9.88E-01
467,4.35E-05,8.63E-04,2.10E-03,6.09E+00
468,1.02E-03,-1.59E-03,1.24E-03,4.50E+00
469,8.39E-04,-1.74E-03,1.17E-03,4.64E+00
470,8.16E-05,-1.35E-03,1.81E-03,7.75E+00
471,-4.98E-04,-1.31E-03,-1.77E-03,3.57E-01
472,-1.74E-03,-1.23E-03,7.43E-04,3.83E+00
473,1.76E-03,1.42E-03,2.87E-04,8.61E-01
474,1.68E-03,1.47E-03,4.52E-04,1.05E+00
475,1.79E-03,1.33E-03,4.34E-04,1.11E+00
476,2.19E-03,3.61E-04,-4.80E-04,8.19E-01
477,2.87E-05,1.09E-03,2.00E-03,6.84E+00
478,1.59E-03,1.51E-03,6.11E-04,1.37E+00
479,1.73E-03,1.36E-03,5.82E-04,1.37E+00
480,4.29E-04,-1.51E-03,1.62E-03,7.19E+00
481,1.08E-03,-1.62E-04,1.98E-03,9.31E+00
482,1.09E-03,-3.43E-04,1.95E-03,8.99E+00
483,1.26E-03,-2.34E-04,1.87E-03,8.47E+00
484,1.83E-03,8.74E-05,1.53E-03,7.96E-01
485,1.64E-03,1.74E-04,1.56E-03,5.85E+00
486,1.64E-03,-1.83E-05,1.57E-03,6.01E+00
487,-3.75E-04,1.03E-03,1.99E-03,7.02E+00
488,-4.92E-04,1.16E-03,1.89E-03,7.78E+00
489,5.66E-04,-2.13E-03,-4.55E-04,1.88E+00
490,-4.34E-04,-1.18E-03,1.88E-03,7.34E+00
491,8.88E-05,2.08E-03,-9.27E-04,1.50E+00
492,-8.45E-05,2.08E-03,-9.37E-04,1.62E+00
493,-5.88E-05,2.14E-03,-7.82E-04,1.97E+00
494,1.03E-03,-1.96E-03,4.15E-04,1.38E+00
495,-6.98E-04,1.25E-03,-1.77E-03,1.09E+00
496,-1.65E-03,1.06E-03,1.15E-03,5.62E+00
497,-1.65E-03,1.22E-03,9.89E-04,5.15E+00
498,-7.04E-04,-1.98E-03,-8.10E-04,2.26E+00
499,1.57E-03,-3.67E-05,-1.64E-03,3.34E-01
500,1.56E-03,-1.82E-04,-1.63E-03,2.64E-01
501,1.43E-03,-6.79E-05,-1.76E-03,4.02E-01
502,1.28E-03,9.83E-04,1.60E-03,6.72E+00
503,4.30E-04,2.24E-03,-5.74E-05,3.01E+00
504,2.35E-04,2.27E-03,-4.59E-05,4.61E+00
505,3.83E-04,2.24E-03,1.35E-04,4.40E+00
506,2.12E-03,8.15E-04,1.06E-04,1.07E+00
507,2.15E-03,6.91E-04,2.58E-04,1.76E+00
508,2.16E-03,7.06E-04,4.19E-05,1.08E+00
509,9.83E-04,1.61E-03,1.28E-03,5.35E+00
510,7.98E-04,1.67E-03,1.32E-03,5.98E+00
511,-1.81E-03,1.37E-03,-2.42E-05,1.90E+00
512,-1.74E-03,1.46E-03,1.15E-04,2.15E+00
513,-1.71E-03,1.50E-03,-8.72E-05,1.75E+00
514,1.13E-03,-1.87E-03,5.39E-04,1.61E+00
515,9.53E-04,-1.96E-03,5.76E-04,1.89E+00
516,1.08E-03,-5.00E-04,1.92E-03,8.78E+00
517,1.18E-03,-5.77E-04,1.85E-03,8.09E+00
518,1.26E-03,-4.08E-04,1.84E-03,7.99E+00
519,-1.37E-03,-1.69E-03,-5.94E-04,1.66E+00
520,8.84E-04,-6.47E-04,1.98E-03,9.26E+00
521,9.83E-04,2.05E-03,1.63E-04,9.23E-01
522,1.09E-03,1.66E-03,1.11E-03,4.16E+00
523,8.86E-04,1.76E-03,1.15E-03,4.72E+00
524,-5.35E-04,-2.00E-03,-8.92E-04,2.05E+00
525,9.71E-04,1.88E-03,8.55E-04,2.72E+00
526,1.03E-03,1.78E-03,9.75E-04,3.35E+00
527,-1.92E-03,3.64E-04,1.15E-03,5.08E+00
528,-1.99E-03,1.90E-04,1.07E-03,4.74E+00
529,-1.89E-03,1.90E-04,1.24E-03,5.50E+00
530,-1.82E-03,3.64E-04,1.31E-03,5.88E+00
531,-1.78E-03,1.90E-04,1.40E-03,6.33E+00
532,2.08E-03,8.94E-04,2.22E-04,1.15E+00
533,2.16E-03,-6.71E-04,-1.34E-04,1.04E+00
534,1.54E-03,1.48E-03,7.87E-04,1.94E+00
535,1.58E-03,1.37E-03,8.94E-04,2.32E+00
536,2.21E-03,-9.92E-06,-5.09E-04,8.06E-01
537,-9.70E-04,1.09E-03,1.74E-03,8.57E+00
538,1.83E-03,1.35E-03,1.30E-04,7.50E-01
539,1.86E-03,1.28E-03,2.85E-04,9.39E-01
540,1.24E-04,2.17E-03,-6.94E-04,1.98E+00
541,-1.70E-03,1.48E-03,2.99E-04,2.84E+00
542,1.86E-03,-1.26E-03,2.77E-04,1.33E+00
543,1.93E-03,-1.17E-03,1.47E-04,1.19E+00
544,1.96E-03,-1.08E-03,3.01E-04,1.40E+00
545,-1.52E-03,1.23E-03,1.16E-03,5.95E+00
546,-1.70E-03,1.29E-03,7.91E-04,4.49E+00
547,4.29E-04,2.20E-03,-4.37E-04,2.11E+00
548,-1.73E-03,-1.45E-03,-1.12E-04,1.20E+00
549,-1.59E-04,1.04E-03,2.01E-03,6.51E+00
550,-1.28E-04,1.24E-03,1.90E-03,7.30E+00
551,1.92E-03,1.21E-03,1.47E-04,8.39E-01
552,6.04E-04,-7.95E-04,-2.03E-03,1.19E+00
553,3.97E-04,-9.32E-04,-2.02E-03,9.47E-01
554,4.29E-04,-7.26E-04,-2.10E-03,3.00E+00
555,2.20E-03,-4.08E-04,-3.56E-04,9.19E-01
556,2.19E-03,-5.17E-04,-1.93E-04,1.04E+00
557,2.23E-03,-2.30E-04,-2.92E-04,1.03E+00
558,6.03E-04,8.26E-04,-2.03E-03,1.03E+00
559,7.74E-04,6.67E-04,-2.03E-03,1.25E+00
560,5.87E-04,6.38E-04,-2.10E-03,3.20E+00
561,9.04E-04,4.70E-04,-2.03E-03,1.26E+00
562,7.16E-04,4.87E-04,-2.10E-03,2.99E+00
563,-9.65E-04,-3.58E-04,-2.02E-03,1.20E+00
564,-1.12E-03,-1.95E-04,-1.96E-03,8.02E-01
565,-8.33E-04,-1.83E-04,-2.10E-03,2.30E+00
566,4.01E-04,2.44E-05,2.23E-03,8.19E+00
567,-1.29E-03,1.77E-03,-6.12E-04,1.76E+00
568,-1.29E-03,1.82E-03,-4.51E-04,1.83E+00
569,-1.03E-03,1.46E-05,-2.02E-03,7.65E-01
570,-2.12E-03,5.37E-04,-6.08E-04,1.24E+00
571,-2.18E-03,3.64E-04,-5.24E-04,1.29E+00
572,-2.16E-03,5.37E-04,-4.24E-04,1.44E+00
573,9.81E-04,2.06E-03,-3.20E-05,1.10E+00
574,8.33E-04,2.12E-03,7.34E-05,1.42E+00
575,1.57E-03,-1.08E-03,1.22E-03,3.79E+00
576,1.66E-03,1.37E-03,7.40E-04,1.77E+00
577,1.09E-03,2.99E-05,1.99E-03,9.43E+00
578,1.70E-03,-1.16E-03,9.33E-04,2.56E+00
579,9.84E-04,2.48E-04,-2.03E-03,1.05E+00
580,1.01E-03,1.62E-05,-2.03E-03,8.98E-01
581,8.50E-04,1.15E-04,-2.10E-03,2.73E+00
582,-5.86E-05,-9.94E-04,-2.03E-03,5.69E-01
583,-2.89E-04,-9.53E-04,-2.03E-03,6.25E-01
584,-1.48E-04,-8.27E-04,-2.10E-03,2.85E+00
585,8.05E-04,3.09E-04,-2.10E-03,2.90E+00
586,-2.10E-03,7.07E-04,-5.05E-04,1.37E+00
587,1.89E-03,9.48E-04,8.33E-04,2.14E+00
588,1.91E-03,7.86E-04,9.49E-04,2.04E+00
589,1.99E-03,7.84E-04,7.73E-04,2.09E+00
590,-1.57E-03,1.65E-03,-1.15E-04,1.56E+00
591,7.21E-04,-1.20E-03,-1.78E-03,1.11E+00
592,-2.15E-04,2.10E-03,-8.71E-04,1.93E+00
593,9.05E-04,-4.38E-04,-2.03E-03,1.11E+00
594,7.75E-04,-6.35E-04,-2.03E-03,1.15E+00
595,7.17E-04,-4.55E-04,-2.10E-03,2.56E+00
596,-5.04E-04,-8.62E-04,-2.03E-03,7.30E-01
597,-6.94E-04,-7.21E-04,-2.03E-03,1.09E+00
598,-5.11E-04,-6.73E-04,-2.10E-03,2.85E+00
599,-8.45E-04,-5.41E-04,-2.03E-03,1.26E+00
600,-6.56E-04,-5.36E-04,-2.10E-03,2.84E+00
601,-8.18E-04,1.08E-03,1.83E-03,8.42E+00
602,2.06E-03,-9.19E-04,6.40E-05,1.17E+00
603,-7.65E-04,-3.69E-04,-2.10E-03,2.66E+00
604,9.38E-04,-1.85E-03,8.81E-04,3.19E+00
605,2.26E-03,-5.53E-05,-1.58E-04,1.32E+00
606,2.25E-03,2.16E-04,-1.69E-04,1.21E+00
607,2.27E-03,7.14E-05,-9.34E-07,2.17E+00
608,-1.49E-03,-1.22E-03,1.19E-03,5.79E+00
609,-1.08E-03,2.62E-04,-1.98E-03,8.35E-01
610,-9.69E-04,4.37E-04,-2.00E-03,1.12E+00
611,-8.33E-04,2.12E-04,-2.10E-03,2.40E+00
612,2.11E-03,6.88E-04,9.17E-04,1.02E+00
613,-2.64E-04,-1.19E-03,1.90E-03,7.36E+00
614,2.04E-03,6.71E-04,1.07E-03,8.55E-01
615,-5.36E-04,2.10E-03,-6.99E-04,2.62E+00
616,-3.88E-04,2.10E-03,-7.89E-04,2.32E+00
617,1.83E-03,7.40E-04,1.12E-03,2.32E+00
618,2.26E-04,-6.83E-04,2.15E-03,8.26E+00
619,3.10E-04,-4.97E-04,2.19E-03,8.37E+00
620,1.09E-04,-5.03E-04,2.20E-03,6.87E+00
621,1.11E-03,1.90E-04,1.97E-03,9.45E+00
622,1.02E-03,6.87E-04,1.91E-03,9.26E+00
623,1.17E-03,7.32E-04,1.80E-03,8.37E+00
624,1.08E-03,9.07E-04,1.78E-03,8.38E+00
625,-3.18E-04,1.20E-03,1.91E-03,7.41E+00
626,-1.48E-03,5.55E-04,1.63E-03,7.91E+00
627,2.56E-03,-1.18E-04,7.15E-04,2.28E-01
628,2.61E-03,-9.59E-06,9.02E-04,2.74E-01
629,2.56E-03,-2.00E-04,9.02E-04,2.67E-01
630,-1.49E-03,1.41E-03,9.85E-04,5.56E+00
631,-1.33E-03,1.52E-03,1.06E-03,6.11E+00
632,-1.43E-03,1.55E-03,8.53E-04,5.59E+00
633,-1.18E-03,1.88E-03,-5.20E-04,2.01E+00
634,2.01E-03,1.65E-04,1.48E-03,3.82E-01
635,1.85E-03,2.47E-04,1.50E-03,6.91E-01
636,-1.33E-03,3.92E-04,-1.80E-03,5.67E-01
637,1.33E-03,-3.71E-04,-1.80E-03,5.18E-01
638,2.01E-03,2.15E-05,1.49E-03,3.87E-01
639,-6.04E-05,1.02E-03,-2.03E-03,5.69E-01
640,1.75E-04,1.01E-03,-2.03E-03,5.53E-01
641,4.94E-05,8.71E-04,-2.10E-03,3.27E+00
642,-6.95E-04,7.50E-04,-2.03E-03,1.44E+00
643,-2.90E-04,9.83E-04,-2.03E-03,7.72E-01
644,1.78E-03,-1.18E-03,7.44E-04,2.08E+00
645,-1.85E-03,5.55E-04,1.19E-03,5.41E+00
646,-1.95E-03,7.00E-04,9.21E-04,4.31E+00
647,-1.95E-03,5.55E-04,1.03E-03,4.67E+00
648,-2.03E-03,5.55E-04,8.59E-04,4.04E+00
649,-8.45E-04,5.69E-04,-2.03E-03,1.36E+00
650,-7.65E-04,3.99E-04,-2.10E-03,2.77E+00
651,1.90E-03,-1.14E-03,4.37E-04,1.58E+00
652,-1.71E-03,-1.44E-03,3.03E-04,2.21E+00
653,1.81E-03,1.12E-03,7.90E-04,1.83E+00
654,1.76E-03,1.10E-03,9.25E-04,2.27E+00
655,1.20E-03,-7.03E-04,1.79E-03,7.62E+00
656,1.33E-03,-6.92E-04,1.69E-03,6.82E+00
657,1.31E-03,-5.70E-04,1.76E-03,7.34E+00
658,-1.59E-03,-1.42E-03,7.41E-04,4.27E+00
659,-1.43E-03,-1.53E-03,8.45E-04,5.35E+00
660,1.14E-03,5.22E-04,1.89E-03,8.96E+00
661,-2.39E-04,2.16E-03,-6.74E-04,2.53E+00
662,1.23E-03,8.81E-04,1.69E-03,7.47E+00
663,2.26E-03,-1.60E-04,1.46E-05,2.21E+00
664,1.34E-03,-1.10E-03,1.45E-03,5.24E+00
665,1.49E-03,-1.02E-03,1.36E-03,4.52E+00
666,1.43E-03,-9.25E-04,1.49E-03,5.31E+00
667,-7.90E-04,2.03E-03,-6.63E-04,2.57E+00
668,-2.84E-04,-5.08E-04,2.19E-03,5.38E+00
669,-2.34E-04,3.70E-04,2.23E-03,3.29E+00
670,-3.07E-04,1.95E-04,2.24E-03,3.06E+00
671,-1.24E-04,2.09E-04,2.26E-03,1.65E+00
672,-2.09E-03,5.37E-04,7.00E-04,3.52E+00
673,2.54E-03,-1.41E-04,1.09E-03,2.75E-01
674,6.65E-04,2.17E-03,-1.97E-04,1.86E+00
675,-1.38E-03,-3.52E-04,-1.76E-03,6.34E-01
676,-1.45E-03,-1.76E-04,-1.73E-03,4.15E-01
677,-1.31E-03,-1.76E-04,-1.84E-03,5.13E-01
678,2.24E-03,7.44E-05,-3.30E-04,9.97E-01
679,-7.79E-05,1.41E-03,1.78E-03,7.65E+00
680,-1.52E-03,-3.51E-04,-1.64E-03,6.16E-01
681,-1.59E-03,-1.73E-04,-1.60E-03,3.92E-01
682,-1.34E-03,5.55E-04,1.75E-03,8.62E+00
683,-2.19E-03,5.37E-04,-2.36E-04,1.67E+00
684,4.90E-04,2.13E-04,2.20E-03,8.68E+00
685,2.92E-04,2.16E-04,2.24E-03,7.03E+00
686,-1.37E-03,1.38E-03,1.18E-03,6.39E+00
687,-1.19E-03,1.50E-03,1.24E-03,7.00E+00
688,1.94E-04,1.52E-03,1.69E-03,7.53E+00
689,-1.02E-03,5.55E-04,1.95E-03,9.20E+00
690,-8.48E-04,5.55E-04,2.03E-03,8.81E+00
691,6.78E-04,2.07E-03,6.65E-04,2.19E+00
692,5.17E-04,2.15E-03,5.68E-04,3.27E+00
693,5.17E-04,2.08E-03,7.87E-04,4.00E+00
694,-2.20E-03,5.37E-04,-4.67E-05,1.95E+00
695,-1.02E-03,-1.88E-03,-6.95E-04,2.26E+00
696,-1.89E-03,5.37E-04,-1.13E-03,8.01E-01
697,-1.87E-03,3.64E-04,-1.23E-03,6.05E-01
698,-1.97E-03,3.64E-04,-1.06E-03,7.35E-01
699,-1.18E-04,-1.32E-03,1.83E-03,7.46E+00
700,-1.98E-03,5.37E-04,-9.62E-04,9.18E-01
701,-2.05E-03,3.64E-04,-8.89E-04,9.02E-01
702,-1.74E-03,5.55E-04,1.35E-03,6.23E+00
703,2.01E-03,-1.03E-03,1.83E-04,1.28E+00
704,1.22E-03,-8.50E-04,1.70E-03,6.93E+00
705,1.38E-03,-8.17E-04,1.59E-03,6.07E+00
706,1.29E-03,-9.64E-04,1.59E-03,6.09E+00
707,-1.62E-03,5.55E-04,1.49E-03,7.08E+00
708,1.32E-03,-1.94E-04,-1.83E-03,4.98E-01
709,-2.15E-03,-3.35E-04,6.19E-04,3.30E+00
710,-2.14E-03,-1.61E-04,7.17E-04,3.55E+00
711,-2.20E-03,-1.61E-04,5.31E-04,3.06E+00
712,-2.09E-03,-3.35E-04,8.02E-04,3.81E+00
713,-2.07E-03,-1.61E-04,8.99E-04,4.11E+00
714,-1.50E-03,3.70E-04,-1.66E-03,4.79E-01
715,-1.55E-03,5.40E-04,-1.57E-03,6.77E-01
716,-1.63E-03,3.64E-04,-1.53E-03,4.67E-01
717,2.81E-05,1.60E-03,1.62E-03,7.44E+00
718,5.81E-05,1.73E-03,1.48E-03,7.64E+00
719,-1.54E-04,1.66E-03,1.56E-03,8.03E+00
720,-1.18E-03,5.55E-04,1.86E-03,9.07E+00
721,2.21E-03,5.10E-04,1.24E-04,1.83E+00
722,-1.67E-03,5.37E-04,-1.44E-03,6.78E-01
723,-1.76E-03,3.64E-04,-1.38E-03,5.14E-01
724,-4.14E-06,-1.58E-03,1.61E-03,7.22E+00
725,-1.58E-04,-1.65E-03,1.53E-03,7.65E+00
726,-1.79E-03,5.37E-04,-1.29E-03,7.22E-01
727,-1.17E-03,1.92E-03,-3.52E-04,2.28E+00
728,-1.02E-03,2.02E-03,-2.76E-04,3.14E+00
729,1.33E-03,1.31E-04,-1.83E-03,6.49E-01
730,-1.44E-03,-5.57E-04,-1.65E-03,8.38E-01
731,4.36E-04,1.27E-03,-1.83E-03,5.99E-01
732,-1.70E-03,-3.35E-04,1.46E-03,6.63E+00
733,-1.65E-03,-1.61E-04,1.55E-03,7.17E+00
734,-1.78E-03,-1.61E-04,1.40E-03,6.29E+00
735,-2.06E-03,5.37E-04,-7.88E-04,1.07E+00
736,-2.12E-03,3.64E-04,-7.09E-04,1.09E+00
737,-1.62E-04,-6.94E-04,2.15E-03,6.48E+00
738,-8.97E-05,-5.07E-04,2.20E-03,5.43E+00
739,-2.14E-03,5.37E-04,5.18E-04,3.07E+00
740,3.13E-05,-6.91E-04,2.15E-03,7.19E+00
741,-2.20E-03,5.37E-04,1.43E-04,2.31E+00
742,2.18E-03,-6.16E-04,7.55E-04,1.19E+00
743,2.10E-03,-6.54E-04,5.38E-04,2.56E+00
744,2.28E-03,-5.17E-04,6.13E-04,1.06E+00
745,-1.14E-03,-7.29E-04,-1.81E-03,1.07E+00
746,1.19E-03,-6.52E-04,-1.81E-03,7.91E-01
747,-4.85E-04,5.33E-04,2.15E-03,6.30E+00
748,-6.70E-04,5.52E-04,2.10E-03,7.84E+00
749,2.23E-03,2.48E-04,-3.54E-04,9.41E-01
750,-2.18E-03,5.37E-04,3.32E-04,2.67E+00
751,1.19E-04,1.35E-03,-1.83E-03,2.17E-01
752,-1.39E-03,1.21E-03,1.33E-03,6.69E+00
753,-9.45E-04,1.00E-03,-1.81E-03,1.19E+00
754,-1.61E-04,5.67E-04,2.19E-03,4.09E+00
755,-1.98E-03,-5.08E-04,-9.62E-04,1.01E+00
756,2.07E-03,8.29E-04,4.28E-04,1.78E+00
757,-1.28E-03,-6.35E-04,-1.75E-03,9.47E-01
758,4.08E-04,-3.23E-04,2.20E-03,8.70E+00
759,-3.95E-04,2.15E-03,-6.55E-04,2.78E+00
760,-1.62E-03,-1.29E-03,8.89E-04,4.68E+00
761,4.80E-04,-1.24E-03,-1.83E-03,1.03E+00
762,-7.08E-04,-1.11E-03,-1.83E-03,7.94E-01
763,-1.20E-03,-1.46E-03,1.24E-03,6.63E+00
764,-1.35E-03,-1.48E-03,1.05E-03,6.22E+00
765,-1.17E-03,-1.60E-03,1.08E-03,6.80E+00
766,2.10E-03,8.55E-04,-5.47E-05,8.71E-01
767,-9.94E-04,-8.80E-04,-1.83E-03,1.09E+00
768,5.74E-04,2.20E-03,1.63E-04,2.64E+00
769,-1.69E-03,-5.05E-04,-1.42E-03,7.99E-01
770,-1.79E-03,-5.08E-04,-1.29E-03,8.41E-01
771,-1.89E-03,-5.08E-04,-1.13E-03,9.09E-01
772,8.70E-04,1.06E-03,-1.81E-03,1.14E+00
773,-2.48E-04,-1.28E-03,-1.84E-03,1.95E-01
774,-2.06E-03,-5.08E-04,-7.88E-04,1.12E+00
775,2.09E-03,-6.51E-04,9.28E-04,1.22E+00
776,2.02E-03,-7.23E-04,7.02E-04,2.40E+00
777,2.14E-03,7.42E-04,-1.26E-04,8.67E-01
778,1.05E-03,8.24E-04,-1.84E-03,1.23E+00
779,-1.16E-03,1.23E-03,1.52E-03,7.66E+00
780,1.84E-03,-7.69E-05,1.53E-03,8.16E-01
781,1.65E-03,-2.08E-04,1.54E-03,5.57E+00
782,1.86E-03,-2.37E-04,1.48E-03,7.44E-01
783,9.56E-04,-8.87E-04,-1.85E-03,1.11E+00
784,4.28E-05,1.49E-03,1.72E-03,7.74E+00
785,2.16E-03,-5.43E-04,3.94E-04,2.77E+00
786,2.30E-03,-4.16E-04,4.59E-04,1.53E+00
787,1.14E-03,-1.16E-04,-1.95E-03,8.01E-01
788,9.85E-04,-2.16E-04,-2.03E-03,1.02E+00
789,2.75E-04,-1.11E-03,-1.95E-03,8.35E-01
790,1.76E-04,-9.81E-04,-2.03E-03,7.34E-01
791,8.54E-04,1.88E-03,9.66E-04,3.63E+00
792,1.09E-03,-3.49E-04,-1.95E-03,8.86E-01
793,-1.72E-03,-5.26E-04,1.38E-03,6.16E+00
794,-2.16E-03,-5.08E-04,-4.24E-04,1.44E+00
795,6.69E-05,-1.13E-03,-1.95E-03,5.83E-01
796,-1.93E-04,1.17E-03,-1.94E-03,5.54E-01
797,-2.41E-04,-2.18E-03,-4.96E-04,3.59E+00
798,-3.74E-04,-2.19E-03,-3.55E-04,5.28E+00
799,-1.58E-03,-1.59E-03,2.61E-04,1.85E+00
800,-8.78E-04,7.39E-04,-1.96E-03,1.36E+00
801,-4.63E-04,-2.14E-03,-5.48E-04,3.52E+00
802,-2.25E-03,1.90E-04,1.47E-04,2.24E+00
803,-2.25E-03,1.46E-05,2.44E-04,2.43E+00
804,-2.23E-03,1.90E-04,3.40E-04,2.62E+00
805,4.33E-04,-2.21E-03,-6.55E-05,2.88E+00
806,-1.14E-03,-1.91E-03,-3.65E-04,2.77E+00
807,-2.19E-03,-5.08E-04,-2.36E-04,1.67E+00
808,-1.82E-03,-3.35E-04,1.31E-03,5.79E+00
809,-1.89E-03,-1.61E-04,1.24E-03,5.47E+00
810,-6.70E-04,-1.61E-04,2.16E-03,7.53E+00
811,-4.82E-04,-1.61E-04,2.21E-03,5.55E+00
812,-5.79E-04,1.46E-05,2.19E-03,6.44E+00
813,-3.88E-04,1.46E-05,2.23E-03,4.00E+00
814,-2.20E-03,-5.08E-04,1.43E-04,2.27E+00
815,-2.01E-03,-3.35E-04,9.78E-04,4.41E+00
816,-1.99E-03,-1.61E-04,1.07E-03,4.75E+00
817,-2.09E-03,-5.08E-04,7.00E-04,3.53E+00
818,2.46E-04,1.69E-03,1.51E-03,7.38E+00
819,2.36E-04,1.82E-03,1.35E-03,7.36E+00
820,-1.62E-03,1.59E-03,3.16E-05,1.85E+00
821,-1.92E-03,-3.35E-04,1.15E-03,5.07E+00
822,1.55E-03,-3.63E-04,1.61E-03,7.00E+00
823,1.68E-03,-3.83E-04,1.46E-03,4.74E+00
824,1.63E-03,7.03E-04,1.41E-03,5.22E+00
825,1.71E-03,8.38E-04,1.24E-03,3.82E+00
826,2.06E-03,9.66E-04,6.60E-05,9.12E-01
827,2.01E-03,1.05E-03,1.77E-04,9.53E-01
828,-2.12E-03,-5.08E-04,-6.08E-04,1.27E+00
829,-1.51E-03,1.90E-04,1.68E-03,8.09E+00
830,-1.44E-03,1.46E-05,1.75E-03,8.57E+00
831,-1.36E-03,1.90E-04,1.81E-03,8.84E+00
832,-1.28E-03,1.46E-05,1.87E-03,9.23E+00
833,-1.20E-03,1.90E-04,1.92E-03,9.33E+00
834,-1.12E-03,1.46E-05,1.97E-03,9.53E+00
835,-1.03E-03,1.90E-04,2.01E-03,9.44E+00
836,-1.83E-03,-1.61E-04,-1.32E-03,5.26E-01
837,-1.89E-03,1.46E-05,-1.24E-03,4.99E-01
838,-1.78E-03,1.46E-05,-1.40E-03,3.53E-01
839,-1.94E-03,-1.61E-04,-1.16E-03,6.51E-01
840,-2.22E-03,1.46E-05,4.37E-04,2.83E+00
841,-2.14E-03,-5.08E-04,5.18E-04,3.07E+00
842,-9.45E-04,1.46E-05,2.06E-03,9.25E+00
843,-8.53E-04,1.90E-04,2.09E-03,8.89E+00
844,-6.70E-04,1.90E-04,2.16E-03,7.49E+00
845,-4.82E-04,1.90E-04,2.21E-03,5.43E+00
846,-2.27E-03,1.46E-05,4.95E-05,2.07E+00
847,1.22E-03,-4.91E-05,1.91E-03,8.92E+00
848,1.21E-03,3.09E-04,1.90E-03,8.96E+00
849,2.11E-03,-7.32E-04,3.54E-04,2.08E+00
850,-1.59E-03,-5.26E-04,1.52E-03,6.98E+00
851,-2.20E-03,-5.08E-04,-4.67E-05,1.95E+00
852,1.80E-03,9.21E-04,1.04E-03,2.76E+00
853,-3.30E-04,5.02E-04,2.19E-03,4.78E+00
854,-6.39E-04,-5.23E-04,2.11E-03,7.83E+00
855,-1.93E-03,-5.26E-04,1.06E-03,4.78E+00
856,1.58E-03,1.17E-03,1.14E-03,3.48E+00
857,-2.08E-04,1.31E-03,-1.85E-03,4.70E-01
858,6.86E-04,-1.75E-03,1.25E-03,5.28E+00
859,2.21E-03,-3.95E-04,2.81E-04,2.97E+00
860,6.92E-04,-2.04E-03,6.56E-04,2.92E+00
861,1.41E-03,1.00E-03,1.47E-03,5.69E+00
862,-2.18E-03,-5.08E-04,3.32E-04,2.64E+00
863,4.93E-04,-1.64E-03,1.47E-03,6.53E+00
864,-2.02E-03,-5.08E-04,8.77E-04,4.12E+00
865,-2.25E-03,-1.61E-04,-2.42E-04,1.62E+00
866,-2.26E-03,1.46E-05,-1.45E-04,1.75E+00
867,-2.24E-03,1.46E-05,-3.39E-04,1.47E+00
868,-2.26E-03,-1.61E-04,-4.78E-05,1.93E+00
869,2.11E-03,-5.59E-04,1.11E-03,4.21E-01
870,2.22E-03,-5.46E-04,9.77E-04,3.25E-01
871,2.35E-03,-4.29E-04,1.02E-03,9.80E-02
872,-1.31E-03,-5.26E-04,1.77E-03,8.57E+00
873,2.35E-03,-2.83E-04,3.96E-04,1.37E+00
874,2.24E-03,-2.22E-04,2.04E-04,3.09E+00
875,2.37E-03,-1.25E-04,3.43E-04,1.39E+00
876,-2.25E-03,-1.61E-04,1.47E-04,2.28E+00
877,1.71E-03,1.24E-03,8.48E-04,2.03E+00
878,1.64E-03,1.22E-03,9.91E-04,2.66E+00
879,7.61E-04,-2.11E-03,1.63E-04,1.64E+00
880,2.26E-03,-3.34E-05,1.70E-04,3.13E+00
881,-1.69E-03,-1.49E-03,9.81E-05,1.47E+00
882,8.05E-04,-1.86E-03,9.94E-04,4.02E+00
883,-8.16E-04,-5.26E-04,2.05E-03,8.78E+00
884,-2.18E-03,1.46E-05,6.26E-04,3.28E+00
885,-2.12E-03,1.46E-05,8.11E-04,3.81E+00
886,-1.15E-03,-5.26E-04,1.88E-03,9.09E+00
887,6.16E-04,-2.16E-03,-1.11E-04,2.01E+00
888,-1.83E-03,-5.26E-04,1.22E-03,5.44E+00
889,2.42E-03,-3.89E-04,7.23E-04,7.22E-02
890,2.41E-03,-3.40E-04,5.70E-04,3.44E-01
891,1.83E-04,-2.19E-03,-5.06E-04,2.58E+00
892,2.38E-03,4.28E-05,3.27E-04,1.43E+00
893,-4.42E-04,-2.08E-03,-7.32E-04,2.55E+00
894,-1.46E-03,-5.26E-04,1.65E-03,7.82E+00
895,-7.32E-04,1.25E-03,1.76E-03,8.28E+00
896,1.94E-03,-8.97E-04,7.46E-04,2.33E+00
897,1.95E-03,-7.46E-04,8.76E-04,2.42E+00
898,-1.36E-03,-1.61E-04,1.81E-03,8.85E+00
899,-1.20E-03,-1.61E-04,1.92E-03,9.38E+00
900,-1.03E-03,-1.61E-04,2.01E-03,9.44E+00
901,-9.88E-04,-5.26E-04,1.97E-03,9.22E+00
902,1.52E-03,-1.42E-04,1.67E-03,7.90E+00
903,-1.58E-03,-4.94E-04,-1.54E-03,7.76E-01
904,-1.02E-03,1.24E-03,1.61E-03,8.12E+00
905,-7.21E-04,-1.22E-03,1.76E-03,7.49E+00
906,-2.01E-03,3.64E-04,9.78E-04,4.39E+00
907,-7.54E-05,-2.16E-03,-6.37E-04,2.64E+00
908,-1.20E-03,1.46E-05,-1.92E-03,5.03E-01
909,-4.43E-04,1.30E-03,1.81E-03,7.85E+00
910,-2.11E-03,1.90E-04,-8.07E-04,9.46E-01
911,-2.08E-03,1.46E-05,-9.00E-04,8.37E-01
912,-2.15E-03,1.46E-05,-7.18E-04,1.03E+00
913,8.56E-04,-1.96E-03,7.18E-04,2.58E+00
914,-1.70E-03,3.64E-04,1.46E-03,6.74E+00
915,4.19E-04,-2.19E-03,-3.31E-04,2.39E+00
916,8.42E-04,-2.05E-03,4.31E-04,1.67E+00
917,-1.95E-04,1.46E-05,2.26E-03,1.04E+00
918,-1.95E-03,1.46E-05,1.16E-03,5.13E+00
919,8.79E-04,2.00E-03,6.40E-04,1.54E+00
920,-1.18E-03,7.27E-04,-1.80E-03,1.02E+00
921,2.06E-03,-4.64E-04,1.27E-03,3.24E-01
922,1.98E-03,-6.07E-04,1.15E-03,9.77E-01
923,-7.65E-04,1.46E-05,2.13E-03,8.22E+00
924,-2.23E-03,3.64E-04,2.41E-04,2.46E+00
925,-2.20E-03,3.64E-04,4.32E-04,2.85E+00
926,2.27E-03,-3.65E-04,1.22E-03,1.73E-01
927,-1.42E-03,3.64E-04,1.73E-03,8.40E+00
928,-1.27E-03,3.64E-04,1.85E-03,8.98E+00
929,-1.36E-03,1.46E-05,-1.81E-03,2.53E-01
930,1.90E-03,-3.95E-04,1.39E-03,7.35E-01
931,1.90E-03,-5.28E-04,1.29E-03,1.02E+00
932,-1.51E-03,1.46E-05,-1.69E-03,1.92E-01
933,1.87E-03,1.10E-03,6.76E-04,1.62E+00
934,1.98E-03,9.16E-04,6.23E-04,1.88E+00
935,-1.65E-03,1.46E-05,-1.55E-03,2.43E-01
936,2.19E-03,5.99E-04,-5.13E-05,1.06E+00
937,-2.25E-03,1.90E-04,-2.42E-04,1.62E+00
938,1.73E-03,-5.32E-04,1.35E-03,3.65E+00
939,2.47E-03,-3.43E-04,8.82E-04,1.73E-01
940,2.46E-03,-2.95E-04,1.06E-03,2.20E-01
941,-2.26E-03,1.90E-04,-4.78E-05,1.90E+00
942,1.83E-03,1.22E-03,5.68E-04,1.36E+00
943,2.25E-03,1.59E-04,1.79E-04,3.05E+00
944,-1.84E-03,1.46E-05,1.32E-03,5.93E+00
945,6.81E-04,1.12E-03,-1.86E-03,1.00E+00
946,2.03E-03,9.79E-04,3.08E-04,1.17E+00
947,2.01E-03,-1.25E-04,1.47E-03,3.56E-01
948,2.01E-03,-2.45E-04,1.43E-03,2.79E-01
949,2.03E-03,-8.42E-04,5.40E-04,2.17E+00
950,-1.72E-03,1.46E-05,1.48E-03,6.79E+00
951,-2.03E-03,-1.61E-04,-9.86E-04,7.97E-01
952,-1.99E-03,1.46E-05,-1.08E-03,6.57E-01
953,-5.91E-05,1.30E-03,-1.86E-03,3.15E-01
954,-2.11E-03,-1.61E-04,-8.07E-04,9.64E-01
955,-8.14E-04,-1.99E-03,-6.74E-04,2.59E+00
956,-2.17E-03,-1.61E-04,-6.23E-04,1.15E+00
957,-2.20E-03,1.46E-05,-5.31E-04,1.24E+00
958,1.69E-04,-1.26E-03,-1.87E-03,6.49E-01
959,3.44E-04,-1.24E-03,-1.85E-03,8.99E-01
960,5.08E-04,2.21E-03,-2.31E-04,2.24E+00
961,-8.21E-04,-9.85E-04,-1.86E-03,1.00E+00
962,-1.11E-03,3.64E-04,1.95E-03,9.28E+00
963,-9.34E-04,3.64E-04,2.04E-03,9.15E+00
964,1.25E-03,3.08E-04,-1.86E-03,9.14E-01
965,-5.94E-04,1.30E-03,1.77E-03,7.97E+00
966,-6.34E-05,-1.27E-03,-1.86E-03,3.68E-01
967,2.47E-03,-1.72E-04,5.23E-04,2.03E-01
968,2.46E-03,-3.40E-05,4.48E-04,3.94E-01
969,1.37E-03,-3.58E-05,1.81E-03,8.25E+00
970,1.51E-03,8.95E-05,1.69E-03,8.19E+00
971,1.10E-03,6.74E-04,-1.87E-03,1.23E+00
972,-5.51E-04,-1.28E-03,1.77E-03,7.14E+00
973,1.21E-03,-4.61E-04,-1.86E-03,7.12E-01
974,-3.42E-04,-1.32E-03,1.80E-03,7.06E+00
975,1.20E-03,4.81E-04,-1.87E-03,1.09E+00
976,6.01E-04,-1.14E-03,-1.85E-03,1.15E+00
977,-7.56E-04,3.64E-04,2.11E-03,8.35E+00
978,-5.72E-04,3.64E-04,2.17E-03,6.82E+00
979,-1.29E-03,-1.20E-03,1.41E-03,6.37E+00
980,-6.14E-04,-2.05E-03,-6.99E-04,2.70E+00
981,-2.23E-03,-1.61E-04,3.40E-04,2.64E+00
982,-1.26E-03,-1.81E-03,-4.68E-04,2.11E+00
983,2.06E-03,7.33E-04,6.03E-04,2.25E+00
984,2.13E-03,6.39E-04,4.50E-04,2.46E+00
985,2.28E-03,-8.80E-05,1.37E-03,3.59E-01
986,2.40E-03,-2.13E-04,1.23E-03,2.65E-01
987,2.47E-03,-4.71E-05,1.24E-03,2.97E-01
988,-2.82E-04,-2.13E-03,-6.84E-04,2.61E+00
989,1.60E-03,-5.61E-04,1.50E-03,5.71E+00
990,1.35E-04,-1.49E-03,1.69E-03,7.50E+00
991,-7.45E-04,1.08E-03,-1.86E-03,1.24E+00
992,-3.65E-04,1.25E-03,-1.86E-03,7.42E-01
993,8.38E-04,-9.53E-04,-1.87E-03,1.19E+00
994,-1.18E-03,-1.20E-03,1.50E-03,6.62E+00
995,-1.62E-03,-1.57E-03,-4.44E-05,1.19E+00
996,-5.54E-04,1.18E-03,-1.86E-03,1.07E+00
997,-8.53E-04,-1.61E-04,2.09E-03,8.83E+00
998,-3.85E-04,-1.21E-03,-1.86E-03,2.94E-01
999,2.18E-03,5.94E-04,-2.40E-04,8.78E-01
1000,-2.04E-03,1.46E-05,9.90E-04,4.42E+00
1001,1.89E-03,1.18E-03,4.29E-04,1.17E+00
1002,-1.04E-03,-1.20E-03,1.61E-03,7.20E+00
1003,2.71E-04,-1.55E-03,1.62E-03,7.51E+00
1004,-8.74E-04,-1.22E-03,1.69E-03,7.35E+00
1005,4.05E-04,1.62E-03,1.55E-03,7.28E+00
1006,-1.40E-03,-1.21E-03,1.30E-03,6.15E+00
1007,2.25E-03,3.00E-04,3.67E-05,2.04E+00
1008,1.84E-03,-8.95E-04,9.58E-04,2.71E+00
1009,1.87E-03,-7.20E-04,1.05E-03,2.41E+00
1010,1.69E-03,1.09E-03,1.05E-03,2.87E+00
1011,-1.39E-03,-1.74E-03,-3.77E-04,1.76E+00
1012,-5.45E-04,-1.16E-03,-1.86E-03,5.34E-01
1013,-8.69E-04,1.25E-03,1.69E-03,8.23E+00
1014,1.77E-03,1.24E-03,7.02E-04,1.64E+00
1015,-1.76E-05,-1.45E-03,1.73E-03,7.45E+00
1016,6.74E-04,2.18E-03,-2.13E-06,1.92E+00
1017,-1.47E-03,-1.68E-03,-2.76E-04,1.48E+00
1018,-1.56E-03,-1.62E-03,-1.63E-04,1.24E+00
1019,-1.29E-03,1.86E-03,-3.01E-04,1.93E+00
1020,2.24E-03,-2.40E-04,1.33E-03,2.69E-01
1021,-1.45E-03,1.75E-03,-1.07E-04,1.64E+00
1022,1.04E-03,-7.49E-04,-1.86E-03,1.02E+00
1023,7.17E-04,-1.06E-03,-1.86E-03,1.20E+00
1024,1.70E-03,-1.02E-03,1.08E-03,3.07E+00
1025,1.75E-03,-8.35E-04,1.16E-03,3.35E+00
1026,1.23E-03,-2.98E-04,-1.88E-03,6.61E-01
1027,2.10E-03,-3.19E-04,1.36E-03,2.23E-01
1028,-2.86E-04,1.36E-03,1.80E-03,7.50E+00
1029,-1.13E-03,-1.88E-03,-5.30E-04,2.40E+00
1030,9.12E-04,9.10E-04,-1.87E-03,1.28E+00
1031,5.23E-04,1.17E-03,-1.88E-03,7.88E-01
1032,6.07E-04,1.73E-03,1.36E-03,6.50E+00
1033,-1.00E-03,8.26E-04,-1.86E-03,1.21E+00
1034,1.28E-03,-2.25E-05,-1.87E-03,6.04E-01
1035,2.24E-03,5.98E-04,6.27E-04,1.29E+00
1036,-2.15E-03,3.64E-04,6.19E-04,3.27E+00
1037,-2.14E-03,1.90E-04,7.17E-04,3.51E+00
1038,-2.09E-03,3.64E-04,8.02E-04,3.77E+00
1039,-1.14E-03,-5.59E-04,-1.87E-03,1.01E+00
1040,2.44E-04,1.26E-03,-1.88E-03,3.98E-01
1041,5.67E-04,-1.71E-03,1.36E-03,6.06E+00
1042,-1.00E-14,1.46E-05,2.27E-03,2.88E+00
1043,2.46E-03,2.35E-04,5.18E-04,4.48E-01
1044,2.34E-03,3.63E-04,4.11E-04,1.47E+00
1045,2.43E-03,3.61E-04,5.86E-04,5.12E-01
1046,8.09E-04,2.11E-03,2.75E-04,1.28E+00
1047,1.50E-03,8.36E-04,1.48E-03,5.66E+00
1048,2.36E-03,-4.57E-04,8.74E-04,8.53E-02
1049,2.21E-03,4.25E-04,-2.79E-04,9.39E-01
1050,1.95E-03,1.13E-03,3.01E-04,1.04E+00
1051,2.18E-03,6.64E-04,7.67E-04,1.17E+00
1052,7.14E-04,-1.82E-03,1.13E-03,4.80E+00
1053,7.75E-04,-2.09E-03,3.10E-04,1.67E+00
1054,2.19E-03,5.06E-04,3.24E-04,2.67E+00
1055,1.80E-03,-6.47E-04,1.21E-03,2.79E+00
1056,7.99E-04,-1.92E-03,8.64E-04,3.40E+00
1057,2.52E-03,-2.56E-04,7.66E-04,2.35E-01
1058,2.49E-03,-2.57E-04,6.57E-04,1.28E-01
1059,9.34E-04,7.66E-04,-1.92E-03,1.32E+00
1060,1.05E-03,5.29E-04,-1.94E-03,1.28E+00
1061,2.39E-03,4.82E-04,8.89E-04,3.53E-01
1062,2.36E-03,4.86E-04,1.01E-03,3.36E-01
1063,2.48E-03,3.77E-04,9.45E-04,2.80E-01
1064,2.28E-03,4.84E-04,1.13E-03,3.54E-01
1065,2.41E-03,3.53E-04,1.15E-03,3.05E-01
1066,-1.28E-03,-4.71E-04,-1.81E-03,8.19E-01
1067,-4.01E-04,3.61E-04,2.20E-03,4.93E+00
1068,8.19E-04,-2.02E-03,5.88E-04,2.19E+00
1069,4.98E-04,-2.19E-03,-1.94E-04,2.36E+00
1070,2.88E-04,-2.20E-03,-3.89E-04,2.64E+00
1071,1.76E-03,6.49E-04,1.27E-03,3.12E+00
1072,6.65E-04,-2.15E-03,4.31E-05,1.91E+00
1073,2.34E-03,5.35E-04,7.79E-04,5.47E-01
1074,2.28E-03,5.74E-04,9.06E-04,5.14E-01
1075,3.61E-04,2.25E-03,-1.76E-04,2.97E+00
1076,1.53E-03,3.17E-04,1.64E-03,7.67E+00
1077,2.30E-03,4.95E-04,5.05E-04,1.40E+00
1078,4.47E-05,-2.19E-03,-5.38E-04,2.81E+00
1079,1.38E-03,8.56E-04,1.59E-03,6.56E+00
1080,2.13E-03,-5.02E-05,1.44E-03,4.44E-01
1081,2.13E-03,-1.81E-04,1.41E-03,3.62E-01
1082,2.51E-03,2.74E-04,6.55E-04,2.85E-01
1083,2.34E-03,6.29E-05,1.35E-03,3.74E-01
1084,1.37E-04,2.22E-03,-4.99E-04,2.60E+00
1085,5.88E-04,-6.07E-04,-2.10E-03,2.73E+00
1086,-3.39E-04,-7.71E-04,-2.10E-03,2.81E+00
1087,2.18E-03,8.19E-05,1.42E-03,4.48E-01
1088,2.22E-03,5.78E-04,1.03E-03,4.79E-01
1089,2.15E-03,5.52E-04,1.16E-03,4.49E-01
1090,2.56E-03,2.16E-04,1.01E-03,2.73E-01
1091,-9.74E-04,-7.59E-04,-1.89E-03,1.18E+00
1092,2.28E-03,2.52E-04,1.33E-03,3.88E-01
1093,5.14E-04,1.68E-03,1.45E-03,6.93E+00
1094,2.09E-03,4.03E-04,1.35E-03,3.76E-01
1095,2.01E-03,2.94E-04,1.44E-03,3.60E-01
1096,1.88E-03,3.95E-04,1.43E-03,6.47E-01
1097,1.67E-03,3.56E-04,1.50E-03,5.18E+00
1098,6.85E-04,1.80E-03,1.21E-03,5.67E+00
1099,-1.68E-05,3.92E-04,2.24E-03,3.56E+00
1100,1.92E-03,5.19E-04,1.33E-03,6.08E-01
1101,1.71E-03,5.18E-04,1.40E-03,4.19E+00
1102,-1.25E-03,-3.29E-04,-1.86E-03,7.02E-01
1103,2.09E-03,5.03E-04,1.26E-03,4.23E-01
1104,1.34E-03,7.33E-04,1.68E-03,7.29E+00
1105,2.57E-03,2.11E-04,7.87E-04,2.68E-01
1106,2.54E-03,1.48E-04,6.25E-04,2.52E-01
1107,-1.57E-03,3.64E-04,1.60E-03,7.60E+00
1108,-1.65E-03,-3.44E-04,-1.52E-03,6.16E-01
1109,2.29E-03,-5.24E-04,7.76E-04,3.85E-01
1110,2.47E-03,1.47E-04,1.23E-03,2.90E-01
1111,-1.76E-03,-3.35E-04,-1.38E-03,6.47E-01
1112,-1.87E-03,-3.35E-04,-1.23E-03,7.25E-01
1113,2.37E-03,2.08E-04,3.51E-04,1.48E+00
1114,2.23E-03,3.42E-04,2.32E-04,2.89E+00
1115,2.53E-03,-4.71E-06,5.76E-04,2.28E-01
1116,2.47E-03,9.84E-05,4.72E-04,3.93E-01
1117,8.33E-04,1.97E-03,7.98E-04,2.60E+00
1118,2.37E-03,4.76E-04,6.56E-04,6.17E-01
1119,8.40E-04,2.07E-03,4.67E-04,1.05E+00
1120,-1.97E-03,-3.35E-04,-1.06E-03,8.35E-01
1121,-2.05E-03,-3.35E-04,-8.89E-04,9.65E-01
1122,-2.12E-03,-3.35E-04,-7.09E-04,1.11E+00
1123,-2.18E-03,-3.35E-04,-5.24E-04,1.30E+00
1124,1.24E-03,1.18E-04,1.90E-03,8.90E+00
1125,2.57E-03,3.31E-05,1.10E-03,2.68E-01
1126,1.98E-03,6.13E-04,1.21E-03,6.94E-01
1127,1.09E-03,3.66E-04,-1.95E-03,1.10E+00
1128,2.24E-03,4.15E-04,1.25E-03,3.78E-01
1129,-1.07E-03,-1.32E-03,1.48E-03,6.76E+00
1130,-1.02E-03,-1.46E-03,1.39E-03,7.13E+00
1131,-9.30E-04,-1.36E-03,1.55E-03,6.99E+00
1132,-1.17E-03,-1.34E-03,1.39E-03,6.40E+00
1133,7.35E-04,9.65E-04,-1.92E-03,1.17E+00
1134,7.85E-04,8.34E-04,-1.96E-03,1.27E+00
1135,2.72E-04,2.23E-03,-4.08E-04,2.55E+00
1136,5.50E-04,1.02E-03,-1.95E-03,8.98E-01
1137,-2.20E-03,-3.35E-04,4.32E-04,2.85E+00
1138,-8.43E-04,-8.35E-04,-1.92E-03,1.18E+00
1139,-8.77E-04,-7.07E-04,-1.96E-03,1.28E+00
1140,-6.85E-04,-8.90E-04,-1.96E-03,1.06E+00
1141,1.31E-03,5.84E-04,1.76E-03,7.83E+00
1142,4.47E-04,-1.11E-03,-1.92E-03,1.04E+00
1143,1.47E-04,-1.60E-03,1.58E-03,7.61E+00
1144,2.45E-04,-1.67E-03,1.50E-03,7.51E+00
1145,-1.28E-03,1.34E-03,1.31E-03,6.65E+00
1146,-4.04E-05,2.20E-03,-5.90E-04,2.60E+00
1147,-2.21E-03,3.64E-04,-3.35E-04,1.52E+00
1148,-1.17E-03,1.36E-03,1.40E-03,7.37E+00
1149,5.67E-04,2.21E-03,-1.00E-04,2.27E+00
1150,1.30E-03,4.22E-04,1.81E-03,8.26E+00
1151,7.36E-04,1.87E-03,1.07E-03,4.70E+00
1152,1.07E-03,-5.42E-04,-1.92E-03,9.72E-01
1153,9.43E-04,-6.17E-04,-1.96E-03,1.18E+00
1154,-2.07E-03,1.90E-04,8.99E-04,4.08E+00
1155,-5.72E-04,-3.35E-04,2.17E-03,6.89E+00
1156,-3.84E-04,-3.35E-04,2.21E-03,5.05E+00
1157,-2.43E-04,1.52E-03,1.68E-03,7.61E+00
1158,-1.65E-03,1.90E-04,1.55E-03,7.22E+00
1159,-1.56E-03,-1.62E-03,1.04E-04,1.39E+00
1160,-1.50E-03,-1.69E-03,-3.56E-06,1.39E+00
1161,-8.25E-04,8.94E-04,-1.92E-03,1.37E+00
1162,-6.70E-04,9.31E-04,-1.96E-03,1.36E+00
1163,-2.23E-03,3.64E-04,-1.44E-04,1.78E+00
1164,4.86E-04,2.20E-03,3.46E-04,3.61E+00
1165,-2.24E-03,3.64E-04,4.90E-05,2.10E+00
1166,-1.50E-03,-1.39E-03,9.52E-04,5.23E+00
1167,-1.27E-03,-1.83E-03,-3.13E-04,2.29E+00
1168,-1.36E-03,-1.79E-03,-2.03E-04,1.98E+00
1169,-1.14E-03,-4.00E-04,-1.92E-03,9.37E-01
1170,-1.03E-03,-4.96E-04,-1.95E-03,1.17E+00
1171,-1.58E-03,1.47E-03,7.43E-04,4.73E+00
1172,-9.27E-04,1.39E-03,1.55E-03,8.03E+00
1173,-7.17E-04,1.39E-03,1.65E-03,8.03E+00
1174,-8.12E-04,1.52E-03,1.49E-03,8.60E+00
1175,2.12E-03,-7.74E-04,1.40E-04,1.36E+00
1176,-2.20E-03,1.90E-04,5.31E-04,3.03E+00
1177,-1.99E-04,-1.12E-03,-1.95E-03,4.13E-01
1178,6.67E-04,1.98E-03,9.19E-04,4.00E+00
1179,1.16E-03,1.35E-04,-1.94E-03,8.97E-01
1180,8.96E-04,-7.76E-04,-1.93E-03,1.21E+00
1181,-1.01E-03,-6.35E-04,-1.92E-03,1.20E+00
1182,-1.50E-03,1.71E-03,3.81E-05,1.77E+00
1183,-6.18E-04,-1.02E-03,-1.92E-03,7.73E-01
1184,5.77E-04,-9.80E-04,-1.95E-03,1.17E+00
1185,1.97E-03,-1.01E-03,4.51E-04,1.65E+00
1186,2.03E-03,-9.32E-04,3.42E-04,1.55E+00
1187,1.93E-03,-1.03E-03,5.71E-04,1.84E+00
1188,6.48E-05,1.16E-03,-1.95E-03,4.04E-01
1189,-4.28E-04,1.08E-03,-1.95E-03,9.45E-01
1190,-2.24E-03,-3.35E-04,4.90E-05,2.12E+00
1191,-2.23E-03,-3.35E-04,2.41E-04,2.46E+00
1192,1.58E-04,1.63E-03,1.58E-03,7.30E+00
1193,-1.08E-03,1.96E-03,-4.38E-04,2.51E+00
1194,3.60E-04,-1.70E-03,1.44E-03,6.82E+00
1195,-4.70E-04,-1.44E-03,1.67E-03,7.21E+00
1196,-7.19E-04,-1.37E-03,1.64E-03,7.07E+00
1197,-5.98E-04,-1.53E-03,1.55E-03,7.82E+00
1198,3.65E-04,1.72E-03,1.44E-03,7.17E+00
1199,6.63E-04,2.14E-03,4.39E-04,1.83E+00
1200,-1.57E-03,-3.35E-04,1.60E-03,7.51E+00
1201,-9.63E-04,-1.98E-03,-4.78E-04,3.02E+00
1202,7.14E-04,2.16E-03,1.49E-04,1.80E+00
1203,-7.14E-04,-2.07E-03,-5.19E-04,3.46E+00
1204,2.93E-05,-2.22E-03,-3.96E-04,3.47E+00
1205,-9.54E-04,2.02E-03,-4.63E-04,2.81E+00
1206,-2.05E-04,-1.49E-03,1.68E-03,7.32E+00
1207,5.75E-04,-2.17E-03,1.57E-04,2.31E+00
1208,2.47E-04,-2.22E-03,-2.52E-04,3.24E+00
1209,2.46E-04,2.25E-03,-2.42E-04,3.24E+00
1210,-1.71E-03,-1.61E-04,-1.47E-03,4.29E-01
1211,2.08E-04,-3.29E-04,2.23E-03,7.02E+00
1212,-1.12E-03,5.55E-04,-1.90E-03,9.61E-01
1213,3.05E-04,-1.53E-04,2.24E-03,7.54E+00
1214,-1.01E-03,1.50E-03,1.38E-03,8.14E+00
1215,4.32E-04,1.79E-03,1.35E-03,6.94E+00
1216,-2.22E-03,-1.61E-04,-4.34E-04,1.37E+00
1217,-2.21E-03,-3.35E-04,-3.35E-04,1.53E+00
1218,-8.12E-04,-1.50E-03,1.48E-03,7.75E+00
1219,-1.00E-03,6.45E-04,-1.93E-03,1.19E+00
1220,6.62E-04,-1.96E-03,9.06E-04,4.17E+00
1221,4.30E-04,-1.76E-03,1.34E-03,6.49E+00
1222,5.73E-04,-1.86E-03,1.14E-03,5.41E+00
1223,2.58E-03,5.46E-05,7.14E-04,2.88E-01
1224,9.11E-05,2.12E-04,2.26E-03,4.37E+00
1225,-1.29E-03,-1.32E-03,1.31E-03,6.33E+00
1226,-1.27E-03,-3.35E-04,1.85E-03,9.00E+00
1227,-1.11E-03,-3.35E-04,1.95E-03,9.40E+00
1228,-1.42E-03,-3.35E-04,1.73E-03,8.34E+00
1229,-9.34E-04,-3.35E-04,2.04E-03,9.21E+00
1230,6.63E-04,-2.12E-03,4.03E-04,2.18E+00
1231,-7.56E-04,-3.35E-04,2.11E-03,8.32E+00
1232,-1.87E-06,2.25E-03,-3.91E-04,3.56E+00
1233,-1.88E-04,2.22E-03,-4.71E-04,3.53E+00
1234,-1.57E-04,2.26E-03,-2.82E-04,5.43E+00
1235,-1.45E-03,-1.73E-03,-1.28E-04,1.60E+00
1236,-3.76E-04,-1.58E-03,1.56E-03,8.05E+00
1237,-2.91E-04,-1.61E-04,2.24E-03,3.05E+00
1238,-1.59E-03,1.62E-03,2.28E-04,2.52E+00
1239,1.92E-03,1.09E-03,5.40E-04,1.40E+00
1240,1.98E-03,1.03E-03,4.37E-04,1.31E+00
1241,-1.51E-03,-1.61E-04,1.68E-03,8.07E+00
1242,3.30E-04,1.12E-03,-1.95E-03,5.53E-01
1243,1.43E-03,6.15E-04,1.66E-03,7.07E+00
1244,1.57E-03,5.25E-04,1.55E-03,6.63E+00
1245,1.48E-03,7.19E-04,1.57E-03,6.36E+00
1246,-1.45E-03,-1.34E-03,1.09E-03,5.69E+00
1247,-1.07E-03,1.34E-03,1.49E-03,7.88E+00
1248,1.43E-03,4.59E-04,1.70E-03,7.43E+00
1249,5.24E-05,2.27E-03,-1.96E-04,5.05E+00
1250,-1.26E-03,2.18E-04,-1.87E-03,4.80E-01
1251,-1.16E-03,4.07E-04,-1.91E-03,7.93E-01
1252,-2.23E-03,-3.35E-04,-1.44E-04,1.79E+00
1253,1.46E-03,-6.68E-04,1.59E-03,6.04E+00
1254,1.45E-03,-5.51E-04,1.65E-03,6.57E+00
1255,-4.67E-04,1.44E-03,1.70E-03,7.77E+00
1256,-1.83E-03,1.90E-04,-1.32E-03,4.36E-01
1257,-2.03E-03,1.90E-04,-9.86E-04,7.50E-01
1258,1.52E-03,-7.62E-04,1.50E-03,5.33E+00
1259,1.38E-03,2.42E-04,1.78E-03,8.16E+00
1260,1.40E-03,-2.73E-04,1.76E-03,7.66E+00
1261,-1.42E-03,2.12E-04,-1.76E-03,3.03E-01
1262,-1.58E-03,1.90E-04,-1.61E-03,2.67E-01
1263,7.71E-04,-8.16E-04,-1.96E-03,1.26E+00
1264,-4.26E-04,-1.05E-03,-1.95E-03,5.27E-01
1265,-1.94E-03,1.90E-04,-1.16E-03,5.81E-01
1266,1.87E-03,-1.07E-03,6.98E-04,2.03E+00
1267,-2.17E-03,1.90E-04,-6.23E-04,1.15E+00
1268,1.55E-03,-8.71E-04,1.40E-03,4.68E+00
1269,-1.36E-03,-1.35E-03,1.20E-03,6.18E+00
1270,-1.61E-03,1.54E-03,4.90E-04,3.65E+00
1271,-1.59E-03,1.46E-05,1.62E-03,7.70E+00
1272,1.63E-03,-9.23E-04,1.27E-03,3.97E+00
1273,1.81E-03,-1.04E-03,8.52E-04,2.36E+00
1274,-2.22E-03,1.90E-04,-4.34E-04,1.36E+00
1275,1.67E-03,-7.21E-04,1.35E-03,4.42E+00
1276,1.48E-04,2.25E-03,-3.45E-04,3.18E+00
1277,5.34E-04,1.83E-03,1.25E-03,6.46E+00
1278,-5.94E-04,2.13E-03,-5.56E-04,3.22E+00
1279,-8.42E-04,2.05E-03,-5.25E-04,2.92E+00
1280,-4.65E-04,2.17E-03,-5.29E-04,3.50E+00
1281,2.07E-03,-8.79E-04,2.28E-04,1.40E+00
1282,2.46E-03,3.97E-04,7.75E-04,3.26E-01
1283,-9.72E-05,-1.61E-04,2.26E-03,2.40E+00
1284,5.72E-04,1.90E-03,1.12E-03,5.60E+00
1285,1.40E-03,-4.33E-04,1.72E-03,7.22E+00
1286,2.22E-03,4.44E-04,-9.10E-05,1.16E+00
1287,-7.14E-04,2.10E-03,-5.10E-04,3.35E+00
1288,2.01E-04,1.91E-05,2.26E-03,6.12E+00
1289,1.05E-04,-1.58E-04,2.26E-03,5.19E+00
1290,-1.71E-03,1.90E-04,-1.47E-03,3.22E-01
1291,-1.92E-04,-3.35E-04,2.23E-03,3.72E+00
1292,6.29E-06,-3.33E-04,2.24E-03,4.83E+00
1293,-1.27E-03,1.65E-03,9.21E-04,6.24E+00
1294,-1.17E-03,1.63E-03,1.08E-03,6.42E+00
1295,-3.14E-04,1.74E-03,1.44E-03,8.53E+00
1296,-1.34E-04,1.80E-03,1.39E-03,7.98E+00
1297,-1.33E-03,1.69E-03,7.42E-04,5.63E+00
1298,-8.69E-04,1.63E-03,1.33E-03,8.55E+00
1299,-6.90E-04,1.65E-03,1.41E-03,1.07E+01
1300,-1.03E-03,1.62E-03,1.22E-03,7.90E+00
1301,3.34E-04,2.08E-03,8.70E-04,5.74E+00
1302,3.56E-04,2.14E-03,6.88E-04,4.63E+00
1303,3.35E-04,2.20E-03,5.02E-04,4.43E+00
1304,-1.03E-03,2.03E-03,-5.84E-05,3.63E+00
1305,-1.17E-03,1.96E-03,5.92E-05,2.78E+00
1306,-1.27E-03,1.88E-03,2.06E-04,3.27E+00
1307,-8.68E-04,2.10E-03,-1.40E-04,4.19E+00
1308,2.79E-05,1.87E-03,1.31E-03,8.14E+00
1309,1.65E-04,1.94E-03,1.19E-03,7.74E+00
1310,-1.34E-04,2.28E-03,-8.38E-05,6.57E+00
1311,-3.13E-04,2.25E-03,-1.57E-04,6.15E+00
1312,2.71E-04,2.24E-03,3.23E-04,5.12E+00
1313,1.66E-04,2.27E-03,1.62E-04,6.20E+00
1314,2.83E-05,2.28E-03,2.41E-05,7.14E+00
1315,-1.33E-03,-1.66E-03,7.34E-04,4.87E+00
1316,-1.36E-03,-1.72E-03,5.48E-04,3.80E+00
1317,-1.27E-03,-1.63E-03,9.13E-04,6.25E+00
1318,1.29E-03,-1.64E-03,-8.64E-04,1.08E+00
1319,1.20E-03,-1.72E-03,-8.45E-04,1.13E+00
1320,1.21E-03,-1.61E-03,-1.02E-03,1.09E+00
1321,-1.34E-04,-1.78E-03,1.38E-03,7.93E+00
1322,-3.14E-04,-1.72E-03,1.43E-03,8.56E+00
1323,-8.69E-04,-1.61E-03,1.32E-03,8.05E+00
1324,-1.03E-03,-1.60E-03,1.22E-03,6.72E+00
1325,1.08E-03,-1.73E-03,-9.60E-04,1.18E+00
1326,1.61E-03,-1.16E-03,-1.07E-03,8.32E-01
1327,1.70E-03,-1.05E-03,-1.06E-03,7.55E-01
1328,1.70E-03,-1.18E-03,-9.01E-04,8.33E-01
1329,1.57E-03,1.16E-03,-1.17E-03,8.99E-01
1330,1.70E-03,1.12E-03,-1.00E-03,8.37E-01
1331,1.68E-03,1.01E-03,-1.15E-03,8.65E-01
1332,-5.02E-04,-1.67E-03,1.43E-03,9.15E+00
1333,-6.90E-04,-1.63E-03,1.40E-03,9.04E+00
1334,1.58E-03,-1.31E-03,-9.48E-04,9.10E-01
1335,1.46E-03,-1.30E-03,-1.13E-03,9.14E-01
1336,1.37E-03,-1.55E-03,-8.95E-04,1.04E+00
1337,1.76E-03,8.39E-04,-1.16E-03,8.28E-01
1338,1.70E-03,7.89E-04,-1.28E-03,8.51E-01
1339,1.49E-03,1.43E-03,-9.52E-04,8.85E-01
1340,1.65E-03,1.36E-03,-7.84E-04,8.11E-01
1341,1.62E-03,1.29E-03,-9.36E-04,8.51E-01
1342,1.44E-03,-1.59E-03,-7.06E-04,1.02E+00
1343,1.53E-03,-1.55E-03,-5.89E-04,9.86E-01
1344,1.41E-03,-1.67E-03,-5.50E-04,1.03E+00
1345,1.56E-03,1.50E-03,-7.11E-04,8.11E-01
1346,1.57E-03,1.02E-03,-1.29E-03,9.09E-01
1347,1.02E-03,-1.65E-03,-1.15E-03,1.14E+00
1348,1.46E-03,-1.42E-03,-9.78E-04,9.76E-01
1349,1.53E-03,-1.44E-03,-8.27E-04,9.44E-01
1350,1.51E-03,-1.52E-03,-7.04E-04,9.87E-01
1351,1.62E-03,-1.43E-03,-6.47E-04,9.28E-01
1352,1.46E-03,-1.53E-03,-7.94E-04,9.94E-01
1353,1.35E-03,-1.66E-03,-7.21E-04,1.06E+00
1354,1.79E-03,6.40E-04,-1.24E-03,7.86E-01
1355,1.51E-03,1.59E-03,-5.95E-04,7.96E-01
1356,1.61E-03,1.53E-03,-5.12E-04,7.30E-01
1357,1.53E-03,1.28E-03,-1.09E-03,8.89E-01
1358,1.41E-03,1.61E-03,-7.67E-04,8.80E-01
1359,1.34E-03,-1.46E-03,-1.08E-03,1.01E+00
1360,1.33E-03,-1.34E-03,-1.23E-03,9.72E-01
1361,1.55E-03,-1.59E-03,-4.26E-04,9.69E-01
1362,1.52E-03,1.65E-03,-4.16E-04,7.24E-01
1363,1.27E-03,-1.77E-03,-5.75E-04,1.11E+00
1364,1.43E-03,1.34E-03,-1.16E-03,9.26E-01
1365,1.34E-03,1.44E-03,-1.14E-03,9.43E-01
1366,1.80E-03,9.24E-04,-1.03E-03,8.11E-01
1367,1.35E-03,1.34E-03,-1.25E-03,9.45E-01
1368,1.44E-03,1.25E-03,-1.24E-03,9.32E-01
1369,9.21E-04,-1.80E-03,-1.00E-03,1.23E+00
1370,8.54E-04,-1.74E-03,-1.15E-03,1.20E+00
1371,1.75E-03,1.19E-03,-8.26E-04,7.92E-01
1372,1.30E-03,1.58E-03,-9.97E-04,9.48E-01
1373,1.68E-03,-1.31E-03,-7.52E-04,8.77E-01
1374,1.66E-03,-1.46E-03,-4.76E-04,9.22E-01
1375,1.72E-03,1.36E-03,-5.85E-04,7.30E-01
1376,1.78E-03,-1.04E-03,-9.30E-04,7.56E-01
1377,1.20E-03,1.53E-03,-1.18E-03,9.64E-01
1378,9.37E-04,1.74E-03,-1.14E-03,9.96E-01
1379,1.04E-03,1.62E-03,-1.21E-03,9.65E-01
1380,9.28E-04,1.68E-03,-1.22E-03,9.58E-01
1381,8.31E-04,1.73E-03,-1.23E-03,9.58E-01
1382,8.05E-04,1.80E-03,-1.15E-03,1.00E+00
1383,7.15E-04,1.76E-03,-1.26E-03,9.43E-01
1384,-1.33E-03,-1.78E-03,3.65E-04,2.52E+00
1385,1.66E-03,-9.78E-04,-1.18E-03,7.22E-01
1386,1.41E-03,1.70E-03,-5.64E-04,8.33E-01
1387,1.29E-03,1.75E-03,-6.82E-04,9.41E-01
1388,1.26E-03,1.69E-03,-8.57E-04,9.60E-01
1389,1.17E-03,-1.80E-03,-6.82E-04,1.17E+00
1390,1.88E-03,7.06E-04,-1.06E-03,7.73E-01
1391,-5.01E-04,-2.19E-03,-2.00E-04,6.61E+00
1392,-3.13E-04,-2.22E-03,-1.66E-04,5.88E+00
1393,1.40E-03,1.75E-03,-4.06E-04,7.86E-01
1394,1.16E-03,1.65E-03,-1.06E-03,9.87E-01
1395,1.30E-03,1.80E-03,-5.08E-04,8.88E-01
1396,1.43E-03,-1.71E-03,-3.53E-04,9.98E-01
1397,1.16E-03,1.81E-03,-7.58E-04,1.02E+00
1398,1.86E-03,-6.71E-04,-1.10E-03,5.32E-01
1399,1.89E-03,-4.62E-04,-1.16E-03,4.04E-01
1400,1.92E-03,-5.77E-04,-1.04E-03,4.87E-01
1401,1.57E-03,-1.60E-03,-2.48E-04,9.64E-01
1402,6.62E-04,1.86E-03,-1.14E-03,1.01E+00
1403,1.66E-04,-2.24E-03,1.52E-04,4.74E+00
1404,1.63E-03,1.55E-03,-3.54E-04,6.77E-01
1405,1.77E-03,-5.82E-04,-1.28E-03,4.50E-01
1406,1.80E-03,-9.35E-04,-1.00E-03,7.04E-01
1407,1.98E-03,-3.97E-04,-1.03E-03,4.48E-01
1408,3.56E-04,-2.12E-03,6.79E-04,4.85E+00
1409,1.17E-03,-1.47E-03,-1.25E-03,1.05E+00
1410,1.38E-03,-1.21E-03,-1.32E-03,9.06E-01
1411,1.03E-03,-1.84E-03,-7.94E-04,1.24E+00
1412,1.88E-03,5.54E-04,-1.14E-03,7.52E-01
1413,1.05E-03,1.74E-03,-1.04E-03,1.02E+00
1414,1.65E-03,-1.50E-03,-3.34E-04,9.41E-01
1415,1.28E-03,-1.80E-03,-4.44E-04,1.07E+00
1416,1.15E-03,1.74E-03,-9.22E-04,1.00E+00
1417,8.01E-04,1.86E-03,-1.04E-03,1.08E+00
1418,1.23E-03,1.40E-03,-1.31E-03,9.56E-01
1419,1.78E-03,1.24E-03,-6.88E-04,7.57E-01
1420,9.01E-04,1.63E-03,-1.31E-03,9.36E-01
1421,9.12E-04,1.84E-03,-9.91E-04,1.08E+00
1422,7.08E-04,-1.85E-03,-1.08E-03,1.28E+00
1423,1.04E-03,1.84E-03,-8.62E-04,1.06E+00
1424,8.48E-04,-1.64E-03,-1.29E-03,1.11E+00
1425,-1.03E-03,-2.00E-03,-6.81E-05,4.57E+00
1426,1.58E-03,1.63E-03,-2.34E-04,6.29E-01
1427,1.52E-03,-1.11E-03,-1.26E-03,8.24E-01
1428,1.99E-03,-5.05E-04,-9.57E-04,5.01E-01
1429,2.05E-03,-4.36E-04,-8.44E-04,5.28E-01
1430,1.17E-03,1.87E-03,-5.75E-04,1.01E+00
1431,1.80E-03,-8.23E-04,-1.10E-03,6.36E-01
1432,1.71E-03,-7.59E-04,-1.27E-03,5.79E-01
1433,1.74E-03,4.70E-04,-1.38E-03,7.14E-01
1434,1.44E-03,1.14E-03,-1.34E-03,9.43E-01
1435,-1.31E-03,-1.37E-03,-1.23E-03,1.38E+00
1436,-1.38E-03,-1.29E-03,-1.23E-03,1.34E+00
1437,-1.29E-03,-1.30E-03,-1.32E-03,1.33E+00
1438,1.97E-03,5.14E-04,-1.01E-03,7.24E-01
1439,1.93E-03,3.87E-04,-1.13E-03,6.80E-01
1440,1.96E-03,-2.93E-04,-1.10E-03,3.84E-01
1441,-1.11E-03,-1.45E-03,-1.33E-03,1.35E+00
1442,1.66E-03,6.72E-04,-1.40E-03,8.24E-01
1443,1.73E-03,1.42E-03,-3.86E-04,6.69E-01
1444,1.57E-03,8.63E-04,-1.40E-03,8.98E-01
1445,1.31E-03,1.27E-03,-1.36E-03,9.59E-01
1446,1.17E-03,-1.85E-03,-5.37E-04,1.16E+00
1447,1.03E-03,1.50E-03,-1.37E-03,9.41E-01
1448,1.81E-04,-1.80E-03,-1.35E-03,1.04E+00
1449,2.07E-04,-1.73E-03,-1.43E-03,9.58E-01
1450,3.11E-04,-1.81E-03,-1.30E-03,1.13E+00
1451,5.98E-04,1.76E-03,-1.32E-03,8.67E-01
1452,1.44E-03,-1.73E-03,-1.37E-04,9.67E-01
1453,1.45E-03,1.74E-03,-2.20E-04,6.58E-01
1454,1.80E-03,-3.36E-04,-1.33E-03,3.08E-01
1455,9.82E-04,-1.51E-03,-1.36E-03,1.06E+00
1456,1.88E-03,-2.84E-04,-1.23E-03,3.31E-01
1457,1.91E-03,-1.41E-04,-1.20E-03,3.56E-01
1458,-1.61E-03,1.19E-03,-1.08E-03,1.30E+00
1459,-1.57E-03,1.33E-03,-9.65E-04,1.41E+00
1460,-1.43E-03,1.33E-03,-1.17E-03,1.40E+00
1461,7.17E-04,-1.74E-03,-1.24E-03,1.17E+00
1462,7.44E-05,-1.77E-03,-1.39E-03,9.40E-01
1463,1.57E-03,-1.61E-03,-9.98E-05,9.77E-01
1464,-1.70E-03,1.22E-03,-8.99E-04,1.34E+00
1465,1.92E-03,3.25E-05,-1.20E-03,4.59E-01
1466,2.00E-03,-1.33E-04,-1.05E-03,4.43E-01
1467,1.85E-03,1.01E-03,-8.60E-04,7.79E-01
1468,1.54E-03,1.67E-03,-1.33E-04,5.93E-01
1469,1.67E-03,-6.18E-04,-1.39E-03,4.83E-01
1470,1.76E-03,-2.00E-04,-1.41E-03,2.71E-01
1471,1.92E-03,-7.57E-04,-9.18E-04,6.09E-01
1472,-1.38E-03,-1.19E-03,-1.34E-03,1.28E+00
1473,-9.35E-04,1.61E-03,-1.31E-03,1.46E+00
1474,-8.30E-04,1.65E-03,-1.34E-03,1.44E+00
1475,-8.71E-04,1.56E-03,-1.41E-03,1.37E+00
1476,1.97E-03,2.26E-04,-1.11E-03,5.88E-01
1477,1.85E-03,2.95E-04,-1.28E-03,6.04E-01
1478,-1.17E-03,-1.33E-03,-1.40E-03,1.30E+00
1479,1.45E-03,1.75E-03,2.50E-05,5.51E-01
1480,1.44E-03,1.01E-03,-1.44E-03,9.50E-01
1481,9.24E-04,1.92E-03,-8.12E-04,1.15E+00
1482,6.09E-04,-1.81E-03,-1.19E-03,1.23E+00
1483,1.32E-04,-1.87E-03,-1.25E-03,1.16E+00
1484,1.50E-03,-1.69E-03,-3.23E-05,9.74E-01
1485,1.70E-03,-1.47E-03,-1.50E-04,9.70E-01
1486,-1.38E-03,-1.39E-03,-1.12E-03,1.41E+00
1487,1.29E-03,1.85E-03,-3.08E-04,8.09E-01
1488,1.82E-03,-1.12E-03,-7.26E-04,7.79E-01
1489,-1.24E-03,-1.48E-03,-1.17E-03,1.45E+00
1490,5.28E-04,-1.75E-03,-1.32E-03,1.12E+00
1491,4.81E-04,1.83E-03,-1.26E-03,8.95E-01
1492,4.93E-04,1.95E-03,-1.07E-03,1.12E+00
1493,1.01E-03,1.93E-03,-6.55E-04,1.13E+00
1494,8.00E-04,1.95E-03,-8.72E-04,1.18E+00
1495,6.63E-04,1.96E-03,-9.63E-04,1.17E+00
1496,4.62E-04,-1.89E-03,-1.13E-03,1.30E+00
1497,7.94E-04,-1.92E-03,-8.70E-04,1.36E+00
1498,-9.89E-04,1.49E-03,-1.40E-03,1.40E+00
1499,-1.04E-03,1.55E-03,-1.30E-03,1.47E+00
1500,1.05E-03,-1.90E-03,-5.95E-04,1.24E+00
1501,-7.34E-04,1.62E-03,-1.42E-03,1.31E+00
1502,1.28E-03,-1.84E-03,-2.58E-04,1.03E+00
1503,-8.57E-04,1.71E-03,-1.24E-03,1.55E+00
1504,1.63E-03,1.59E-03,-4.85E-05,5.65E-01
1505,2.00E-03,-6.02E-04,-8.79E-04,5.49E-01
1506,1.78E-03,-1.28E-03,-5.24E-04,8.53E-01
1507,-9.68E-04,1.67E-03,-1.21E-03,1.56E+00
1508,1.89E-03,-9.42E-04,-8.13E-04,7.00E-01
1509,7.31E-04,1.66E-03,-1.38E-03,8.84E-01
1510,-1.76E-03,-1.23E-03,-6.97E-04,1.20E+00
1511,-1.83E-03,-1.16E-03,-6.37E-04,1.20E+00
1512,-1.76E-03,-1.17E-03,-7.92E-04,1.22E+00
1513,-1.44E-03,1.24E-03,-1.25E-03,1.32E+00
1514,1.41E-03,-1.76E-03,5.47E-05,9.74E-01
1515,-1.45E-03,1.44E-03,-1.00E-03,1.48E+00
1516,2.03E-03,2.96E-04,-9.75E-04,6.47E-01
1517,-1.46E-03,-1.30E-03,-1.13E-03,1.34E+00
1518,1.93E-03,8.15E-04,-8.70E-04,7.61E-01
1519,1.57E-03,-1.62E-03,1.09E-04,1.06E+00
1520,1.86E-03,1.18E-03,-5.48E-04,7.03E-01
1521,2.05E-03,6.35E-05,-9.66E-04,5.46E-01
1522,-9.24E-04,-1.53E-03,-1.37E-03,1.26E+00
1523,-7.50E-04,-1.61E-03,-1.39E-03,1.15E+00
1524,-8.61E-04,-1.65E-03,-1.27E-03,1.39E+00
1525,-7.32E-04,1.72E-03,-1.30E-03,1.46E+00
1526,-1.64E-03,1.36E-03,-7.98E-04,1.42E+00
1527,4.71E-04,1.73E-03,-1.41E-03,7.50E-01
1528,1.71E-03,1.49E-03,-2.20E-04,6.10E-01
1529,1.11E-03,-1.32E-03,-1.45E-03,9.83E-01
1530,2.53E-04,-1.92E-03,-1.15E-03,1.34E+00
1531,2.00E-03,6.34E-04,-8.62E-04,7.42E-01
1532,-1.34E-03,1.37E-03,-1.23E-03,1.40E+00
1533,-2.03E-04,1.85E-03,-1.32E-03,9.90E-01
1534,-6.45E-05,1.84E-03,-1.35E-03,8.31E-01
1535,-1.51E-04,1.76E-03,-1.44E-03,7.47E-01
1536,1.77E-03,-1.37E-03,-3.17E-04,9.17E-01
1537,-5.13E-05,-1.81E-03,-1.34E-03,9.99E-01
1538,3.33E-04,1.91E-03,-1.20E-03,9.67E-01
1539,-6.19E-04,1.70E-03,-1.38E-03,1.28E+00
1540,-1.75E-03,1.05E-03,-9.90E-04,1.21E+00
1541,-1.70E-03,-1.30E-03,-7.35E-04,1.24E+00
1542,-1.19E-03,1.51E-03,-1.21E-03,1.50E+00
1543,-1.09E-03,1.60E-03,-1.20E-03,1.56E+00
1544,1.71E-03,-4.79E-04,-1.40E-03,3.81E-01
1545,-1.14E-04,1.91E-03,-1.24E-03,1.05E+00
1546,2.71E-05,1.90E-03,-1.26E-03,9.26E-01
1547,-1.48E-03,-1.17E-03,-1.25E-03,1.28E+00
1548,1.80E-03,-6.03E-05,-1.37E-03,3.48E-01
1549,-1.75E-03,1.25E-03,-7.39E-04,1.38E+00
1550,1.67E-03,-1.52E-03,5.97E-06,1.03E+00
1551,-3.00E-04,1.77E-03,-1.40E-03,9.50E-01
1552,-9.92E-04,-1.39E-03,-1.47E-03,1.17E+00
1553,3.68E-04,-1.68E-03,-1.46E-03,9.79E-01
1554,2.05E-03,-5.25E-04,-7.96E-04,5.63E-01
1555,-6.10E-04,-1.67E-03,-1.38E-03,1.05E+00
1556,-6.29E-04,-1.57E-03,-1.50E-03,8.61E-01
1557,1.88E-03,1.08E-03,-6.88E-04,7.38E-01
1558,1.26E-03,-1.18E-03,-1.46E-03,9.14E-01
1559,1.41E-03,-1.02E-03,-1.44E-03,8.01E-01
1560,1.57E-03,-9.01E-04,-1.36E-03,6.94E-01
1561,1.80E-03,1.22E-04,-1.38E-03,4.77E-01
1562,-1.05E-03,-1.59E-03,-1.20E-03,1.48E+00
1563,7.98E-04,-1.52E-03,-1.47E-03,1.04E+00
1564,8.39E-04,1.55E-03,-1.44E-03,9.01E-01
1565,-1.59E-03,1.05E-03,-1.24E-03,1.18E+00
1566,-6.66E-04,-1.74E-03,-1.27E-03,1.29E+00
1567,1.59E-03,1.63E-03,1.40E-04,6.05E-01
1568,1.48E-03,1.70E-03,3.06E-04,6.99E-01
1569,1.84E-03,1.27E-03,-4.11E-04,6.76E-01
1570,-1.33E-03,1.49E-03,-1.08E-03,1.49E+00
1571,6.81E-04,-1.63E-03,-1.41E-03,1.06E+00
1572,-1.55E-03,-1.22E-03,-1.10E-03,1.27E+00
1573,-1.15E-03,1.40E-03,-1.38E-03,1.40E+00
1574,-1.68E-03,1.03E-03,-1.14E-03,1.17E+00
1575,-1.75E-03,-1.29E-03,-6.04E-04,1.19E+00
1576,1.12E-03,-1.92E-03,-3.91E-04,1.16E+00
1577,-1.65E-03,-1.25E-03,-9.14E-04,1.27E+00
1578,3.15E-04,1.77E-03,-1.40E-03,6.94E-01
1579,5.51E-04,-1.97E-03,-9.43E-04,1.47E+00
1580,8.52E-04,-1.97E-03,-6.87E-04,1.39E+00
1581,1.13E-03,1.95E-03,-3.23E-04,9.89E-01
1582,-4.77E-04,-1.63E-03,-1.49E-03,7.54E-01
1583,1.31E-03,1.87E-03,-3.64E-05,6.52E-01
1584,-1.27E-03,-1.16E-03,-1.46E-03,1.23E+00
1585,-1.49E-03,-1.38E-03,-9.74E-04,1.36E+00
1586,1.89E-04,1.87E-03,-1.29E-03,8.34E-01
1587,-1.84E-03,1.08E-03,-7.82E-04,1.29E+00
1588,-2.64E-04,-1.80E-03,-1.34E-03,9.82E-01
1589,-1.30E-04,-1.90E-03,-1.20E-03,1.25E+00
1590,-4.92E-04,-1.76E-03,-1.32E-03,1.07E+00
1591,-8.01E-04,-1.49E-03,-1.50E-03,1.02E+00
1592,1.27E-03,-1.86E-03,-4.78E-05,9.71E-01
1593,-1.94E-03,-1.09E-03,-3.82E-04,1.31E+00
1594,-1.89E-03,-1.16E-03,-4.50E-04,1.24E+00
1595,-1.93E-03,-1.14E-03,-3.03E-04,1.31E+00
1596,-4.61E-04,1.74E-03,-1.39E-03,1.13E+00
1597,-3.78E-04,1.85E-03,-1.27E-03,1.24E+00
1598,-1.51E-03,1.48E-03,-8.35E-04,1.49E+00
1599,7.96E-05,-1.66E-03,-1.52E-03,7.68E-01
1600,-1.81E-03,-1.26E-03,-4.92E-04,1.18E+00
1601,-1.86E-03,-1.03E-03,-7.66E-04,1.22E+00
1602,-1.50E-03,1.03E-03,-1.36E-03,1.19E+00
1603,1.11E-03,1.32E-03,-1.48E-03,9.62E-01
1604,2.05E-03,-3.00E-04,-9.06E-04,5.04E-01
1605,1.68E-03,-2.83E-04,-1.49E-03,2.60E-01
1606,-1.11E-04,-1.70E-03,-1.48E-03,7.36E-01
1607,6.30E-05,1.76E-03,-1.44E-03,6.00E-01
1608,1.71E-03,2.66E-04,-1.46E-03,5.87E-01
1609,1.50E-03,7.27E-04,-1.54E-03,9.02E-01
1610,1.58E-03,5.44E-04,-1.54E-03,8.01E-01
1611,-1.20E-03,1.63E-03,-1.05E-03,1.60E+00
1612,-1.97E-03,-1.01E-03,-4.53E-04,1.31E+00
1613,1.41E-03,8.92E-04,-1.54E-03,9.64E-01
1614,-5.75E-04,1.60E-03,-1.51E-03,1.08E+00
1615,-3.42E-04,-1.70E-03,-1.44E-03,7.67E-01
1616,1.28E-03,1.14E-03,-1.49E-03,9.74E-01
1617,1.40E-03,-1.75E-03,2.83E-04,1.13E+00
1618,5.57E-04,1.64E-03,-1.48E-03,7.43E-01
1619,-1.77E-03,-1.05E-03,-9.38E-04,1.22E+00
1620,1.06E-03,1.96E-03,-4.62E-04,1.10E+00
1621,1.96E-03,9.07E-04,-6.94E-04,7.35E-01
1622,6.92E-04,9.10E-04,1.96E-03,9.38E+00
1623,7.02E-04,1.04E-03,1.89E-03,9.21E+00
1624,5.55E-04,1.04E-03,1.95E-03,9.11E+00
1625,-5.62E-04,1.81E-03,-1.26E-03,1.41E+00
1626,-7.64E-04,1.50E-03,-1.53E-03,1.22E+00
1627,-1.91E-03,-1.04E-03,-5.93E-04,1.25E+00
1628,-1.10E-03,-1.24E-03,-1.53E-03,1.17E+00
1629,-3.30E-04,1.66E-03,-1.52E-03,7.98E-01
1630,1.94E-03,-9.83E-04,-6.29E-04,7.36E-01
1631,8.74E-04,9.57E-04,1.87E-03,9.05E+00
1632,7.89E-04,1.12E-03,1.82E-03,8.89E+00
1633,-1.60E-03,-1.04E-03,-1.22E-03,1.21E+00
1634,1.52E-03,-1.63E-03,3.23E-04,1.23E+00
1635,1.45E-03,-1.67E-03,4.47E-04,1.36E+00
1636,1.58E-03,-7.16E-04,-1.45E-03,5.62E-01
1637,-9.14E-04,1.43E-03,-1.52E-03,1.30E+00
1638,7.76E-04,-1.14E-03,1.79E-03,7.93E+00
1639,9.17E-04,-1.12E-03,1.74E-03,7.50E+00
1640,8.64E-04,-1.01E-03,1.83E-03,8.22E+00
1641,2.24E-04,-1.64E-03,-1.54E-03,8.52E-01
1642,7.52E-04,-9.88E-04,1.89E-03,8.69E+00
1643,5.20E-04,-1.60E-03,-1.50E-03,9.88E-01
1644,-1.99E-03,-1.02E-03,-3.23E-04,1.40E+00
1645,-1.95E-03,1.01E-03,-5.86E-04,1.39E+00
1646,-1.95E-03,1.10E-03,-3.81E-04,1.54E+00
1647,-1.85E-03,1.21E-03,-5.54E-04,1.42E+00
1648,9.18E-04,-1.39E-03,-1.53E-03,1.01E+00
1649,1.14E-03,-1.16E-03,-1.57E-03,9.31E-01
1650,8.27E-04,2.01E-03,-6.91E-04,1.26E+00
1651,1.24E-03,-1.04E-03,-1.57E-03,8.67E-01
1652,1.67E-03,-1.22E-04,-1.53E-03,2.76E-01
1653,1.44E-04,1.97E-03,-1.13E-03,1.11E+00
1654,-1.34E-03,-1.52E-03,-9.86E-04,1.50E+00
1655,-1.29E-03,1.23E-03,-1.41E-03,1.32E+00
1656,8.26E-04,-1.24E-03,1.70E-03,7.29E+00
1657,9.31E-04,-1.26E-03,1.63E-03,6.78E+00
1658,6.72E-05,-1.98E-03,-1.08E-03,1.47E+00
1659,4.07E-04,2.04E-03,-9.42E-04,1.31E+00
1660,8.91E-04,1.44E-03,-1.52E-03,9.12E-01
1661,2.84E-04,-2.01E-03,-9.85E-04,1.54E+00
1662,2.77E-04,2.03E-03,-1.01E-03,1.25E+00
1663,-1.71E-03,-9.90E-04,-1.10E-03,1.20E+00
1664,1.32E-03,1.84E-03,2.17E-04,5.40E-01
1665,-1.03E-03,1.37E-03,-1.49E-03,1.34E+00
1666,1.63E-03,3.92E-04,-1.53E-03,6.94E-01
1667,1.58E-03,-5.66E-04,-1.52E-03,4.51E-01
1668,-1.39E-03,1.08E-03,-1.44E-03,1.21E+00
1669,6.40E-04,2.05E-03,-7.64E-04,1.36E+00
1670,-1.19E-03,-1.62E-03,-1.02E-03,1.63E+00
1671,-9.24E-04,-1.71E-03,-1.14E-03,1.60E+00
1672,-3.62E-04,-1.87E-03,-1.21E-03,1.26E+00
1673,-5.51E-05,2.00E-03,-1.09E-03,1.27E+00
1674,-1.58E-03,-1.41E-03,-7.75E-04,1.32E+00
1675,6.02E-04,1.16E-03,1.86E-03,8.92E+00
1676,-2.61E-04,1.95E-03,-1.14E-03,1.39E+00
1677,-1.83E-03,-1.28E-03,-3.41E-04,1.20E+00
1678,-7.13E-04,1.84E-03,-1.14E-03,1.68E+00
1679,6.20E-04,-2.03E-03,-7.68E-04,1.56E+00
1680,-8.89E-04,1.79E-03,-1.09E-03,1.72E+00
1681,-1.03E-03,1.73E-03,-1.06E-03,1.69E+00
1682,1.12E-03,-1.95E-03,-1.75E-04,1.09E+00
1683,-1.65E-03,-1.42E-03,-6.08E-04,1.24E+00
1684,1.39E-03,-1.68E-03,5.80E-04,1.64E+00
1685,1.31E-03,-1.76E-03,5.00E-04,1.42E+00
1686,1.25E-03,-1.87E-03,1.52E-04,9.98E-01
1687,-9.72E-04,-1.29E-03,-1.58E-03,1.06E+00
1688,1.86E-03,1.29E-03,-2.10E-04,6.46E-01
1689,1.77E-03,-1.40E-03,3.34E-05,1.07E+00
1690,1.99E-03,-8.29E-04,-6.74E-04,6.92E-01
1691,3.95E-04,1.64E-03,-1.53E-03,5.81E-01
1692,-1.71E-03,1.37E-03,-6.06E-04,1.42E+00
1693,1.14E-03,1.97E-03,-1.58E-04,9.20E-01
1694,1.70E-03,-1.47E-03,1.53E-04,1.15E+00
1695,1.14E-03,-1.01E-03,1.67E-03,6.81E+00
1696,6.03E-04,-1.15E-03,1.85E-03,8.37E+00
1697,-1.33E-03,1.61E-03,-9.02E-04,1.59E+00
1698,-7.68E-04,-1.78E-03,-1.15E-03,1.57E+00
1699,2.08E-03,-1.48E-04,-8.83E-04,5.30E-01
1700,1.84E-03,-1.30E-03,-1.14E-04,9.88E-01
1701,7.20E-04,1.25E-03,1.76E-03,8.48E+00
1702,8.77E-04,1.19E-03,1.73E-03,8.34E+00
1703,-1.58E-03,1.50E-03,-6.66E-04,1.46E+00
1704,9.08E-04,-2.00E-03,-4.96E-04,1.38E+00
1705,1.32E-03,1.80E-03,4.51E-04,8.32E-01
1706,1.44E-03,1.68E-03,5.38E-04,1.10E+00
1707,-4.79E-04,-1.51E-03,-1.61E-03,5.09E-01
1708,-1.87E-03,1.24E-03,-3.47E-04,1.56E+00
1709,1.33E-03,1.00E-03,-1.55E-03,9.83E-01
1710,2.46E-04,-8.05E-04,-2.10E-03,3.09E+00
1711,2.08E-03,4.22E-04,-7.97E-04,7.13E-01
1712,-8.56E-04,1.46E-05,-2.10E-03,2.39E+00
1713,-1.16E-04,1.64E-03,-1.58E-03,4.67E-01
1714,-1.49E-04,8.58E-04,-2.10E-03,3.20E+00
1715,9.65E-04,-9.59E-04,1.81E-03,7.86E+00
1716,5.06E-05,-8.40E-04,-2.10E-03,2.99E+00
1717,-2.02E-03,1.02E-03,-2.17E-04,1.73E+00
1718,-1.94E-03,1.18E-03,-1.88E-04,1.74E+00
1719,1.97E-03,9.99E-04,-5.39E-04,7.01E-01
1720,-1.99E-03,-1.06E-03,-1.23E-04,1.56E+00
1721,-2.61E-04,-1.94E-03,-1.12E-03,1.40E+00
1722,1.63E-03,1.56E-03,2.95E-04,7.59E-01
1723,1.95E-03,1.11E-03,-3.85E-04,6.76E-01
1724,-6.56E-04,5.65E-04,-2.10E-03,2.96E+00
1725,-2.00E-03,1.03E-03,3.39E-04,2.77E+00
1726,-2.07E-03,9.01E-04,2.89E-04,2.65E+00
1727,-2.03E-03,9.22E-04,4.34E-04,2.97E+00
1728,8.67E-04,1.30E-03,1.66E-03,7.86E+00
1729,-2.04E-03,9.12E-04,-4.13E-04,1.52E+00
1730,2.04E-03,-6.53E-04,-7.26E-04,6.29E-01
1731,1.57E-03,1.59E-03,4.45E-04,9.25E-01
1732,8.50E-04,-8.35E-05,-2.10E-03,2.64E+00
1733,-1.58E-03,8.84E-04,-1.37E-03,1.05E+00
1734,-1.68E-03,8.94E-04,-1.24E-03,1.07E+00
1735,1.04E-03,-1.14E-03,1.65E-03,6.81E+00
1736,8.06E-04,-2.77E-04,-2.10E-03,2.61E+00
1737,-1.78E-03,8.92E-04,-1.09E-03,1.09E+00
1738,2.11E-03,1.80E-04,-8.13E-04,6.49E-01
1739,1.91E-03,-1.09E-03,-5.07E-04,7.97E-01
1740,8.71E-04,2.05E-03,-4.96E-04,1.29E+00
1741,9.70E-04,1.07E-03,1.76E-03,8.34E+00
1742,8.56E-04,8.03E-04,1.95E-03,9.38E+00
1743,7.45E-04,-8.20E-04,1.97E-03,9.28E+00
1744,1.89E-03,-1.19E-03,-2.93E-04,8.87E-01
1745,5.93E-04,-9.50E-04,1.96E-03,9.05E+00
1746,2.03E-03,7.41E-04,-7.07E-04,7.38E-01
1747,-1.47E-03,-9.82E-04,-1.41E-03,1.18E+00
1748,-1.96E-03,8.73E-04,-7.50E-04,1.23E+00
1749,1.71E-03,1.50E-03,1.19E-04,6.64E-01
1750,1.78E-03,1.42E-03,-4.14E-05,6.36E-01
1751,1.45E-03,-8.30E-04,-1.52E-03,6.73E-01
1752,-1.48E-03,8.94E-04,-1.47E-03,1.06E+00
1753,6.77E-04,1.51E-03,-1.56E-03,8.03E-01
1754,1.49E-03,-1.58E-03,5.99E-04,1.71E+00
1755,-2.02E-03,1.01E-03,1.96E-04,2.45E+00
1756,1.57E-03,-1.55E-03,4.67E-04,1.46E+00
1757,1.64E-03,-1.52E-03,3.06E-04,1.30E+00
1758,-1.88E-03,8.88E-04,-9.26E-04,1.14E+00
1759,1.07E-03,-1.26E-03,1.54E-03,6.09E+00
1760,9.44E-04,-1.38E-03,1.52E-03,6.05E+00
1761,1.28E-03,1.76E-03,6.88E-04,1.58E+00
1762,1.02E-03,-1.04E-03,1.73E-03,7.28E+00
1763,1.06E-03,-1.37E-03,1.45E-03,5.52E+00
1764,-1.96E-03,1.01E-03,5.42E-04,3.30E+00
1765,1.33E-03,-9.22E-04,-1.58E-03,7.71E-01
1766,1.58E-03,-3.89E-04,-1.57E-03,3.26E-01
1767,1.41E-03,1.62E-03,7.50E-04,1.85E+00
1768,2.26E-04,1.64E-03,-1.56E-03,4.05E-01
1769,-1.13E-03,1.24E-03,-1.54E-03,1.29E+00
1770,6.92E-04,-1.30E-03,1.71E-03,7.45E+00
1771,2.08E-03,5.89E-04,-7.07E-04,7.33E-01
1772,-1.44E-03,-1.55E-03,-7.90E-04,1.48E+00
1773,1.66E-03,7.44E-05,-1.54E-03,4.24E-01
1774,-2.02E-03,8.49E-04,-5.89E-04,1.33E+00
1775,-1.04E-03,-1.71E-03,-1.05E-03,1.70E+00
1776,4.07E-04,-2.06E-03,-8.09E-04,1.71E+00
1777,2.11E-03,-2.60E-05,-8.13E-04,5.88E-01
1778,9.46E-04,-2.02E-03,-2.98E-04,1.31E+00
1779,1.11E-03,-1.96E-03,2.62E-05,1.03E+00
1780,4.45E-04,-1.08E-03,1.94E-03,8.65E+00
1781,-5.69E-04,-1.87E-03,-1.12E-03,1.51E+00
1782,1.20E-03,-1.87E-03,3.69E-04,1.21E+00
1783,1.12E-03,1.19E-03,-1.58E-03,9.97E-01
1784,8.05E-04,-1.38E-03,1.60E-03,6.69E+00
1785,-1.88E-03,-1.24E-03,-1.64E-04,1.34E+00
1786,3.84E-04,9.96E-04,2.01E-03,8.45E+00
1787,-4.88E-04,1.95E-03,-1.08E-03,1.68E+00
1788,1.21E-03,-1.79E-03,6.36E-04,1.80E+00
1789,1.18E-03,-1.11E-03,1.58E-03,6.13E+00
1790,1.26E-03,-1.26E-03,1.38E-03,4.95E+00
1791,1.37E-03,-1.63E-03,7.39E-04,2.12E+00
1792,9.89E-04,-1.47E-03,1.40E-03,5.35E+00
1793,-1.99E-03,1.10E-03,1.75E-05,2.11E+00
1794,7.01E-04,-2.06E-03,-5.87E-04,1.59E+00
1795,2.02E-03,-9.01E-04,-4.68E-04,7.70E-01
1796,1.60E-03,-1.45E-03,6.47E-04,1.83E+00
1797,1.08E-03,-9.44E-04,1.75E-03,7.35E+00
1798,6.67E-04,2.33E-04,2.16E-03,9.54E+00
1799,4.16E-04,1.18E-03,1.90E-03,8.68E+00
1800,1.15E-03,-1.41E-03,1.34E-03,4.84E+00
1801,7.20E-04,-6.74E-04,2.04E-03,9.66E+00
1802,-1.70E-03,7.07E-04,-1.33E-03,8.85E-01
1803,-1.77E-03,1.37E-03,-4.11E-04,1.47E+00
1804,-1.90E-03,7.07E-04,-1.02E-03,9.84E-01
1805,-1.97E-03,9.00E-04,7.01E-04,3.71E+00
1806,-2.05E-03,7.07E-04,-6.84E-04,1.21E+00
1807,1.79E-03,-1.37E-03,1.79E-04,1.19E+00
1808,1.23E-03,1.68E-03,9.22E-04,2.80E+00
1809,1.19E-03,-1.22E-03,1.48E-03,5.57E+00
1810,1.26E-03,-1.64E-03,9.08E-04,2.68E+00
1811,7.36E-04,-5.22E-04,2.08E-03,9.71E+00
1812,2.25E-04,1.11E-03,1.97E-03,7.99E+00
1813,-1.58E-03,7.08E-04,-1.47E-03,8.67E-01
1814,-1.98E-03,7.07E-04,-8.57E-04,1.08E+00
1815,1.14E-03,1.97E-03,5.32E-05,7.70E-01
1816,-1.99E-03,-1.04E-03,2.35E-04,2.26E+00
1817,-2.00E-03,-1.06E-03,6.68E-05,1.86E+00
1818,-1.91E-03,-1.19E-03,1.97E-04,2.02E+00
1819,-1.80E-03,7.07E-04,-1.18E-03,9.18E-01
1820,1.24E-03,1.57E-03,1.09E-03,3.79E+00
1821,1.11E-03,1.48E-03,1.32E-03,5.26E+00
1822,9.90E-04,1.35E-03,1.54E-03,6.99E+00
1823,-1.15E-03,1.76E-03,-8.80E-04,1.76E+00
1824,-1.43E-03,1.63E-03,-7.00E-04,1.56E+00
1825,-1.92E-03,8.53E-04,8.75E-04,4.23E+00
1826,-1.62E-03,1.52E-03,-4.87E-04,1.45E+00
1827,-3.55E-04,2.04E-03,-9.60E-04,1.87E+00
1828,-1.91E-03,1.17E-03,4.00E-04,2.97E+00
1829,1.85E-03,-1.29E-03,9.47E-05,1.13E+00
1830,-1.52E-03,1.60E-03,-5.55E-04,1.51E+00
1831,-9.66E-04,1.84E-03,-9.27E-04,1.87E+00
1832,1.09E-03,1.39E-03,1.43E-03,6.14E+00
1833,-1.82E-03,1.36E-03,-2.01E-04,1.63E+00
1834,-1.88E-03,1.15E-03,5.58E-04,3.44E+00
1835,-1.28E-03,1.72E-03,-7.65E-04,1.72E+00
1836,2.00E-03,-1.01E-03,-3.03E-04,8.63E-01
