Node Number, X [ m ], Y [ m ], Z [ m ], Velocity [ m s^-1 ], Wall Shear [ Pa ]
0,5.12E-04,0.00E+00,-1.17E-02,3.90E-01, null
1,5.05E-04,0.00E+00,-1.14E-02,3.93E-01, null
2,2.43E-04,-3.64E-12,-1.16E-02,4.23E-01, null
3,3.84E-04,1.09E-11,-1.13E-02,4.12E-01, null
4,1.19E-04,3.64E-12,-1.15E-02,4.42E-01, null
5,1.93E-04,7.28E-12,-1.12E-02,4.40E-01, null
6,-5.10E-05,-7.28E-12,-1.12E-02,4.45E-01, null
7,-1.78E-04,0.00E+00,-1.13E-02,4.39E-01, null
8,-2.59E-05,0.00E+00,-1.14E-02,4.45E-01, null
9,-4.67E-04,-7.28E-12,-1.39E-02,3.48E-01, null
10,-2.78E-04,-2.73E-12,-1.42E-02,3.28E-01, null
11,-3.17E-04,0.00E+00,-1.38E-02,3.52E-01, null
12,-2.56E-04,-2.73E-12,-1.42E-02,3.28E-01, null
13,-1.10E-04,0.00E+00,-1.38E-02,3.54E-01, null
14,-5.57E-06,0.00E+00,-1.40E-02,3.42E-01, null
15,-2.72E-04,0.00E+00,-1.34E-02,3.70E-01, null
16,-4.95E-04,0.00E+00,-1.35E-02,3.57E-01, null
17,-4.18E-04,0.00E+00,-1.36E-02,3.58E-01, null
18,-5.07E-04,-3.64E-12,-1.34E-02,3.62E-01, null
19,-3.73E-04,0.00E+00,-1.15E-02,4.10E-01, null
20,-3.24E-04,3.64E-12,-1.13E-02,4.24E-01, null
21,4.49E-05,0.00E+00,-1.16E-02,4.40E-01, null
22,4.26E-04,3.64E-12,-1.40E-02,3.44E-01, null
23,4.15E-04,0.00E+00,-1.40E-02,3.45E-01, null
24,3.87E-04,3.64E-12,-1.40E-02,3.43E-01, null
25,-1.13E-04,5.46E-12,-1.18E-02,4.32E-01, null
26,-1.64E-04,0.00E+00,-1.19E-02,4.30E-01, null
27,-1.63E-04,0.00E+00,-1.18E-02,4.31E-01, null
28,5.12E-05,-3.64E-12,-1.36E-02,3.62E-01, null
29,6.98E-05,-7.28E-12,-1.38E-02,3.52E-01, null
30,1.68E-04,0.00E+00,-1.36E-02,3.62E-01, null
31,1.57E-04,-2.18E-11,-1.36E-02,3.65E-01, null
32,2.23E-04,0.00E+00,-1.34E-02,3.78E-01, null
33,-3.31E-05,0.00E+00,-1.34E-02,3.74E-01, null
34,1.34E-04,3.64E-12,-1.17E-02,4.39E-01, null
35,3.11E-04,0.00E+00,-1.18E-02,4.18E-01, null
36,2.22E-04,0.00E+00,-1.18E-02,4.25E-01, null
37,-1.40E-04,-3.64E-12,-1.33E-02,3.77E-01, null
38,-1.02E-04,0.00E+00,-1.33E-02,3.78E-01, null
39,-1.10E-04,1.09E-11,-1.34E-02,3.74E-01, null
40,2.71E-04,-1.82E-12,-1.33E-02,3.82E-01, null
41,2.43E-04,7.28E-12,-1.33E-02,3.83E-01, null
42,-2.73E-04,0.00E+00,-1.42E-02,3.27E-01, null
43,-3.01E-04,-2.73E-12,-1.42E-02,3.26E-01, null
44,-2.56E-04,-2.73E-12,-1.42E-02,3.25E-01, null
45,-2.54E-04,0.00E+00,-1.42E-02,3.27E-01, null
46,-2.31E-05,7.28E-12,-1.22E-02,4.20E-01, null
47,5.04E-05,0.00E+00,-1.22E-02,4.17E-01, null
48,1.57E-05,-3.64E-12,-1.23E-02,4.20E-01, null
49,-5.52E-05,1.82E-12,-1.32E-02,3.83E-01, null
50,1.17E-04,7.28E-12,-1.29E-02,3.96E-01, null
51,-8.15E-05,-1.82E-12,-1.27E-02,4.04E-01, null
52,-1.32E-04,0.00E+00,-1.33E-02,3.78E-01, null
53,-1.27E-04,0.00E+00,-1.27E-02,4.04E-01, null
54,-4.27E-04,-7.28E-12,-1.31E-02,3.73E-01, null
55,3.83E-04,5.46E-12,-1.25E-02,3.96E-01, null
56,4.12E-04,5.46E-12,-1.25E-02,3.96E-01, null
57,-1.00E-04,1.27E-11,-1.27E-02,4.05E-01, null
58,-6.00E-05,3.64E-12,-1.23E-02,4.18E-01, null
59,-4.98E-04,0.00E+00,-1.27E-02,3.81E-01, null
60,-5.01E-04,7.28E-12,-1.29E-02,3.77E-01, null
61,-1.75E-04,-1.82E-12,-1.27E-02,4.02E-01, null
62,-2.65E-04,0.00E+00,-1.18E-02,4.23E-01, null
63,-1.81E-04,-9.09E-12,-1.18E-02,4.29E-01, null
64,-5.15E-04,-3.64E-12,-1.16E-02,4.00E-01, null
65,4.38E-04,0.00E+00,-1.19E-02,4.00E-01, null
66,6.57E-05,7.28E-12,-1.21E-02,4.27E-01, null
67,-2.11E-04,0.00E+00,-1.19E-02,4.27E-01, null
68,-1.74E-04,1.82E-12,-1.19E-02,4.29E-01, null
69,-1.32E-04,-1.64E-11,-1.27E-02,4.02E-01, null
70,-1.26E-04,-1.82E-12,-1.27E-02,4.05E-01, null
71,-1.95E-04,0.00E+00,-1.19E-02,4.24E-01, null
72,-4.14E-04,7.28E-12,-1.21E-02,3.99E-01, null
73,-5.12E-04,7.28E-12,-1.18E-02,3.97E-01, null
74,-1.31E-04,0.00E+00,-1.46E-02,3.07E-01, null
75,5.27E-06,0.00E+00,-1.46E-02,3.05E-01, null
76,2.88E-05,-1.82E-12,-1.48E-02,3.01E-01, null
77,4.37E-04,0.00E+00,-1.40E-02,3.43E-01, null
78,4.34E-04,0.00E+00,-1.44E-02,3.21E-01, null
79,2.10E-04,0.00E+00,-1.44E-02,3.16E-01, null
80,3.50E-04,0.00E+00,-1.41E-02,3.38E-01, null
81,4.69E-05,3.64E-12,-1.43E-02,3.17E-01, null
82,-5.41E-05,-3.64E-12,-1.44E-02,3.12E-01, null
83,-2.07E-04,-1.46E-11,-1.45E-02,3.10E-01, null
84,-4.79E-04,0.00E+00,-1.45E-02,3.16E-01, null
85,-2.87E-04,-1.82E-12,-1.48E-02,3.02E-01, null
86,6.58E-05,0.00E+00,-1.44E-02,3.12E-01, null
87,1.60E-04,0.00E+00,-1.46E-02,3.05E-01, null
88,4.38E-04,0.00E+00,-1.30E-02,3.82E-01, null
89,4.47E-04,1.27E-11,-1.30E-02,3.82E-01, null
90,3.98E-04,-9.09E-13,-1.31E-02,3.83E-01, null
91,2.45E-04,-7.28E-12,-1.29E-02,3.93E-01, null
92,4.48E-04,0.00E+00,-1.30E-02,3.82E-01, null
93,3.25E-05,7.28E-12,-1.42E-02,3.28E-01, null
94,-4.76E-04,7.28E-12,-1.14E-02,3.99E-01, null
95,-5.03E-04,0.00E+00,-1.36E-02,3.56E-01, null
96,-1.18E-04,1.27E-11,-1.27E-02,4.04E-01, null
97,5.00E-04,-1.09E-11,-1.20E-02,3.90E-01, null
98,-2.65E-04,0.00E+00,-1.42E-02,3.27E-01, null
99,2.33E-04,0.00E+00,-1.49E-02,3.00E-01, null
100,1.03E-04,-1.82E-12,-1.49E-02,3.00E-01, null
101,2.20E-04,0.00E+00,-1.47E-02,3.02E-01, null
102,7.50E-05,0.00E+00,-1.48E-02,3.01E-01, null
103,-2.50E-04,-1.82E-12,-1.48E-02,3.01E-01, null
104,-3.06E-04,-1.82E-12,-1.49E-02,3.00E-01, null
105,-5.01E-04,0.00E+00,-1.41E-02,3.41E-01, null
106,-4.99E-04,7.28E-12,-1.43E-02,3.32E-01, null
107,-4.44E-04,7.28E-12,-1.32E-02,3.70E-01, null
108,-5.74E-04,-7.28E-12,-1.31E-02,3.29E-01, null
109,3.21E-04,0.00E+00,-1.45E-02,3.12E-01, null
110,-4.93E-04,0.00E+00,-1.25E-02,3.88E-01, null
111,2.65E-04,-1.82E-12,-1.33E-02,3.82E-01, null
112,2.30E-04,5.46E-12,-1.32E-02,3.87E-01, null
113,-4.77E-04,0.00E+00,-1.12E-02,3.96E-01, null
114,-3.12E-04,-3.64E-12,-1.12E-02,4.24E-01, null
115,2.68E-04,7.28E-12,-1.46E-02,3.05E-01, null
116,-4.37E-04,-3.64E-12,-1.22E-02,3.99E-01, null
117,-3.76E-04,0.00E+00,-1.24E-02,3.96E-01, null
118,4.34E-04,0.00E+00,-1.24E-02,3.95E-01, null
119,-5.22E-04,0.00E+00,-1.45E-02,3.21E-01, null
120,-1.84E-04,0.00E+00,-1.22E-02,4.15E-01, null
121,-7.33E-04,1.27E-11,-1.49E-02,3.00E-01, null
122,-5.27E-04,0.00E+00,-1.46E-02,3.14E-01, null
123,4.25E-05,1.27E-11,-1.49E-02,3.00E-01, null
124,-2.57E-04,1.09E-11,-1.49E-02,3.00E-01, null
125,-6.07E-04,0.00E+00,-1.24E-02,3.26E-01, null
126,-7.08E-04,-7.28E-12,-1.29E-02,2.83E-01, null
127,-7.41E-04,0.00E+00,-1.28E-02,2.69E-01, null
128,-6.46E-04,0.00E+00,-1.11E-02,3.15E-01, null
129,-6.32E-04,0.00E+00,-1.13E-02,3.24E-01, null
130,-6.20E-04,0.00E+00,-1.14E-02,3.19E-01, null
131,-8.01E-04,0.00E+00,-1.11E-02,2.28E-01, null
132,-8.02E-04,0.00E+00,-1.13E-02,2.11E-01, null
133,-7.94E-04,-3.64E-12,-1.27E-02,2.46E-01, null
134,-8.04E-04,0.00E+00,-1.28E-02,2.38E-01, null
135,-8.09E-04,0.00E+00,-1.32E-02,2.26E-01, null
136,-8.38E-04,7.28E-12,-1.32E-02,2.17E-01, null
137,-6.51E-04,0.00E+00,-1.34E-02,2.98E-01, null
138,-5.78E-04,-3.64E-12,-1.22E-02,3.24E-01, null
139,-7.03E-04,3.64E-12,-1.42E-02,3.16E-01, null
140,-6.88E-04,0.00E+00,-1.39E-02,2.83E-01, null
141,-7.20E-04,0.00E+00,-1.42E-02,3.11E-01, null
142,-7.70E-04,0.00E+00,-1.42E-02,3.02E-01, null
143,-7.95E-04,-7.28E-12,-1.40E-02,2.55E-01, null
144,-6.33E-04,3.64E-12,-1.37E-02,3.12E-01, null
145,-7.37E-04,0.00E+00,-1.36E-02,2.62E-01, null
146,-5.40E-04,3.64E-12,-1.35E-02,3.43E-01, null
147,-7.59E-04,-1.46E-11,-1.22E-02,2.32E-01, null
148,-7.91E-04,0.00E+00,-1.20E-02,2.27E-01, null
149,-7.40E-04,0.00E+00,-1.19E-02,2.50E-01, null
150,-5.91E-04,3.64E-12,-1.17E-02,3.53E-01, null
151,-8.34E-04,1.82E-12,-1.36E-02,2.21E-01, null
152,-7.81E-04,-1.46E-11,-1.38E-02,2.54E-01, null
153,-7.92E-04,-1.46E-11,-1.39E-02,2.51E-01, null
154,-5.52E-04,-3.64E-12,-1.35E-02,3.36E-01, null
155,-7.89E-04,1.46E-11,-1.23E-02,2.29E-01, null
156,-6.35E-04,7.28E-12,-1.26E-02,3.19E-01, null
157,-8.45E-04,0.00E+00,-1.36E-02,2.16E-01, null
158,-7.95E-04,3.64E-12,-1.19E-02,2.20E-01, null
159,-7.99E-04,-1.46E-11,-1.15E-02,2.02E-01, null
160,-7.85E-04,-1.09E-11,-1.19E-02,2.24E-01, null
161,-8.29E-04,3.64E-12,-1.19E-02,1.91E-01, null
162,-7.75E-04,0.00E+00,-1.14E-02,2.10E-01, null
163,-8.53E-04,0.00E+00,-1.22E-02,1.58E-01, null
164,-7.51E-04,0.00E+00,-1.48E-02,2.97E-01, null
165,-5.83E-04,0.00E+00,-1.45E-02,3.07E-01, null
166,-8.21E-04,7.28E-12,-1.46E-02,2.69E-01, null
167,-7.89E-04,0.00E+00,-1.43E-02,2.96E-01, null
168,-6.61E-04,1.82E-12,-1.44E-02,3.11E-01, null
169,-8.43E-04,0.00E+00,-1.39E-02,1.95E-01, null
170,-8.59E-04,-9.09E-12,-1.36E-02,1.98E-01, null
171,-7.64E-04,0.00E+00,-1.43E-02,3.04E-01, null
172,-8.71E-04,3.64E-12,-1.36E-02,1.87E-01, null
173,-8.20E-04,0.00E+00,-1.30E-02,2.31E-01, null
174,-7.75E-04,1.09E-11,-1.49E-02,2.69E-01, null
175,-8.68E-04,0.00E+00,-1.15E-02,1.41E-01, null
176,-9.22E-04,-7.28E-12,-1.14E-02,1.04E-01, null
177,-7.76E-04,0.00E+00,-1.25E-02,2.44E-01, null
178,-1.04E-04,0.00E+00,-8.08E-03,4.95E-01, null
179,5.25E-05,0.00E+00,-8.05E-03,4.94E-01, null
180,6.76E-05,3.64E-12,-8.22E-03,4.91E-01, null
181,-2.46E-04,-1.27E-11,-8.33E-03,4.82E-01, null
182,-2.22E-04,0.00E+00,-8.28E-03,4.85E-01, null
183,-3.06E-04,0.00E+00,-8.24E-03,4.73E-01, null
184,-4.35E-04,0.00E+00,-8.15E-03,4.43E-01, null
185,-2.97E-04,0.00E+00,-8.08E-03,4.75E-01, null
186,-4.72E-04,3.64E-12,-8.27E-03,4.36E-01, null
187,-1.95E-04,0.00E+00,-8.05E-03,4.89E-01, null
188,-1.36E-04,0.00E+00,-8.26E-03,4.91E-01, null
189,-9.00E-05,3.64E-12,-9.39E-03,4.71E-01, null
190,-3.52E-04,9.09E-13,-9.62E-03,4.37E-01, null
191,5.74E-05,0.00E+00,-9.52E-03,4.70E-01, null
192,2.46E-05,0.00E+00,-9.84E-03,4.69E-01, null
193,4.22E-04,-7.28E-12,-9.54E-03,4.26E-01, null
194,1.94E-04,9.09E-13,-9.72E-03,4.51E-01, null
195,3.94E-04,9.09E-13,-9.53E-03,4.31E-01, null
196,4.14E-04,0.00E+00,-8.45E-03,4.16E-01, null
197,4.00E-04,0.00E+00,-8.38E-03,4.21E-01, null
198,3.06E-04,7.28E-12,-8.37E-03,4.40E-01, null
199,6.90E-06,0.00E+00,-8.60E-03,4.71E-01, null
200,-4.19E-05,3.64E-12,-8.56E-03,4.83E-01, null
201,4.09E-04,-7.28E-12,-8.29E-03,4.26E-01, null
202,1.64E-04,-7.28E-12,-8.16E-03,4.77E-01, null
203,4.14E-04,0.00E+00,-7.99E-03,4.30E-01, null
204,2.72E-04,-1.09E-11,-7.88E-03,4.52E-01, null
205,4.32E-04,-1.46E-11,-7.89E-03,4.21E-01, null
206,4.24E-04,-7.28E-12,-7.53E-03,4.18E-01, null
207,2.71E-04,0.00E+00,-7.57E-03,4.49E-01, null
208,2.07E-05,0.00E+00,-7.77E-03,4.89E-01, null
209,3.86E-04,0.00E+00,-8.74E-03,4.16E-01, null
210,1.60E-04,3.64E-12,-8.90E-03,4.65E-01, null
211,-2.27E-05,-5.46E-12,-8.71E-03,4.83E-01, null
212,-7.63E-05,0.00E+00,-1.03E-02,4.59E-01, null
213,1.73E-05,0.00E+00,-1.03E-02,4.61E-01, null
214,-2.04E-05,3.64E-12,-1.03E-02,4.61E-01, null
215,3.83E-04,0.00E+00,-1.07E-02,4.24E-01, null
216,-2.14E-05,0.00E+00,-1.08E-02,4.55E-01, null
217,-2.93E-05,0.00E+00,-1.09E-02,4.55E-01, null
218,3.38E-04,0.00E+00,-1.09E-02,4.27E-01, null
219,-4.61E-05,1.82E-12,-1.09E-02,4.56E-01, null
220,-1.67E-04,0.00E+00,-1.08E-02,4.43E-01, null
221,-6.05E-05,-7.28E-12,-1.09E-02,4.55E-01, null
222,-5.68E-05,-7.28E-12,-1.09E-02,4.55E-01, null
223,-4.91E-04,0.00E+00,-1.10E-02,3.97E-01, null
224,-1.14E-04,3.64E-12,-1.09E-02,4.48E-01, null
225,-1.66E-04,0.00E+00,-1.12E-02,4.42E-01, null
226,-3.83E-04,3.64E-12,-9.54E-03,4.35E-01, null
227,-3.91E-04,0.00E+00,-9.62E-03,4.30E-01, null
228,-1.97E-04,0.00E+00,-9.34E-03,4.43E-01, null
229,-2.49E-04,0.00E+00,-9.17E-03,4.57E-01, null
230,-4.63E-04,0.00E+00,-9.08E-03,3.93E-01, null
231,-3.44E-04,0.00E+00,-9.03E-03,4.35E-01, null
232,7.94E-05,-3.64E-12,-1.04E-02,4.58E-01, null
233,2.20E-05,-3.64E-12,-1.04E-02,4.62E-01, null
234,-2.10E-04,0.00E+00,-8.54E-03,4.63E-01, null
235,-9.13E-05,0.00E+00,-8.60E-03,4.77E-01, null
236,-2.70E-04,0.00E+00,-8.65E-03,4.45E-01, null
237,-4.66E-04,0.00E+00,-8.47E-03,4.28E-01, null
238,-5.28E-04,3.64E-12,-8.70E-03,4.01E-01, null
239,-3.35E-04,7.28E-12,-8.93E-03,4.40E-01, null
240,-1.43E-04,0.00E+00,-8.98E-03,4.63E-01, null
241,-4.72E-04,0.00E+00,-8.85E-03,4.13E-01, null
242,6.42E-05,3.64E-12,-1.03E-02,4.59E-01, null
243,-5.65E-04,-3.64E-12,-1.01E-02,3.49E-01, null
244,-4.49E-04,-2.73E-12,-9.68E-03,4.04E-01, null
245,-4.00E-04,0.00E+00,-1.02E-02,4.20E-01, null
246,-3.81E-04,-1.82E-12,-9.66E-03,4.34E-01, null
247,-3.85E-04,-3.64E-12,-9.63E-03,4.33E-01, null
248,-4.71E-05,0.00E+00,-8.61E-03,4.79E-01, null
249,5.72E-05,7.28E-12,-8.94E-03,4.72E-01, null
250,1.35E-04,0.00E+00,-9.05E-03,4.74E-01, null
251,3.65E-05,0.00E+00,-9.25E-03,4.68E-01, null
252,-1.25E-04,7.28E-12,-9.32E-03,4.62E-01, null
253,3.50E-05,1.09E-11,-9.87E-03,4.67E-01, null
254,2.40E-05,9.09E-13,-9.86E-03,4.67E-01, null
255,1.31E-05,-9.09E-13,-9.87E-03,4.68E-01, null
256,-2.84E-04,7.28E-12,-1.04E-02,4.42E-01, null
257,-8.42E-05,-1.82E-12,-1.08E-02,4.55E-01, null
258,-4.60E-04,3.64E-12,-1.07E-02,4.09E-01, null
259,-4.90E-04,0.00E+00,-1.07E-02,4.04E-01, null
260,-3.83E-04,0.00E+00,-1.03E-02,4.26E-01, null
261,-4.68E-04,1.82E-12,-1.05E-02,4.09E-01, null
262,-5.10E-04,3.64E-12,-1.06E-02,3.89E-01, null
263,4.29E-04,-1.09E-11,-1.01E-02,4.20E-01, null
264,4.28E-04,0.00E+00,-9.82E-03,4.24E-01, null
265,-4.69E-04,-3.64E-12,-1.02E-02,4.01E-01, null
266,1.60E-05,0.00E+00,-9.86E-03,4.67E-01, null
267,2.16E-04,-7.28E-12,-9.18E-03,4.60E-01, null
268,3.01E-05,1.09E-11,-9.86E-03,4.67E-01, null
269,-1.51E-04,0.00E+00,-8.42E-03,4.87E-01, null
270,3.32E-04,-3.64E-12,-9.12E-03,4.34E-01, null
271,-5.21E-04,0.00E+00,-1.03E-02,3.81E-01, null
272,-5.38E-04,-3.64E-12,-1.07E-02,3.72E-01, null
273,-4.20E-04,7.28E-12,-7.82E-03,4.33E-01, null
274,-1.62E-04,-7.28E-12,-7.81E-03,4.73E-01, null
275,-2.21E-04,0.00E+00,-7.99E-03,4.87E-01, null
276,-1.52E-04,0.00E+00,-7.98E-03,4.93E-01, null
277,-4.09E-04,-3.64E-12,-9.62E-03,4.24E-01, null
278,4.09E-04,-7.28E-12,-9.51E-03,4.29E-01, null
279,4.21E-04,9.09E-13,-9.52E-03,4.25E-01, null
280,4.28E-04,-1.09E-11,-1.02E-02,4.20E-01, null
281,-5.65E-04,0.00E+00,-8.15E-03,3.77E-01, null
282,1.79E-04,-3.64E-12,-9.30E-03,4.67E-01, null
283,3.63E-04,0.00E+00,-1.05E-02,4.25E-01, null
284,-4.63E-04,0.00E+00,-8.06E-03,4.37E-01, null
285,2.29E-04,0.00E+00,-1.07E-02,4.38E-01, null
286,4.54E-04,0.00E+00,-8.93E-03,4.04E-01, null
287,-4.19E-04,-2.73E-12,-9.58E-03,4.18E-01, null
288,-7.50E-04,7.28E-12,-8.88E-03,2.64E-01, null
289,-5.24E-04,0.00E+00,-8.98E-03,3.63E-01, null
290,-6.03E-04,-3.64E-12,-8.75E-03,3.62E-01, null
291,-7.75E-04,0.00E+00,-8.54E-03,2.20E-01, null
292,-5.42E-04,-7.28E-12,-8.43E-03,3.84E-01, null
293,-5.90E-04,-3.64E-12,-8.66E-03,3.65E-01, null
294,-7.61E-04,0.00E+00,-9.43E-03,2.07E-01, null
295,-7.09E-04,7.28E-12,-9.16E-03,2.72E-01, null
296,-7.57E-04,7.28E-12,-1.05E-02,2.55E-01, null
297,-7.84E-04,0.00E+00,-1.07E-02,2.45E-01, null
298,-5.76E-04,-3.64E-12,-1.06E-02,3.52E-01, null
299,-7.03E-04,3.64E-12,-1.09E-02,2.96E-01, null
300,-8.12E-04,0.00E+00,-1.02E-02,2.11E-01, null
301,-7.89E-04,1.27E-11,-1.02E-02,2.32E-01, null
302,-8.18E-04,1.09E-11,-1.02E-02,2.07E-01, null
303,-7.37E-04,-7.28E-12,-8.25E-03,2.58E-01, null
304,-7.57E-04,0.00E+00,-7.99E-03,2.42E-01, null
305,-6.27E-04,0.00E+00,-7.80E-03,3.15E-01, null
306,-7.50E-04,-7.28E-12,-7.76E-03,2.24E-01, null
307,-7.40E-04,1.46E-11,-8.12E-03,2.42E-01, null
308,-7.06E-04,7.28E-12,-9.91E-03,2.70E-01, null
309,-7.90E-04,0.00E+00,-1.03E-02,2.36E-01, null
310,-1.03E-03,-2.73E-12,-1.04E-02,2.64E-02, null
311,-7.85E-04,0.00E+00,-1.09E-02,2.50E-01, null
312,-7.77E-04,3.64E-12,-1.08E-02,2.50E-01, null
313,-7.82E-04,0.00E+00,-1.01E-02,2.35E-01, null
314,-7.58E-04,0.00E+00,-9.67E-03,2.20E-01, null
315,-1.03E-03,0.00E+00,-9.21E-03,1.67E-02, null
316,-8.16E-04,-1.09E-11,-9.50E-03,1.61E-01, null
317,-1.05E-03,0.00E+00,-9.22E-03,0.00E+00,4.42E+00
318,-7.68E-04,7.28E-12,-9.91E-03,2.20E-01, null
319,-1.01E-03,-9.09E-13,-1.01E-02,3.93E-02, null
320,-1.05E-03,1.09E-11,-1.04E-02,0.00E+00,4.62E+00
321,-1.05E-03,0.00E+00,-1.07E-02,0.00E+00,4.61E+00
322,-1.02E-03,0.00E+00,-1.07E-02,2.80E-02, null
323,-1.05E-03,1.09E-11,-1.04E-02,0.00E+00,4.62E+00
324,-1.05E-03,-5.46E-12,-8.02E-03,4.87E-03, null
325,-1.04E-03,9.09E-13,-8.00E-03,1.41E-02, null
326,-1.05E-03,-4.55E-12,-8.01E-03,0.00E+00,4.66E+00
327,-1.05E-03,5.46E-12,-1.01E-02,0.00E+00,4.60E+00
328,-1.05E-03,0.00E+00,-1.01E-02,0.00E+00,4.61E+00
329,-7.71E-04,0.00E+00,-9.53E-03,2.00E-01, null
330,-8.25E-04,1.09E-11,-9.56E-03,1.56E-01, null
331,-1.04E-03,3.64E-12,-8.62E-03,1.36E-02, null
332,-1.04E-03,0.00E+00,-8.61E-03,1.09E-02, null
333,-1.05E-03,0.00E+00,-8.62E-03,0.00E+00,4.56E+00
334,-1.01E-03,-9.09E-13,-1.07E-02,4.74E-02, null
335,-7.72E-04,-7.28E-12,-9.85E-03,2.17E-01, null
336,-1.05E-03,-9.09E-13,-9.80E-03,0.00E+00,4.43E+00
337,-1.01E-03,-2.73E-12,-9.82E-03,3.72E-02, null
338,-8.12E-04,7.28E-12,-8.17E-03,1.92E-01, null
339,-1.05E-03,1.82E-12,-9.21E-03,0.00E+00,4.42E+00
340,-1.05E-03,0.00E+00,-8.02E-03,0.00E+00,4.67E+00
341,-7.32E-04,-7.28E-12,-9.02E-03,2.60E-01, null
342,-7.82E-04,-7.28E-12,-8.69E-03,2.26E-01, null
343,-1.05E-03,0.00E+00,-8.32E-03,0.00E+00,4.62E+00
344,-1.05E-03,-9.09E-12,-8.31E-03,0.00E+00,4.62E+00
345,-1.04E-03,5.46E-12,-8.32E-03,1.03E-02, null
346,-1.05E-03,3.64E-12,-8.61E-03,0.00E+00,4.56E+00
347,-1.03E-03,-9.09E-13,-8.93E-03,1.58E-02, null
348,-1.05E-03,0.00E+00,-8.92E-03,0.00E+00,4.48E+00
349,-1.04E-03,5.46E-12,-8.91E-03,1.44E-02, null
350,-9.03E-04,3.64E-12,-1.31E-02,1.45E-01, null
351,-9.00E-04,3.64E-12,-1.29E-02,1.51E-01, null
352,-1.05E-03,0.00E+00,-1.30E-02,0.00E+00,6.05E+00
353,-9.04E-04,0.00E+00,-1.24E-02,1.27E-01, null
354,-1.03E-03,0.00E+00,-1.26E-02,1.87E-02, null
355,-1.05E-03,0.00E+00,-1.26E-02,0.00E+00,5.62E+00
356,-1.04E-03,0.00E+00,-1.24E-02,0.00E+00,5.48E+00
357,-1.00E-03,1.82E-12,-1.32E-02,4.97E-02, null
358,-1.02E-03,0.00E+00,-1.21E-02,3.02E-02, null
359,-1.05E-03,-1.27E-11,-1.21E-02,0.00E+00,5.19E+00
360,-1.05E-03,1.82E-12,-1.20E-02,0.00E+00,5.20E+00
361,-8.66E-04,-3.64E-12,-1.19E-02,1.62E-01, null
362,-9.34E-04,0.00E+00,-1.18E-02,8.76E-02, null
363,-9.65E-04,0.00E+00,-1.35E-02,9.02E-02, null
364,-1.05E-03,0.00E+00,-1.43E-02,0.00E+00,9.08E+00
365,-1.05E-03,0.00E+00,-1.41E-02,0.00E+00,7.71E+00
366,-9.60E-04,0.00E+00,-1.41E-02,9.17E-02, null
367,-8.79E-04,3.64E-12,-1.40E-02,1.66E-01, null
368,-1.01E-03,9.09E-13,-1.27E-02,4.51E-02, null
369,-9.12E-04,0.00E+00,-1.23E-02,1.17E-01, null
370,-1.05E-03,1.82E-12,-1.21E-02,0.00E+00,5.21E+00
371,-1.05E-03,1.82E-12,-1.27E-02,0.00E+00,5.64E+00
372,-9.47E-04,-1.82E-12,-1.43E-02,1.15E-01, null
373,-1.02E-03,0.00E+00,-1.44E-02,3.48E-02, null
374,-1.05E-03,1.82E-12,-1.43E-02,0.00E+00,9.43E+00
375,-1.05E-03,1.09E-11,-1.49E-02,0.00E+00,1.16E+01
376,-1.05E-03,-1.82E-12,-1.48E-02,0.00E+00,1.17E+01
377,-8.08E-04,0.00E+00,-1.48E-02,2.40E-01, null
378,-9.55E-04,-7.28E-12,-1.46E-02,1.25E-01, null
379,-1.05E-03,0.00E+00,-1.44E-02,0.00E+00,9.74E+00
380,-1.05E-03,0.00E+00,-1.46E-02,0.00E+00,1.10E+01
381,-1.04E-03,0.00E+00,-1.35E-02,0.00E+00,6.74E+00
382,-1.05E-03,0.00E+00,-1.37E-02,0.00E+00,7.06E+00
383,-9.56E-04,0.00E+00,-1.37E-02,1.01E-01, null
384,-9.95E-04,0.00E+00,-1.38E-02,5.80E-02, null
385,-1.05E-03,-1.27E-11,-1.38E-02,0.00E+00,7.16E+00
386,-1.05E-03,-9.09E-12,-1.32E-02,0.00E+00,6.55E+00
387,-1.05E-03,-1.82E-12,-1.33E-02,0.00E+00,6.55E+00
388,-1.05E-03,1.82E-12,-1.27E-02,0.00E+00,5.66E+00
389,-1.03E-03,3.64E-12,-1.15E-02,1.62E-02, null
390,-1.05E-03,0.00E+00,-1.15E-02,0.00E+00,5.07E+00
391,-1.05E-03,0.00E+00,-1.13E-02,0.00E+00,4.92E+00
392,-1.05E-03,0.00E+00,-1.15E-02,0.00E+00,5.04E+00
393,-1.05E-03,-1.82E-12,-1.32E-02,0.00E+00,6.46E+00
394,-9.10E-04,0.00E+00,-1.12E-02,1.27E-01, null
395,-1.05E-03,0.00E+00,-1.16E-02,0.00E+00,5.09E+00
396,-1.05E-03,0.00E+00,-1.38E-02,0.00E+00,7.21E+00
397,-1.05E-03,0.00E+00,-1.18E-02,0.00E+00,5.18E+00
398,-1.05E-03,-4.55E-12,-9.52E-03,0.00E+00,4.46E+00
399,-1.05E-03,0.00E+00,-1.01E-02,0.00E+00,4.61E+00
400,-1.00E-03,2.73E-12,-1.10E-02,4.98E-02, null
401,-1.05E-03,0.00E+00,-9.50E-03,0.00E+00,4.45E+00
402,-1.05E-03,-6.37E-12,-7.73E-03,0.00E+00,4.52E+00
403,-1.04E-03,-5.46E-12,-7.72E-03,1.35E-02, null
404,-1.04E-03,-9.09E-13,-1.10E-02,1.54E-02, null
405,-1.05E-03,3.64E-12,-1.10E-02,0.00E+00,4.70E+00
406,-1.05E-03,0.00E+00,-1.10E-02,0.00E+00,4.68E+00
407,-1.05E-03,-8.19E-12,-1.07E-02,0.00E+00,4.61E+00
408,-1.05E-03,0.00E+00,-8.91E-03,0.00E+00,4.49E+00
409,-1.05E-03,8.19E-12,-7.72E-03,0.00E+00,4.52E+00
410,-3.36E-04,7.28E-12,-7.66E-03,4.44E-01, null
411,-1.07E-04,0.00E+00,-7.61E-03,4.64E-01, null
412,-3.08E-04,7.28E-12,-7.37E-03,4.41E-01, null
413,1.89E-04,-1.09E-11,-4.44E-03,5.07E-01, null
414,2.06E-04,0.00E+00,-4.47E-03,5.05E-01, null
415,2.08E-04,-9.09E-13,-4.44E-03,5.05E-01, null
416,-3.15E-05,0.00E+00,-4.79E-03,4.98E-01, null
417,-8.82E-05,0.00E+00,-4.76E-03,5.03E-01, null
418,-3.71E-04,3.64E-12,-4.34E-03,4.65E-01, null
419,-3.72E-04,0.00E+00,-4.46E-03,4.68E-01, null
420,-2.99E-04,7.28E-12,-4.43E-03,4.80E-01, null
421,-1.14E-04,0.00E+00,-4.76E-03,5.00E-01, null
422,-7.97E-05,0.00E+00,-4.71E-03,5.07E-01, null
423,-5.36E-06,-1.46E-11,-4.16E-03,5.16E-01, null
424,-4.21E-05,-1.46E-11,-4.34E-03,4.95E-01, null
425,1.82E-04,0.00E+00,-4.43E-03,5.09E-01, null
426,4.48E-04,0.00E+00,-5.16E-03,4.24E-01, null
427,4.60E-04,-3.64E-12,-5.26E-03,4.16E-01, null
428,9.48E-05,0.00E+00,-5.23E-03,4.85E-01, null
429,4.80E-06,-4.55E-12,-5.26E-03,5.01E-01, null
430,-1.63E-05,0.00E+00,-5.23E-03,5.04E-01, null
431,3.55E-04,0.00E+00,-5.51E-03,4.32E-01, null
432,1.12E-05,3.64E-12,-5.65E-03,4.92E-01, null
433,-3.60E-05,0.00E+00,-5.33E-03,5.07E-01, null
434,-2.98E-05,-1.82E-12,-5.24E-03,5.05E-01, null
435,-3.91E-05,9.09E-12,-5.23E-03,5.05E-01, null
436,-3.21E-04,0.00E+00,-5.45E-03,4.44E-01, null
437,-6.40E-05,0.00E+00,-5.67E-03,4.97E-01, null
438,-7.31E-05,-4.55E-12,-5.26E-03,5.00E-01, null
439,-6.70E-05,9.09E-13,-5.21E-03,5.01E-01, null
440,3.11E-04,-7.28E-12,-5.01E-03,4.45E-01, null
441,-5.44E-05,-9.09E-13,-5.06E-03,5.07E-01, null
442,-5.60E-04,7.28E-12,-6.19E-03,3.69E-01, null
443,-4.53E-04,7.28E-12,-5.97E-03,4.34E-01, null
444,-2.62E-04,-7.28E-12,-6.19E-03,4.74E-01, null
445,-1.59E-04,-7.28E-12,-6.24E-03,4.86E-01, null
446,-3.05E-04,3.64E-12,-6.32E-03,4.60E-01, null
447,-3.00E-04,0.00E+00,-6.54E-03,4.53E-01, null
448,-1.12E-04,0.00E+00,-6.54E-03,4.82E-01, null
449,-4.55E-04,3.64E-12,-6.68E-03,4.23E-01, null
450,-4.64E-04,0.00E+00,-6.79E-03,4.06E-01, null
451,-4.02E-04,-3.64E-12,-6.78E-03,4.35E-01, null
452,-4.26E-05,7.28E-12,-5.72E-03,4.97E-01, null
453,-1.38E-04,3.64E-12,-5.71E-03,4.90E-01, null
454,-4.72E-05,0.00E+00,-5.79E-03,5.04E-01, null
455,2.85E-04,0.00E+00,-5.86E-03,4.59E-01, null
456,4.89E-04,0.00E+00,-6.04E-03,4.12E-01, null
457,1.15E-04,0.00E+00,-5.98E-03,4.83E-01, null
458,-1.15E-04,0.00E+00,-4.79E-03,5.02E-01, null
459,-8.61E-05,0.00E+00,-4.79E-03,5.02E-01, null
460,-1.11E-04,-7.28E-12,-6.14E-03,4.96E-01, null
461,-4.49E-04,0.00E+00,-5.88E-03,4.33E-01, null
462,-3.77E-04,0.00E+00,-5.94E-03,4.44E-01, null
463,1.48E-04,-3.64E-12,-6.47E-03,4.82E-01, null
464,3.06E-04,0.00E+00,-6.41E-03,4.63E-01, null
465,3.71E-05,0.00E+00,-6.83E-03,4.97E-01, null
466,-1.62E-05,0.00E+00,-6.82E-03,5.03E-01, null
467,-2.06E-05,0.00E+00,-6.64E-03,4.82E-01, null
468,-1.43E-04,0.00E+00,-6.64E-03,4.85E-01, null
469,-4.07E-04,-3.64E-12,-6.93E-03,4.32E-01, null
470,-1.39E-04,3.64E-12,-6.85E-03,4.80E-01, null
471,3.96E-04,0.00E+00,-6.92E-03,4.21E-01, null
472,3.91E-04,0.00E+00,-6.85E-03,4.23E-01, null
473,1.24E-04,0.00E+00,-6.87E-03,4.80E-01, null
474,-2.72E-05,-1.82E-12,-6.89E-03,4.98E-01, null
475,8.82E-05,-7.28E-12,-7.25E-03,4.87E-01, null
476,1.85E-05,3.64E-12,-6.99E-03,5.03E-01, null
477,3.40E-04,0.00E+00,-4.82E-03,4.38E-01, null
478,8.82E-05,0.00E+00,-6.30E-03,4.84E-01, null
479,-5.89E-05,3.64E-12,-7.29E-03,4.80E-01, null
480,-5.18E-04,-3.64E-12,-4.86E-03,4.03E-01, null
481,-3.73E-04,0.00E+00,-5.03E-03,4.47E-01, null
482,-2.80E-04,-1.82E-12,-4.79E-03,4.60E-01, null
483,-5.30E-04,0.00E+00,-4.80E-03,3.93E-01, null
484,5.42E-05,-3.64E-12,-7.42E-03,4.93E-01, null
485,5.20E-05,1.46E-11,-7.30E-03,4.85E-01, null
486,2.36E-04,3.64E-12,-7.37E-03,4.61E-01, null
487,1.17E-05,1.09E-11,-6.88E-03,5.01E-01, null
488,-3.19E-04,-1.46E-11,-7.21E-03,4.38E-01, null
489,4.59E-05,3.64E-12,-5.72E-03,4.90E-01, null
490,-4.56E-04,1.82E-12,-4.63E-03,4.34E-01, null
491,3.73E-04,3.64E-12,-6.64E-03,4.44E-01, null
492,2.71E-04,3.64E-12,-6.23E-03,4.74E-01, null
493,-2.08E-04,0.00E+00,-4.08E-03,4.81E-01, null
494,-3.60E-04,0.00E+00,-4.08E-03,4.49E-01, null
495,-5.40E-04,0.00E+00,-7.50E-03,3.56E-01, null
496,-4.76E-04,0.00E+00,-6.47E-03,4.10E-01, null
497,-5.79E-04,0.00E+00,-6.33E-03,3.64E-01, null
498,-6.85E-04,7.28E-12,-7.35E-03,2.89E-01, null
499,-6.37E-04,0.00E+00,-7.49E-03,3.14E-01, null
500,-6.20E-04,-7.28E-12,-7.25E-03,3.09E-01, null
501,-5.68E-04,0.00E+00,-7.62E-03,3.60E-01, null
502,-3.93E-04,-1.46E-11,-5.57E-03,4.42E-01, null
503,-4.42E-04,7.28E-12,-5.17E-03,4.33E-01, null
504,-4.26E-04,7.28E-12,-5.37E-03,4.35E-01, null
505,3.78E-04,-1.46E-11,-7.47E-03,4.21E-01, null
506,3.68E-04,7.28E-12,-5.67E-03,4.39E-01, null
507,4.12E-04,1.46E-11,-7.41E-03,4.20E-01, null
508,2.01E-04,9.09E-13,-4.43E-03,5.06E-01, null
509,2.03E-04,0.00E+00,-4.06E-03,4.99E-01, null
510,4.32E-04,0.00E+00,-7.15E-03,4.20E-01, null
511,2.78E-04,-7.28E-12,-4.00E-03,4.85E-01, null
512,-7.25E-04,0.00E+00,-4.30E-03,2.88E-01, null
513,-7.04E-04,-7.28E-12,-4.46E-03,2.94E-01, null
514,-6.24E-04,0.00E+00,-4.36E-03,3.62E-01, null
515,-1.03E-03,0.00E+00,-4.44E-03,2.32E-02, null
516,-7.10E-04,0.00E+00,-6.21E-03,2.81E-01, null
517,-8.00E-04,7.28E-12,-6.29E-03,2.02E-01, null
518,-1.04E-03,5.91E-12,-6.23E-03,1.06E-02, null
519,-7.49E-04,1.82E-12,-6.53E-03,2.53E-01, null
520,-7.85E-04,3.64E-12,-6.61E-03,2.22E-01, null
521,-5.43E-04,-3.64E-12,-5.89E-03,3.82E-01, null
522,-5.33E-04,7.28E-12,-5.98E-03,3.87E-01, null
523,-7.13E-04,0.00E+00,-6.02E-03,2.80E-01, null
524,-7.76E-04,0.00E+00,-7.23E-03,2.16E-01, null
525,-1.02E-03,1.82E-12,-7.43E-03,2.86E-02, null
526,-1.05E-03,0.00E+00,-7.42E-03,0.00E+00,4.32E+00
527,-1.05E-03,0.00E+00,-7.43E-03,0.00E+00,4.32E+00
528,-7.35E-04,-3.64E-12,-7.21E-03,2.53E-01, null
529,-7.38E-04,-7.28E-12,-6.61E-03,2.52E-01, null
530,-1.04E-03,-5.00E-12,-7.44E-03,1.31E-02, null
531,-7.58E-04,0.00E+00,-5.87E-03,2.33E-01, null
532,-1.04E-03,0.00E+00,-5.92E-03,1.32E-02, null
533,-4.55E-04,-5.46E-12,-4.45E-03,4.31E-01, null
534,-4.39E-04,0.00E+00,-4.17E-03,4.37E-01, null
535,-7.78E-04,-1.09E-11,-6.65E-03,2.28E-01, null
536,-6.60E-04,-1.82E-12,-6.69E-03,2.99E-01, null
537,-6.94E-04,0.00E+00,-6.97E-03,2.79E-01, null
538,-6.66E-04,3.64E-12,-6.97E-03,2.93E-01, null
539,-6.23E-04,1.82E-12,-6.91E-03,3.23E-01, null
540,-7.01E-04,3.64E-12,-6.94E-03,2.75E-01, null
541,-7.26E-04,0.00E+00,-4.11E-03,2.75E-01, null
542,-5.89E-04,0.00E+00,-4.21E-03,3.77E-01, null
543,-5.60E-04,3.64E-12,-4.78E-03,3.79E-01, null
544,-7.54E-04,0.00E+00,-5.20E-03,2.63E-01, null
545,-7.30E-04,0.00E+00,-5.43E-03,2.81E-01, null
546,-6.08E-04,7.28E-12,-5.28E-03,3.42E-01, null
547,-5.41E-04,-7.28E-12,-5.71E-03,3.53E-01, null
548,-7.59E-04,0.00E+00,-5.76E-03,2.39E-01, null
549,-5.62E-04,0.00E+00,-4.83E-03,3.76E-01, null
550,-6.63E-04,1.82E-12,-4.78E-03,2.94E-01, null
551,-7.17E-04,0.00E+00,-5.55E-03,2.83E-01, null
552,-5.92E-04,0.00E+00,-5.48E-03,3.52E-01, null
553,-6.55E-04,1.09E-11,-7.57E-03,2.97E-01, null
554,-1.04E-03,0.00E+00,-5.95E-03,1.08E-02, null
555,-8.09E-04,0.00E+00,-4.63E-03,1.90E-01, null
556,-1.04E-03,-5.46E-12,-5.64E-03,1.36E-02, null
557,-1.02E-03,0.00E+00,-5.62E-03,2.70E-02, null
558,-7.06E-04,-3.64E-12,-7.04E-03,2.75E-01, null
559,-1.02E-03,0.00E+00,-5.35E-03,2.81E-02, null
560,-1.03E-03,0.00E+00,-5.32E-03,2.25E-02, null
561,-1.05E-03,0.00E+00,-5.34E-03,0.00E+00,4.38E+00
562,-4.77E-04,7.28E-12,-5.92E-03,4.18E-01, null
563,-9.73E-04,0.00E+00,-6.86E-03,6.47E-02, null
564,-7.16E-04,0.00E+00,-6.96E-03,2.62E-01, null
565,-9.72E-04,1.36E-12,-7.09E-03,6.55E-02, null
566,-1.01E-03,0.00E+00,-6.79E-03,4.11E-02, null
567,-1.05E-03,0.00E+00,-6.83E-03,0.00E+00,4.33E+00
568,-7.43E-04,0.00E+00,-5.09E-03,2.62E-01, null
569,-1.03E-03,0.00E+00,-5.05E-03,2.36E-02, null
570,-1.03E-03,9.09E-13,-4.17E-03,2.47E-02, null
571,-1.04E-03,0.00E+00,-4.14E-03,1.12E-02, null
572,-1.05E-03,0.00E+00,-4.15E-03,0.00E+00,4.34E+00
573,-8.47E-04,0.00E+00,-4.77E-03,1.44E-01, null
574,-8.84E-04,0.00E+00,-4.72E-03,1.09E-01, null
575,-1.05E-03,-5.46E-12,-5.63E-03,0.00E+00,4.49E+00
576,-6.32E-04,0.00E+00,-5.12E-03,3.31E-01, null
577,-8.17E-04,0.00E+00,-4.90E-03,1.87E-01, null
578,-1.05E-03,0.00E+00,-4.44E-03,0.00E+00,4.15E+00
579,-1.05E-03,-9.09E-13,-4.45E-03,0.00E+00,4.15E+00
580,-1.05E-03,1.27E-11,-7.12E-03,5.71E-03, null
581,-1.05E-03,0.00E+00,-7.12E-03,0.00E+00,4.36E+00
582,1.21E-04,3.64E-12,-2.97E-03,5.08E-01, null
583,1.94E-04,-7.28E-12,-3.15E-03,4.89E-01, null
584,2.60E-04,7.28E-12,-2.86E-03,4.60E-01, null
585,4.44E-04,7.28E-12,-3.03E-03,4.05E-01, null
586,1.52E-04,0.00E+00,-2.84E-03,4.86E-01, null
587,2.28E-04,0.00E+00,-2.76E-03,4.71E-01, null
588,5.07E-04,-7.28E-12,-2.73E-03,3.89E-01, null
589,5.32E-04,0.00E+00,-2.85E-03,3.79E-01, null
590,2.22E-04,0.00E+00,-9.44E-04,4.61E-01, null
591,2.61E-04,0.00E+00,-8.70E-04,4.40E-01, null
592,-3.73E-05,0.00E+00,-8.77E-04,5.09E-01, null
593,5.06E-05,0.00E+00,-8.03E-04,4.78E-01, null
594,-1.02E-04,0.00E+00,-8.89E-04,5.12E-01, null
595,-6.42E-05,1.09E-11,-8.19E-04,5.13E-01, null
596,-1.72E-04,-1.09E-11,-8.54E-04,4.98E-01, null
597,1.66E-04,0.00E+00,-4.52E-04,4.48E-01, null
598,1.48E-04,0.00E+00,-4.46E-04,4.54E-01, null
599,2.42E-04,7.28E-12,-6.78E-04,4.16E-01, null
600,-4.52E-04,-3.64E-12,-6.44E-04,4.64E-01, null
601,-4.67E-04,-3.64E-12,-5.70E-04,4.56E-01, null
602,-4.09E-04,0.00E+00,-5.46E-04,4.74E-01, null
603,3.64E-05,4.09E-12,-1.25E-03,5.11E-01, null
604,3.26E-05,0.00E+00,-1.25E-03,5.11E-01, null
605,3.52E-05,0.00E+00,-1.25E-03,5.11E-01, null
606,3.13E-05,-2.27E-13,-1.25E-03,5.11E-01, null
607,-2.01E-04,-5.46E-12,-5.01E-04,5.04E-01, null
608,3.61E-05,4.09E-12,-1.24E-03,5.11E-01, null
609,3.99E-05,0.00E+00,-1.25E-03,5.10E-01, null
610,-3.66E-04,5.46E-12,-1.22E-03,4.94E-01, null
611,-3.75E-04,-1.82E-12,-1.19E-03,4.93E-01, null
612,-2.76E-04,0.00E+00,-1.11E-03,5.03E-01, null
613,3.50E-04,5.46E-12,-1.71E-03,4.51E-01, null
614,3.66E-04,9.09E-13,-1.65E-03,4.47E-01, null
615,1.57E-04,-7.28E-12,-1.58E-03,4.84E-01, null
616,3.07E-04,3.64E-12,-1.42E-03,4.53E-01, null
617,5.43E-05,-2.96E-12,-1.25E-03,5.07E-01, null
618,4.00E-05,-2.27E-13,-1.25E-03,5.10E-01, null
619,-1.36E-04,-1.82E-12,-2.35E-03,5.14E-01, null
620,1.09E-04,-7.28E-12,-2.11E-03,5.01E-01, null
621,-1.45E-04,0.00E+00,-2.27E-03,5.15E-01, null
622,-3.32E-05,-3.64E-12,-1.91E-03,5.12E-01, null
623,-4.25E-04,-7.28E-12,-8.81E-04,4.61E-01, null
624,-1.68E-04,-5.46E-12,-4.45E-04,5.11E-01, null
625,-1.50E-04,-1.82E-12,-4.78E-04,5.12E-01, null
626,-6.83E-06,4.55E-13,-1.25E-03,5.10E-01, null
627,3.18E-05,0.00E+00,-1.24E-03,5.11E-01, null
628,-4.00E-04,5.46E-12,-1.25E-03,4.83E-01, null
629,-4.29E-04,-1.82E-12,-1.19E-03,4.73E-01, null
630,-4.19E-04,-7.28E-12,-1.57E-03,4.52E-01, null
631,-3.57E-04,5.46E-12,-1.27E-03,4.97E-01, null
632,-5.77E-04,0.00E+00,-1.64E-03,4.03E-01, null
633,-4.13E-04,1.82E-12,-1.31E-03,4.78E-01, null
634,1.80E-04,0.00E+00,-2.41E-03,4.73E-01, null
635,4.64E-04,0.00E+00,-2.47E-03,4.19E-01, null
636,4.26E-04,0.00E+00,-2.53E-03,4.29E-01, null
637,1.40E-04,0.00E+00,-2.70E-03,4.91E-01, null
638,3.03E-04,3.64E-12,-3.53E-03,4.82E-01, null
639,3.66E-04,0.00E+00,-3.58E-03,4.63E-01, null
640,2.64E-04,0.00E+00,-3.58E-03,4.86E-01, null
641,3.55E-04,0.00E+00,-1.37E-03,4.40E-01, null
642,-4.05E-04,0.00E+00,-1.76E-03,4.74E-01, null
643,-4.45E-04,-3.64E-12,-1.77E-03,4.61E-01, null
644,-4.22E-04,9.09E-12,-1.80E-03,4.67E-01, null
645,-4.20E-04,0.00E+00,-1.78E-03,4.67E-01, null
646,-3.99E-04,0.00E+00,-1.80E-03,4.73E-01, null
647,-2.24E-04,7.28E-12,-1.54E-03,5.06E-01, null
648,2.00E-04,0.00E+00,-3.47E-03,4.94E-01, null
649,-4.27E-04,-5.46E-12,-1.83E-03,4.67E-01, null
650,-2.30E-04,7.28E-12,-1.95E-03,4.97E-01, null
651,-1.34E-04,3.64E-12,-1.89E-03,5.16E-01, null
652,-7.67E-05,0.00E+00,-1.59E-03,5.05E-01, null
653,-1.70E-04,7.28E-12,-1.77E-03,5.15E-01, null
654,-8.88E-05,-3.64E-12,-1.81E-03,5.15E-01, null
655,7.76E-05,0.00E+00,-2.77E-03,5.02E-01, null
656,8.27E-05,0.00E+00,-2.32E-03,4.99E-01, null
657,2.87E-04,-1.09E-11,-9.43E-04,4.36E-01, null
658,1.51E-04,0.00E+00,-3.26E-03,5.06E-01, null
659,4.40E-05,0.00E+00,-3.25E-03,5.16E-01, null
660,4.07E-04,-3.64E-12,-1.27E-03,4.23E-01, null
661,4.09E-04,3.64E-12,-1.18E-03,4.09E-01, null
662,-2.37E-06,0.00E+00,-3.35E-03,5.03E-01, null
663,9.27E-05,-7.28E-12,-3.58E-03,4.86E-01, null
664,-1.39E-04,0.00E+00,-2.39E-03,5.13E-01, null
665,-1.29E-04,-1.82E-12,-2.36E-03,5.11E-01, null
666,-3.48E-04,3.64E-12,-3.86E-03,4.57E-01, null
667,-2.17E-04,-3.64E-12,-3.73E-03,4.79E-01, null
668,7.75E-06,0.00E+00,-4.01E-03,5.17E-01, null
669,-3.53E-04,0.00E+00,-3.25E-03,4.37E-01, null
670,-3.18E-04,0.00E+00,-3.58E-03,4.64E-01, null
671,-1.00E-04,0.00E+00,-3.29E-03,5.01E-01, null
672,-1.84E-04,0.00E+00,-3.02E-03,5.05E-01, null
673,-1.31E-04,0.00E+00,-3.13E-03,5.15E-01, null
674,-6.27E-05,3.64E-12,-2.92E-03,5.08E-01, null
675,-3.77E-04,1.82E-12,-2.88E-03,4.59E-01, null
676,-3.25E-04,-2.18E-11,-3.67E-03,4.54E-01, null
677,-3.74E-04,-3.64E-12,-3.65E-03,4.52E-01, null
678,-1.60E-04,-1.82E-12,-2.36E-03,5.09E-01, null
679,1.67E-04,0.00E+00,-1.96E-03,4.91E-01, null
680,2.97E-04,0.00E+00,-2.15E-03,4.68E-01, null
681,-4.70E-04,0.00E+00,-2.81E-03,4.22E-01, null
682,-4.52E-04,-3.64E-12,-2.78E-03,4.34E-01, null
683,-4.48E-04,0.00E+00,-2.82E-03,4.34E-01, null
684,-4.05E-04,-3.64E-12,-2.81E-03,4.44E-01, null
685,-4.70E-04,-3.64E-12,-3.56E-03,3.94E-01, null
686,-6.13E-04,0.00E+00,-3.33E-03,3.20E-01, null
687,7.51E-05,0.00E+00,-3.74E-03,5.06E-01, null
688,2.17E-04,0.00E+00,-3.96E-03,4.99E-01, null
689,2.94E-04,0.00E+00,-3.78E-03,4.88E-01, null
690,2.66E-04,0.00E+00,-9.90E-04,4.49E-01, null
691,-1.51E-04,0.00E+00,-2.35E-03,5.11E-01, null
692,-2.12E-04,-1.82E-12,-2.32E-03,4.97E-01, null
693,-5.13E-04,-7.28E-12,-2.45E-03,4.21E-01, null
694,-5.41E-04,-3.64E-12,-2.32E-03,4.17E-01, null
695,-5.22E-04,3.64E-12,-2.11E-03,4.19E-01, null
696,-2.54E-04,0.00E+00,-3.64E-03,4.63E-01, null
697,2.88E-04,-1.09E-11,-3.94E-03,4.83E-01, null
698,5.00E-04,0.00E+00,-2.51E-03,4.07E-01, null
699,3.45E-04,5.46E-12,-1.74E-03,4.52E-01, null
700,2.61E-04,0.00E+00,-1.76E-03,4.63E-01, null
701,-5.53E-04,0.00E+00,-3.11E-03,3.44E-01, null
702,-4.86E-04,0.00E+00,-2.85E-03,4.15E-01, null
703,-2.43E-04,3.64E-12,-3.07E-03,4.92E-01, null
704,3.01E-04,1.82E-12,-2.20E-03,4.66E-01, null
705,-5.42E-04,0.00E+00,-8.10E-04,4.28E-01, null
706,-6.98E-04,0.00E+00,-6.62E-04,3.54E-01, null
707,-6.34E-04,0.00E+00,-6.15E-04,3.81E-01, null
708,-7.57E-04,0.00E+00,-6.21E-04,3.08E-01, null
709,-7.32E-04,1.27E-11,-6.56E-04,3.28E-01, null
710,-7.18E-04,1.82E-12,-6.26E-04,3.39E-01, null
711,-7.35E-04,-3.64E-12,-9.53E-04,3.19E-01, null
712,-5.56E-04,-7.28E-12,-9.92E-04,4.15E-01, null
713,-7.41E-04,-7.28E-12,-8.65E-04,3.19E-01, null
714,-6.25E-04,7.28E-12,-1.08E-03,3.88E-01, null
715,-5.89E-04,7.28E-12,-1.36E-03,3.99E-01, null
716,-7.31E-04,0.00E+00,-1.42E-03,3.09E-01, null
717,-5.92E-04,0.00E+00,-1.52E-03,4.02E-01, null
718,-8.37E-04,1.27E-11,-1.30E-03,2.42E-01, null
719,-8.28E-04,0.00E+00,-1.19E-03,2.42E-01, null
720,-7.84E-04,0.00E+00,-1.25E-03,2.81E-01, null
721,-4.83E-04,1.82E-12,-1.81E-03,4.35E-01, null
722,-8.23E-04,0.00E+00,-1.62E-03,2.48E-01, null
723,-8.14E-04,-3.64E-12,-1.70E-03,2.54E-01, null
724,-7.74E-04,0.00E+00,-1.63E-03,2.85E-01, null
725,-8.05E-04,-1.27E-11,-1.31E-03,2.64E-01, null
726,-6.03E-04,7.28E-12,-1.18E-03,4.00E-01, null
727,-7.89E-04,7.28E-12,-1.08E-03,2.62E-01, null
728,-8.25E-04,0.00E+00,-1.58E-03,2.50E-01, null
729,-7.98E-04,7.28E-12,-8.80E-04,2.76E-01, null
730,-8.36E-04,0.00E+00,-6.79E-04,2.44E-01, null
731,-9.17E-04,0.00E+00,-8.38E-04,1.79E-01, null
732,-5.16E-04,0.00E+00,-4.11E-03,3.78E-01, null
733,-1.02E-03,3.64E-12,-6.86E-04,9.31E-02, null
734,-5.18E-04,1.82E-12,-2.80E-03,3.99E-01, null
735,-7.71E-04,0.00E+00,-2.67E-03,2.51E-01, null
736,-5.99E-04,3.64E-12,-2.51E-03,3.73E-01, null
737,-7.75E-04,3.64E-12,-2.93E-03,2.33E-01, null
738,-7.29E-04,7.28E-12,-3.08E-03,2.51E-01, null
739,-7.24E-04,-7.28E-12,-3.47E-03,2.59E-01, null
740,-7.47E-04,-3.64E-12,-3.23E-03,2.46E-01, null
741,-7.16E-04,1.82E-12,-3.88E-03,2.82E-01, null
742,-6.59E-04,3.64E-12,-3.84E-03,3.07E-01, null
743,-6.20E-04,0.00E+00,-2.16E-03,3.62E-01, null
744,-6.55E-04,3.64E-12,-2.01E-03,3.42E-01, null
745,-9.82E-04,-9.09E-13,-2.06E-03,5.97E-02, null
746,-6.03E-04,-3.64E-12,-2.42E-03,3.66E-01, null
747,-7.71E-04,0.00E+00,-2.33E-03,2.41E-01, null
748,-8.34E-04,1.82E-12,-1.34E-03,2.45E-01, null
749,-7.14E-04,1.09E-11,-3.77E-03,2.79E-01, null
750,-5.87E-04,-1.82E-12,-3.76E-03,3.43E-01, null
751,-7.08E-04,-3.64E-12,-3.82E-03,2.80E-01, null
752,-1.05E-03,-3.64E-12,-3.84E-03,0.00E+00,4.34E+00
753,-1.05E-03,0.00E+00,-3.85E-03,0.00E+00,4.34E+00
754,-9.74E-04,0.00E+00,-3.84E-03,6.72E-02, null
755,-1.03E-03,-5.46E-12,-2.96E-03,1.95E-02, null
756,-1.03E-03,9.09E-13,-2.93E-03,2.12E-02, null
757,-1.05E-03,9.09E-13,-2.94E-03,0.00E+00,4.65E+00
758,-8.09E-04,0.00E+00,-1.01E-03,2.56E-01, null
759,-1.03E-03,0.00E+00,-3.54E-03,2.22E-02, null
760,-9.70E-04,-9.09E-13,-3.61E-03,7.06E-02, null
761,-8.33E-04,7.28E-12,-3.10E-03,1.71E-01, null
762,-1.03E-03,-9.09E-13,-3.26E-03,2.34E-02, null
763,-1.05E-03,0.00E+00,-3.24E-03,0.00E+00,4.71E+00
764,-6.75E-04,0.00E+00,-1.73E-03,3.35E-01, null
765,-1.05E-03,-5.46E-12,-2.96E-03,0.00E+00,4.66E+00
766,-7.69E-04,-7.28E-12,-2.47E-03,2.45E-01, null
767,-1.05E-03,0.00E+00,-3.25E-03,0.00E+00,4.71E+00
768,-1.03E-03,-4.55E-12,-2.04E-03,2.25E-02, null
769,-1.04E-03,0.00E+00,-2.06E-03,9.48E-03, null
770,-7.47E-04,0.00E+00,-3.83E-03,2.54E-01, null
771,-1.05E-03,9.09E-13,-4.14E-03,0.00E+00,4.34E+00
772,-1.05E-03,0.00E+00,-3.54E-03,0.00E+00,4.44E+00
773,-1.05E-03,-9.09E-13,-3.55E-03,0.00E+00,4.42E+00
774,-8.07E-04,0.00E+00,-3.95E-03,2.01E-01, null
775,-8.87E-04,7.28E-12,-3.92E-03,1.28E-01, null
776,-7.77E-04,-1.46E-11,-1.86E-03,2.61E-01, null
777,-1.03E-03,-4.55E-12,-2.09E-03,2.43E-02, null
778,-8.19E-04,0.00E+00,-1.09E-03,2.36E-01, null
779,-8.30E-04,-5.46E-12,-1.07E-03,2.29E-01, null
780,-1.05E-03,0.00E+00,-4.74E-03,0.00E+00,4.20E+00
781,-1.05E-03,0.00E+00,-5.03E-03,7.45E-03, null
782,-9.09E-04,-3.64E-12,-4.77E-03,9.57E-02, null
783,-1.05E-03,0.00E+00,-5.03E-03,0.00E+00,4.36E+00
784,-1.05E-03,-1.46E-11,-5.04E-03,0.00E+00,4.37E+00
785,-1.05E-03,-1.09E-11,-6.53E-03,4.87E-03, null
786,-1.04E-03,0.00E+00,-6.51E-03,1.05E-02, null
787,-1.05E-03,0.00E+00,-6.52E-03,0.00E+00,4.21E+00
788,-1.05E-03,0.00E+00,-6.23E-03,0.00E+00,4.32E+00
789,-1.06E-03,5.91E-12,-6.22E-03,0.00E+00,4.31E+00
790,-1.05E-03,1.27E-11,-7.13E-03,0.00E+00,4.36E+00
791,-8.12E-04,3.64E-12,-6.65E-03,2.00E-01, null
792,-1.01E-03,0.00E+00,-6.55E-03,4.10E-02, null
793,-1.05E-03,4.55E-13,-6.53E-03,0.00E+00,4.21E+00
794,-1.05E-03,0.00E+00,-5.64E-03,0.00E+00,4.49E+00
795,-1.05E-03,0.00E+00,-6.82E-03,0.00E+00,4.33E+00
796,-1.05E-03,-4.55E-12,-4.75E-03,0.00E+00,4.20E+00
797,-1.06E-03,-4.55E-13,-5.94E-03,0.00E+00,4.41E+00
798,-1.05E-03,0.00E+00,-5.33E-03,0.00E+00,4.38E+00
799,-1.05E-03,0.00E+00,-5.93E-03,0.00E+00,4.42E+00
800,-1.15E-03,0.00E+00,-1.02E-03,3.34E-03, null
801,-1.21E-03,-3.64E-12,-9.47E-04,1.13E-03, null
802,-1.20E-03,-3.64E-12,-9.37E-04,2.42E-03, null
803,-1.08E-03,0.00E+00,-1.14E-03,0.00E+00,3.02E+00
804,-1.05E-03,-9.09E-13,-1.16E-03,0.00E+00,3.58E+00
805,-1.07E-03,0.00E+00,-1.14E-03,4.45E-04, null
806,-9.93E-04,0.00E+00,-1.72E-03,6.89E-02, null
807,-1.03E-03,-6.37E-12,-1.76E-03,2.29E-02, null
808,-1.01E-03,-7.28E-12,-9.37E-04,7.52E-02, null
809,-1.05E-03,0.00E+00,-8.23E-04,5.93E-02, null
810,-8.34E-04,7.28E-12,-9.12E-04,2.42E-01, null
811,-1.07E-03,0.00E+00,-7.53E-04,4.94E-02, null
812,-1.05E-03,-5.46E-12,-2.07E-03,0.00E+00,4.70E+00
813,-1.05E-03,9.09E-13,-2.05E-03,0.00E+00,4.70E+00
814,-1.05E-03,-6.37E-12,-1.77E-03,0.00E+00,5.18E+00
815,-8.70E-04,0.00E+00,-1.04E-03,1.97E-01, null
816,-1.08E-03,-3.64E-12,-9.66E-04,3.83E-02, null
817,-1.17E-03,0.00E+00,-8.85E-04,1.99E-02, null
818,-8.54E-04,1.82E-12,-1.09E-03,2.01E-01, null
819,-1.05E-03,0.00E+00,-1.13E-03,8.25E-03, null
820,-9.92E-04,0.00E+00,-1.51E-03,6.95E-02, null
821,-9.85E-04,0.00E+00,-1.41E-03,7.95E-02, null
822,-8.61E-04,-1.27E-11,-1.31E-03,2.15E-01, null
823,-8.53E-04,-3.64E-12,-1.62E-03,2.18E-01, null
824,-1.04E-03,0.00E+00,-1.46E-03,1.05E-02, null
825,-1.03E-03,-2.73E-12,-2.35E-03,2.37E-02, null
826,-1.31E-03,-7.28E-12,-6.70E-04,1.59E-02, null
827,-1.23E-03,0.00E+00,-7.01E-04,1.17E-02, null
828,-1.29E-03,0.00E+00,-7.41E-04,1.18E-02, null
829,-1.05E-03,0.00E+00,-1.46E-03,0.00E+00,5.52E+00
830,-9.84E-04,0.00E+00,-1.21E-03,7.95E-02, null
831,-1.05E-03,9.09E-13,-1.75E-03,0.00E+00,5.20E+00
832,-1.05E-03,-2.73E-12,-1.47E-03,0.00E+00,5.50E+00
833,-1.23E-03,3.64E-12,-8.67E-04,5.10E-03, null
834,-1.03E-03,0.00E+00,-2.62E-03,2.29E-02, null
835,-1.03E-03,0.00E+00,-2.66E-03,2.21E-02, null
836,-1.05E-03,0.00E+00,-2.35E-03,0.00E+00,4.81E+00
837,-1.05E-03,-9.09E-13,-2.65E-03,0.00E+00,4.56E+00
838,-1.05E-03,0.00E+00,-2.66E-03,0.00E+00,4.55E+00
839,-1.11E-03,0.00E+00,-7.96E-04,4.00E-02, null
840,-1.05E-03,9.09E-13,-1.44E-03,0.00E+00,5.34E+00
841,-1.05E-03,-3.64E-12,-2.36E-03,0.00E+00,4.81E+00
842,-1.17E-03,0.00E+00,-1.04E-03,0.00E+00,6.00E-01
843,-1.23E-03,0.00E+00,-9.64E-04,0.00E+00,2.76E-01
844,-1.31E-03,0.00E+00,-7.53E-04,9.61E-03, null
845,-1.34E-03,-1.82E-12,-6.88E-04,1.26E-02, null
846,-1.26E-03,0.00E+00,-8.85E-04,3.15E-03, null
847,-1.37E-03,0.00E+00,-7.02E-04,6.73E-03, null
848,-1.33E-03,1.82E-12,-7.70E-04,5.29E-03, null
849,-1.28E-03,0.00E+00,-9.00E-04,0.00E+00,6.02E-01
850,-1.39E-03,0.00E+00,-7.14E-04,0.00E+00,9.59E-01
851,-1.35E-03,0.00E+00,-7.84E-04,0.00E+00,8.15E-01
852,8.06E-04,0.00E+00,-1.38E-02,2.66E-01, null
853,7.81E-04,7.28E-12,-1.37E-02,2.69E-01, null
854,8.99E-04,0.00E+00,-1.37E-02,1.50E-01, null
855,9.15E-04,-3.64E-12,-1.39E-02,1.51E-01, null
856,7.48E-04,0.00E+00,-1.26E-02,2.78E-01, null
857,7.62E-04,1.46E-11,-1.25E-02,2.66E-01, null
858,8.40E-04,0.00E+00,-1.25E-02,2.00E-01, null
859,7.75E-04,7.28E-12,-1.27E-02,2.71E-01, null
860,9.44E-04,-3.64E-12,-1.26E-02,1.06E-01, null
861,8.44E-04,-4.55E-12,-1.31E-02,2.28E-01, null
862,8.44E-04,0.00E+00,-1.31E-02,2.26E-01, null
863,8.53E-04,1.00E-11,-1.31E-02,2.19E-01, null
864,8.00E-04,0.00E+00,-1.42E-02,2.70E-01, null
865,8.09E-04,-3.64E-12,-1.40E-02,2.74E-01, null
866,1.02E-03,0.00E+00,-1.41E-02,4.35E-02, null
867,1.05E-03,0.00E+00,-1.38E-02,0.00E+00,7.72E+00
868,1.05E-03,0.00E+00,-1.40E-02,0.00E+00,8.41E+00
869,8.13E-04,0.00E+00,-1.17E-02,2.12E-01, null
870,8.17E-04,-3.64E-12,-1.18E-02,2.16E-01, null
871,8.98E-04,0.00E+00,-1.17E-02,1.42E-01, null
872,7.82E-04,-7.28E-12,-1.14E-02,2.09E-01, null
873,9.25E-04,-7.28E-12,-1.15E-02,9.84E-02, null
874,1.05E-03,0.00E+00,-1.18E-02,0.00E+00,5.57E+00
875,1.05E-03,0.00E+00,-1.18E-02,0.00E+00,5.60E+00
876,1.01E-03,0.00E+00,-1.18E-02,3.89E-02, null
877,8.60E-04,0.00E+00,-1.31E-02,2.12E-01, null
878,1.04E-03,6.37E-12,-1.35E-02,1.53E-02, null
879,1.05E-03,-9.09E-13,-1.35E-02,0.00E+00,6.87E+00
880,1.05E-03,9.09E-13,-1.35E-02,0.00E+00,6.77E+00
881,8.08E-04,0.00E+00,-1.21E-02,2.38E-01, null
882,8.01E-04,-9.09E-12,-1.22E-02,2.43E-01, null
883,8.39E-04,3.64E-12,-1.22E-02,2.09E-01, null
884,9.44E-04,7.28E-12,-1.20E-02,9.31E-02, null
885,1.05E-03,0.00E+00,-1.21E-02,0.00E+00,5.39E+00
886,9.47E-04,0.00E+00,-1.49E-02,1.33E-01, null
887,1.05E-03,0.00E+00,-1.49E-02,0.00E+00,1.26E+01
888,1.05E-03,0.00E+00,-1.46E-02,0.00E+00,1.19E+01
889,7.78E-04,-7.28E-12,-1.49E-02,3.00E-01, null
890,9.93E-04,7.28E-12,-1.46E-02,5.91E-02, null
891,1.05E-03,1.82E-12,-1.46E-02,0.00E+00,1.19E+01
892,1.05E-03,0.00E+00,-1.41E-02,0.00E+00,8.72E+00
893,1.05E-03,0.00E+00,-1.41E-02,0.00E+00,8.49E+00
894,1.05E-03,7.28E-12,-1.32E-02,0.00E+00,6.57E+00
895,1.05E-03,3.64E-12,-1.31E-02,0.00E+00,6.47E+00
896,8.66E-04,1.82E-12,-1.31E-02,2.06E-01, null
897,7.92E-04,-9.09E-12,-1.45E-02,2.92E-01, null
898,7.87E-04,0.00E+00,-1.45E-02,2.93E-01, null
899,8.10E-04,-9.09E-12,-1.45E-02,2.72E-01, null
900,1.05E-03,0.00E+00,-1.43E-02,0.00E+00,9.51E+00
901,1.05E-03,0.00E+00,-1.45E-02,0.00E+00,1.15E+01
902,8.30E-04,3.64E-12,-1.45E-02,2.51E-01, null
903,9.92E-04,-3.64E-12,-1.27E-02,5.84E-02, null
904,1.05E-03,0.00E+00,-1.27E-02,0.00E+00,5.69E+00
905,9.42E-04,0.00E+00,-1.43E-02,1.08E-01, null
906,8.01E-04,7.28E-12,-1.13E-02,2.21E-01, null
907,1.03E-03,3.64E-12,-1.13E-02,1.73E-02, null
908,7.88E-04,7.28E-12,-1.29E-02,2.57E-01, null
909,7.64E-04,0.00E+00,-1.36E-02,2.75E-01, null
910,1.04E-03,-8.19E-12,-1.35E-02,1.19E-02, null
911,8.00E-04,1.82E-12,-1.23E-02,2.48E-01, null
912,8.99E-04,0.00E+00,-1.22E-02,1.52E-01, null
913,1.05E-03,3.64E-12,-1.24E-02,0.00E+00,5.45E+00
914,9.57E-04,7.28E-12,-1.29E-02,8.95E-02, null
915,1.05E-03,0.00E+00,-1.29E-02,0.00E+00,6.17E+00
916,1.05E-03,2.73E-12,-1.13E-02,0.00E+00,4.89E+00
917,1.05E-03,0.00E+00,-1.13E-02,0.00E+00,4.86E+00
918,1.05E-03,1.82E-12,-1.25E-02,0.00E+00,5.55E+00
919,8.12E-04,0.00E+00,-1.11E-02,2.10E-01, null
920,1.04E-03,-1.09E-11,-1.13E-02,1.11E-02, null
921,1.05E-03,6.37E-12,-1.35E-02,0.00E+00,6.73E+00
922,1.05E-03,0.00E+00,-1.23E-02,0.00E+00,5.39E+00
923,1.05E-03,0.00E+00,-1.15E-02,0.00E+00,5.22E+00
924,1.05E-03,1.82E-12,-1.18E-02,0.00E+00,5.56E+00
925,7.97E-04,3.64E-12,-1.44E-02,2.89E-01, null
926,1.05E-03,7.28E-12,-1.27E-02,0.00E+00,5.79E+00
927,7.59E-04,-7.28E-12,-1.33E-02,2.69E-01, null
928,8.45E-04,1.00E-11,-1.31E-02,2.27E-01, null
929,8.22E-04,0.00E+00,-1.22E-02,2.24E-01, null
930,7.71E-04,0.00E+00,-9.27E-03,2.64E-01, null
931,6.12E-04,1.46E-11,-9.01E-03,3.35E-01, null
932,8.74E-04,-7.28E-12,-9.03E-03,1.46E-01, null
933,7.45E-04,0.00E+00,-8.93E-03,2.70E-01, null
934,7.54E-04,-3.64E-12,-1.10E-02,2.57E-01, null
935,9.19E-04,0.00E+00,-1.11E-02,1.21E-01, null
936,7.72E-04,0.00E+00,-9.34E-03,2.62E-01, null
937,8.30E-04,-3.64E-12,-9.31E-03,2.13E-01, null
938,8.07E-04,0.00E+00,-9.36E-03,2.31E-01, null
939,1.04E-03,7.28E-12,-9.49E-03,0.00E+00,4.82E+00
940,1.04E-03,0.00E+00,-9.38E-03,0.00E+00,4.78E+00
941,7.55E-04,-7.28E-12,-9.72E-03,2.44E-01, null
942,7.74E-04,-3.64E-12,-9.44E-03,2.60E-01, null
943,9.14E-04,0.00E+00,-9.60E-03,1.15E-01, null
944,7.82E-04,0.00E+00,-1.05E-02,2.46E-01, null
945,8.32E-04,0.00E+00,-1.08E-02,1.76E-01, null
946,1.03E-03,0.00E+00,-1.06E-02,0.00E+00,4.89E+00
947,1.04E-03,-7.28E-12,-9.11E-03,0.00E+00,4.96E+00
948,9.57E-04,0.00E+00,-1.03E-02,7.80E-02, null
949,9.34E-04,0.00E+00,-1.02E-02,9.82E-02, null
950,1.04E-03,0.00E+00,-1.02E-02,0.00E+00,4.71E+00
951,1.05E-03,0.00E+00,-1.04E-02,0.00E+00,4.74E+00
952,6.97E-04,0.00E+00,-1.05E-02,3.21E-01, null
953,7.05E-04,-1.09E-11,-1.06E-02,3.15E-01, null
954,7.59E-04,9.09E-13,-8.29E-03,2.67E-01, null
955,7.57E-04,3.64E-12,-8.58E-03,2.59E-01, null
956,1.00E-03,-3.64E-12,-8.41E-03,4.03E-02, null
957,8.41E-04,9.09E-13,-8.22E-03,1.94E-01, null
958,7.59E-04,0.00E+00,-8.16E-03,2.66E-01, null
959,7.23E-04,0.00E+00,-1.03E-02,2.96E-01, null
960,7.61E-04,0.00E+00,-9.89E-03,2.45E-01, null
961,1.02E-03,0.00E+00,-9.89E-03,2.99E-02, null
962,8.47E-04,7.28E-12,-1.00E-02,1.63E-01, null
963,7.60E-04,-7.28E-12,-1.00E-02,2.28E-01, null
964,7.76E-04,0.00E+00,-8.15E-03,2.51E-01, null
965,7.06E-04,-7.28E-12,-1.09E-02,2.88E-01, null
966,9.25E-04,0.00E+00,-1.10E-02,1.06E-01, null
967,1.04E-03,0.00E+00,-1.08E-02,0.00E+00,4.83E+00
968,1.05E-03,0.00E+00,-1.12E-02,0.00E+00,4.85E+00
969,1.05E-03,9.09E-12,-9.89E-03,0.00E+00,4.57E+00
970,1.05E-03,1.09E-11,-9.87E-03,0.00E+00,4.56E+00
971,1.05E-03,0.00E+00,-1.10E-02,0.00E+00,4.76E+00
972,7.62E-04,0.00E+00,-8.14E-03,2.63E-01, null
973,1.05E-03,0.00E+00,-8.87E-03,0.00E+00,5.05E+00
974,1.05E-03,-9.09E-12,-7.92E-03,0.00E+00,4.72E+00
975,1.05E-03,0.00E+00,-7.90E-03,0.00E+00,4.72E+00
976,9.08E-04,9.09E-13,-8.03E-03,1.33E-01, null
977,7.86E-04,3.64E-12,-8.61E-03,2.32E-01, null
978,1.05E-03,3.64E-12,-8.43E-03,0.00E+00,5.01E+00
979,1.05E-03,0.00E+00,-8.57E-03,0.00E+00,5.05E+00
980,8.59E-04,0.00E+00,-8.68E-03,1.71E-01, null
981,7.39E-04,-7.28E-12,-8.62E-03,2.67E-01, null
982,7.41E-04,0.00E+00,-8.70E-03,2.73E-01, null
983,1.05E-03,-3.64E-12,-9.81E-03,0.00E+00,4.60E+00
984,1.03E-03,1.09E-11,-9.86E-03,1.56E-02, null
985,1.05E-03,1.46E-11,-8.38E-03,0.00E+00,5.08E+00
986,7.49E-04,-1.14E-13,-7.72E-03,2.65E-01, null
987,7.73E-04,1.14E-13,-7.73E-03,2.45E-01, null
988,7.51E-04,-1.14E-13,-7.71E-03,2.64E-01, null
989,1.05E-03,2.73E-12,-7.82E-03,0.00E+00,4.69E+00
990,1.05E-03,0.00E+00,-7.52E-03,0.00E+00,4.58E+00
991,9.75E-04,-1.09E-11,-8.81E-03,7.05E-02, null
992,7.49E-04,0.00E+00,-7.72E-03,2.65E-01, null
993,1.05E-03,-3.64E-12,-8.78E-03,0.00E+00,5.12E+00
994,4.46E-04,0.00E+00,-1.40E-02,3.41E-01, null
995,4.37E-04,0.00E+00,-1.39E-02,3.46E-01, null
996,4.66E-04,0.00E+00,-1.30E-02,3.76E-01, null
997,5.46E-04,-4.55E-13,-1.29E-02,3.77E-01, null
998,6.67E-04,0.00E+00,-1.36E-02,3.13E-01, null
999,4.75E-04,0.00E+00,-1.37E-02,3.58E-01, null
1000,5.39E-04,7.28E-12,-1.33E-02,3.70E-01, null
1001,6.49E-04,7.28E-12,-1.32E-02,3.38E-01, null
1002,4.60E-04,0.00E+00,-1.35E-02,3.66E-01, null
1003,6.29E-04,7.28E-12,-1.34E-02,3.22E-01, null
1004,4.71E-04,1.82E-12,-1.40E-02,3.33E-01, null
1005,6.63E-04,2.27E-13,-1.29E-02,3.31E-01, null
1006,5.64E-04,0.00E+00,-1.20E-02,3.59E-01, null
1007,7.02E-04,3.64E-12,-1.17E-02,2.85E-01, null
1008,5.13E-04,0.00E+00,-1.19E-02,3.90E-01, null
1009,8.25E-04,0.00E+00,-1.31E-02,2.39E-01, null
1010,5.17E-04,-1.82E-12,-1.25E-02,3.66E-01, null
1011,6.22E-04,-7.28E-12,-1.16E-02,3.22E-01, null
1012,6.69E-04,-7.28E-12,-1.14E-02,2.87E-01, null
1013,6.31E-04,0.00E+00,-1.42E-02,3.03E-01, null
1014,4.87E-04,-1.82E-12,-1.40E-02,3.33E-01, null
1015,4.62E-04,-1.82E-12,-1.24E-02,3.83E-01, null
1016,4.54E-04,0.00E+00,-1.45E-02,3.13E-01, null
1017,7.62E-04,5.46E-12,-1.45E-02,2.94E-01, null
1018,7.65E-04,0.00E+00,-1.45E-02,2.96E-01, null
1019,5.63E-04,0.00E+00,-1.47E-02,3.07E-01, null
1020,4.39E-04,0.00E+00,-1.25E-02,3.93E-01, null
1021,4.42E-04,5.46E-12,-1.25E-02,3.93E-01, null
1022,4.62E-04,0.00E+00,-1.30E-02,3.81E-01, null
1023,5.93E-04,0.00E+00,-1.28E-02,3.71E-01, null
1024,5.83E-04,0.00E+00,-1.28E-02,3.75E-01, null
1025,5.68E-04,0.00E+00,-1.28E-02,3.76E-01, null
1026,5.35E-04,0.00E+00,-1.20E-02,3.76E-01, null
1027,4.65E-04,0.00E+00,-1.46E-02,3.08E-01, null
1028,4.96E-04,0.00E+00,-1.48E-02,3.02E-01, null
1029,6.47E-04,0.00E+00,-1.12E-02,3.12E-01, null
1030,6.94E-04,0.00E+00,-1.48E-02,3.02E-01, null
1031,5.74E-04,7.28E-12,-1.49E-02,3.00E-01, null
1032,5.89E-04,0.00E+00,-1.28E-02,3.72E-01, null
1033,5.04E-04,0.00E+00,-1.13E-02,3.89E-01, null
1034,4.71E-04,-1.09E-11,-1.49E-02,3.00E-01, null
1035,2.45E-04,0.00E+00,-1.36E-02,3.64E-01, null
1036,2.64E-04,-1.09E-11,-1.48E-02,3.02E-01, null
1037,3.65E-04,0.00E+00,-1.49E-02,3.00E-01, null
1038,5.72E-04,0.00E+00,-9.13E-03,3.49E-01, null
1039,5.15E-04,0.00E+00,-9.48E-03,3.84E-01, null
1040,4.29E-04,-6.37E-12,-9.48E-03,4.23E-01, null
1041,4.31E-04,0.00E+00,-9.52E-03,4.20E-01, null
1042,6.78E-04,3.64E-12,-8.65E-03,3.01E-01, null
1043,5.02E-04,0.00E+00,-1.02E-02,3.96E-01, null
1044,6.23E-04,3.64E-12,-1.05E-02,3.51E-01, null
1045,4.83E-04,0.00E+00,-8.37E-03,3.88E-01, null
1046,4.74E-04,3.64E-12,-1.01E-02,4.01E-01, null
1047,4.49E-04,-1.09E-11,-1.01E-02,4.11E-01, null
1048,6.57E-04,7.28E-12,-9.75E-03,2.98E-01, null
1049,4.43E-04,9.09E-13,-9.54E-03,4.14E-01, null
1050,4.47E-04,1.82E-12,-1.02E-02,4.12E-01, null
1051,5.73E-04,0.00E+00,-1.11E-02,3.55E-01, null
1052,5.64E-04,-3.64E-12,-1.08E-02,3.55E-01, null
1053,6.48E-04,1.82E-12,-8.54E-03,3.17E-01, null
1054,6.14E-04,0.00E+00,-1.06E-02,3.55E-01, null
1055,7.47E-04,0.00E+00,-7.72E-03,2.66E-01, null
1056,4.98E-04,0.00E+00,-7.93E-03,3.82E-01, null
1057,4.72E-04,0.00E+00,-1.12E-02,3.94E-01, null
1058,4.65E-04,0.00E+00,-1.11E-02,4.06E-01, null
1059,7.31E-04,0.00E+00,-8.15E-03,2.79E-01, null
1060,9.63E-04,0.00E+00,-6.09E-03,7.58E-02, null
1061,8.27E-04,-7.28E-12,-6.01E-03,1.80E-01, null
1062,8.89E-04,-3.64E-12,-5.95E-03,1.35E-01, null
1063,7.81E-04,3.64E-12,-5.83E-03,2.19E-01, null
1064,8.19E-04,1.82E-12,-5.76E-03,1.83E-01, null
1065,1.04E-03,0.00E+00,-5.84E-03,0.00E+00,4.24E+00
1066,1.05E-03,0.00E+00,-6.12E-03,0.00E+00,4.65E+00
1067,1.05E-03,3.64E-12,-6.07E-03,0.00E+00,4.61E+00
1068,7.72E-04,-7.28E-12,-6.05E-03,2.27E-01, null
1069,6.94E-04,-1.14E-11,-6.39E-03,2.84E-01, null
1070,6.97E-04,0.00E+00,-6.38E-03,2.83E-01, null
1071,1.01E-03,-7.28E-12,-6.15E-03,2.50E-02, null
1072,6.68E-04,-3.64E-12,-4.91E-03,2.90E-01, null
1073,7.00E-04,-1.46E-11,-4.84E-03,2.61E-01, null
1074,7.58E-04,0.00E+00,-4.91E-03,2.21E-01, null
1075,7.49E-04,0.00E+00,-7.71E-03,2.65E-01, null
1076,6.62E-04,1.46E-11,-4.83E-03,2.90E-01, null
1077,7.58E-04,0.00E+00,-5.33E-03,2.23E-01, null
1078,7.47E-04,-7.28E-12,-5.42E-03,2.33E-01, null
1079,8.29E-04,0.00E+00,-5.38E-03,1.65E-01, null
1080,1.05E-03,0.00E+00,-7.44E-03,0.00E+00,4.54E+00
1081,9.77E-04,0.00E+00,-7.48E-03,5.52E-02, null
1082,7.70E-04,0.00E+00,-7.36E-03,2.17E-01, null
1083,7.74E-04,-7.28E-12,-7.21E-03,2.18E-01, null
1084,8.94E-04,0.00E+00,-7.31E-03,1.20E-01, null
1085,8.73E-04,7.28E-12,-5.27E-03,1.35E-01, null
1086,1.05E-03,-1.82E-12,-5.35E-03,0.00E+00,4.47E+00
1087,1.05E-03,0.00E+00,-5.33E-03,0.00E+00,4.46E+00
1088,7.72E-04,0.00E+00,-4.57E-03,2.30E-01, null
1089,8.84E-04,7.28E-12,-4.30E-03,1.44E-01, null
1090,1.03E-03,0.00E+00,-4.46E-03,0.00E+00,4.26E+00
1091,1.05E-03,2.27E-13,-4.14E-03,0.00E+00,4.13E+00
1092,1.05E-03,0.00E+00,-4.13E-03,5.84E-03, null
1093,1.05E-03,-3.64E-12,-7.03E-03,0.00E+00,4.46E+00
1094,1.05E-03,0.00E+00,-6.92E-03,0.00E+00,4.59E+00
1095,8.71E-04,0.00E+00,-6.84E-03,1.31E-01, null
1096,1.05E-03,-7.28E-12,-6.78E-03,0.00E+00,4.60E+00
1097,1.05E-03,0.00E+00,-6.60E-03,0.00E+00,4.53E+00
1098,8.55E-04,0.00E+00,-6.80E-03,1.42E-01, null
1099,9.60E-04,0.00E+00,-5.53E-03,7.10E-02, null
1100,7.74E-04,1.82E-12,-5.64E-03,2.18E-01, null
1101,7.96E-04,7.28E-12,-5.73E-03,1.99E-01, null
1102,1.05E-03,1.09E-11,-5.60E-03,0.00E+00,4.30E+00
1103,8.26E-04,0.00E+00,-6.84E-03,1.64E-01, null
1104,7.14E-04,-7.28E-12,-7.05E-03,2.51E-01, null
1105,8.85E-04,0.00E+00,-7.11E-03,1.23E-01, null
1106,1.04E-03,-7.28E-12,-7.21E-03,0.00E+00,4.38E+00
1107,1.04E-03,0.00E+00,-5.11E-03,0.00E+00,4.22E+00
1108,1.05E-03,-1.82E-12,-4.85E-03,0.00E+00,4.33E+00
1109,1.05E-03,0.00E+00,-6.17E-03,0.00E+00,4.62E+00
1110,8.41E-04,1.46E-11,-6.82E-03,1.51E-01, null
1111,8.30E-04,0.00E+00,-6.80E-03,1.62E-01, null
1112,7.64E-04,0.00E+00,-5.75E-03,2.26E-01, null
1113,1.05E-03,3.64E-12,-4.75E-03,0.00E+00,4.35E+00
1114,7.52E-04,7.28E-12,-4.60E-03,2.44E-01, null
1115,1.05E-03,-9.09E-12,-4.80E-03,0.00E+00,4.36E+00
1116,1.05E-03,9.09E-13,-5.42E-03,0.00E+00,4.43E+00
1117,1.05E-03,2.27E-13,-4.13E-03,1.58E-03, null
1118,7.75E-04,0.00E+00,-4.25E-03,2.33E-01, null
1119,7.29E-04,-1.82E-12,-4.56E-03,2.65E-01, null
1120,7.88E-04,-3.64E-12,-4.16E-03,2.27E-01, null
1121,6.95E-04,0.00E+00,-6.39E-03,2.84E-01, null
1122,9.48E-04,0.00E+00,-6.55E-03,7.71E-02, null
1123,7.29E-04,9.09E-12,-4.59E-03,2.62E-01, null
1124,6.98E-04,0.00E+00,-6.39E-03,2.82E-01, null
1125,1.05E-03,-3.64E-12,-5.65E-03,0.00E+00,4.27E+00
1126,1.04E-03,-7.28E-12,-6.47E-03,0.00E+00,4.53E+00
1127,1.05E-03,-1.41E-11,-4.13E-03,0.00E+00,4.13E+00
1128,7.58E-04,0.00E+00,-6.00E-03,2.27E-01, null
1129,1.22E-03,5.46E-12,-8.88E-04,7.63E-03, null
1130,1.23E-03,0.00E+00,-8.73E-04,7.29E-03, null
1131,1.23E-03,0.00E+00,-8.70E-04,8.10E-03, null
1132,1.23E-03,-9.09E-13,-9.25E-04,3.52E-03, null
1133,1.14E-03,-3.64E-12,-1.03E-03,6.65E-03, null
1134,1.21E-03,0.00E+00,-9.08E-04,7.57E-03, null
1135,1.07E-03,-9.09E-13,-1.15E-03,0.00E+00,5.62E-01
1136,1.05E-03,-5.46E-12,-1.16E-03,0.00E+00,5.68E-01
1137,1.07E-03,-9.09E-13,-1.14E-03,1.03E-03, null
1138,9.76E-04,0.00E+00,-2.99E-03,6.59E-02, null
1139,9.92E-04,3.64E-12,-3.05E-03,5.08E-02, null
1140,1.05E-03,3.64E-12,-3.02E-03,0.00E+00,3.93E+00
1141,7.83E-04,-7.28E-12,-2.89E-03,2.27E-01, null
1142,7.61E-04,7.28E-12,-3.05E-03,2.47E-01, null
1143,1.10E-03,-3.64E-12,-8.28E-04,2.62E-02, null
1144,1.06E-03,3.64E-12,-8.95E-04,2.15E-02, null
1145,1.00E-03,-7.28E-12,-7.26E-04,4.21E-02, null
1146,9.51E-04,0.00E+00,-7.79E-04,3.98E-02, null
1147,9.28E-04,3.64E-12,-6.93E-04,5.00E-02, null
1148,8.38E-04,0.00E+00,-9.45E-04,5.51E-02, null
1149,9.16E-04,0.00E+00,-1.05E-03,2.42E-02, null
1150,9.65E-04,0.00E+00,-9.89E-04,7.70E-03, null
1151,8.49E-04,3.64E-12,-7.88E-04,2.46E-02, null
1152,8.58E-04,-3.64E-12,-1.46E-03,1.12E-01, null
1153,8.60E-04,0.00E+00,-1.30E-03,8.57E-02, null
1154,9.04E-04,-1.82E-12,-1.46E-03,8.82E-02, null
1155,1.05E-03,0.00E+00,-1.19E-03,0.00E+00,5.72E-01
1156,1.05E-03,3.64E-12,-1.35E-03,0.00E+00,1.14E+00
1157,8.89E-04,0.00E+00,-1.23E-03,6.08E-02, null
1158,1.04E-03,-5.46E-12,-1.16E-03,4.19E-03, null
1159,1.04E-03,0.00E+00,-1.17E-03,5.86E-03, null
1160,6.28E-04,1.82E-12,-3.94E-03,3.42E-01, null
1161,6.06E-04,0.00E+00,-3.90E-03,3.55E-01, null
1162,6.33E-04,0.00E+00,-3.90E-03,3.34E-01, null
1163,8.76E-04,0.00E+00,-3.98E-03,1.41E-01, null
1164,8.01E-04,0.00E+00,-3.64E-03,1.91E-01, null
1165,6.28E-04,9.09E-13,-3.87E-03,3.39E-01, null
1166,9.18E-04,0.00E+00,-3.72E-03,1.01E-01, null
1167,1.05E-03,-4.55E-12,-1.14E-03,2.11E-03, null
1168,7.74E-04,-1.46E-11,-2.77E-03,2.21E-01, null
1169,9.18E-04,0.00E+00,-2.80E-03,1.07E-01, null
1170,8.62E-04,-6.37E-12,-1.22E-03,7.08E-02, null
1171,7.51E-04,-7.28E-12,-3.17E-03,2.52E-01, null
1172,8.90E-04,-3.64E-12,-3.23E-03,1.33E-01, null
1173,1.05E-03,3.64E-12,-3.11E-03,0.00E+00,3.98E+00
1174,1.05E-03,3.64E-12,-2.94E-03,0.00E+00,3.88E+00
1175,1.04E-03,0.00E+00,-3.83E-03,0.00E+00,4.47E+00
1176,8.06E-04,-1.82E-12,-2.26E-03,1.98E-01, null
1177,9.12E-04,0.00E+00,-2.23E-03,1.14E-01, null
1178,8.31E-04,1.09E-11,-2.31E-03,1.77E-01, null
1179,8.49E-04,0.00E+00,-1.80E-03,1.56E-01, null
1180,8.28E-04,1.09E-11,-1.79E-03,1.70E-01, null
1181,8.49E-04,-1.82E-12,-1.77E-03,1.56E-01, null
1182,1.05E-03,-7.28E-12,-1.67E-03,0.00E+00,2.21E+00
1183,1.05E-03,3.64E-12,-1.59E-03,0.00E+00,2.00E+00
1184,1.05E-03,0.00E+00,-1.50E-03,0.00E+00,1.64E+00
1185,9.22E-04,-1.82E-12,-1.53E-03,7.78E-02, null
1186,8.56E-04,-3.64E-12,-1.50E-03,1.17E-01, null
1187,1.21E-03,-1.82E-12,-8.74E-04,1.03E-02, null
1188,1.19E-03,0.00E+00,-7.53E-04,2.22E-02, null
1189,1.28E-03,0.00E+00,-7.26E-04,1.36E-02, null
1190,1.12E-03,0.00E+00,-7.23E-04,3.73E-02, null
1191,1.05E-03,3.64E-12,-1.02E-03,8.00E-03, null
1192,8.62E-04,-9.09E-13,-1.20E-03,6.89E-02, null
1193,8.41E-04,-9.09E-13,-1.68E-03,1.51E-01, null
1194,7.47E-04,0.00E+00,-3.31E-03,2.57E-01, null
1195,7.91E-04,3.64E-12,-3.52E-03,2.15E-01, null
1196,8.27E-04,0.00E+00,-3.39E-03,1.83E-01, null
1197,1.00E-03,1.82E-12,-3.54E-03,4.37E-02, null
1198,1.05E-03,-1.82E-12,-3.59E-03,0.00E+00,4.69E+00
1199,7.39E-04,0.00E+00,-3.42E-03,2.52E-01, null
1200,1.03E-03,-7.28E-12,-3.57E-03,2.01E-02, null
1201,1.05E-03,2.27E-13,-4.13E-03,0.00E+00,4.14E+00
1202,1.05E-03,5.46E-12,-3.56E-03,0.00E+00,4.69E+00
1203,8.04E-04,0.00E+00,-2.34E-03,2.01E-01, null
1204,7.84E-04,0.00E+00,-2.56E-03,2.05E-01, null
1205,9.99E-04,-7.28E-12,-2.45E-03,4.23E-02, null
1206,1.04E-03,0.00E+00,-3.29E-03,0.00E+00,4.08E+00
1207,9.35E-04,7.28E-12,-2.64E-03,8.83E-02, null
1208,8.01E-04,1.09E-11,-2.29E-03,1.98E-01, null
1209,8.29E-04,0.00E+00,-1.81E-03,1.72E-01, null
1210,1.00E-03,7.28E-12,-2.10E-03,3.63E-02, null
1211,1.05E-03,-3.64E-12,-2.14E-03,0.00E+00,3.15E+00
1212,1.05E-03,0.00E+00,-2.41E-03,0.00E+00,3.45E+00
1213,1.05E-03,0.00E+00,-2.27E-03,0.00E+00,3.30E+00
1214,1.05E-03,3.64E-12,-2.08E-03,0.00E+00,3.05E+00
1215,1.04E-03,0.00E+00,-1.86E-03,0.00E+00,2.74E+00
1216,1.04E-03,0.00E+00,-2.72E-03,0.00E+00,3.69E+00
1217,1.05E-03,7.28E-12,-2.46E-03,0.00E+00,3.49E+00
1218,1.11E-03,0.00E+00,-9.39E-04,1.72E-02, null
1219,8.13E-04,7.28E-12,-2.03E-03,1.77E-01, null
1220,1.05E-03,3.64E-12,-3.52E-03,0.00E+00,4.63E+00
1221,1.31E-03,0.00E+00,-7.45E-04,4.80E-03, null
1222,1.25E-03,0.00E+00,-9.07E-04,3.00E-03, null
1223,1.16E-03,3.64E-12,-1.05E-03,0.00E+00,7.72E-01
1224,1.34E-03,0.00E+00,-7.61E-04,1.36E-03, null
1225,1.26E-03,2.73E-12,-8.92E-04,2.82E-03, null
1226,1.28E-03,3.64E-12,-9.08E-04,0.00E+00,2.98E-01
1227,1.36E-03,0.00E+00,-7.74E-04,0.00E+00,9.98E-02
1228,1.27E-03,4.55E-12,-9.23E-04,0.00E+00,3.22E-01
1229,1.25E-03,-2.73E-12,-9.41E-04,0.00E+00,3.74E-01
1230,6.97E-04,-5.46E-12,-4.58E-03,2.84E-01, null
1231,4.85E-04,0.00E+00,-4.32E-03,4.14E-01, null
1232,3.86E-04,0.00E+00,-4.61E-03,4.24E-01, null
1233,5.03E-04,0.00E+00,-5.56E-03,3.71E-01, null
1234,5.19E-04,-3.64E-12,-5.29E-03,3.91E-01, null
1235,6.14E-04,0.00E+00,-4.79E-03,3.23E-01, null
1236,5.82E-04,0.00E+00,-4.86E-03,3.35E-01, null
1237,4.93E-04,0.00E+00,-4.32E-03,4.09E-01, null
1238,4.76E-04,0.00E+00,-6.81E-03,3.94E-01, null
1239,6.87E-04,2.96E-12,-6.40E-03,2.89E-01, null
1240,5.23E-04,0.00E+00,-5.23E-03,3.86E-01, null
1241,4.90E-04,0.00E+00,-6.04E-03,4.11E-01, null
1242,4.91E-04,-1.09E-11,-6.04E-03,4.11E-01, null
1243,4.94E-04,-3.52E-12,-6.04E-03,4.09E-01, null
1244,4.91E-04,5.68E-14,-6.04E-03,4.11E-01, null
1245,6.91E-04,0.00E+00,-6.39E-03,2.86E-01, null
1246,4.92E-04,-1.08E-11,-6.04E-03,4.11E-01, null
1247,7.07E-04,1.82E-12,-5.72E-03,2.56E-01, null
1248,5.40E-04,0.00E+00,-7.32E-03,3.53E-01, null
1249,5.12E-04,-1.46E-11,-7.43E-03,3.67E-01, null
1250,4.83E-04,0.00E+00,-6.90E-03,3.91E-01, null
1251,4.84E-04,-8.19E-12,-4.31E-03,4.13E-01, null
1252,5.03E-04,-4.55E-13,-4.30E-03,4.03E-01, null
1253,7.67E-04,0.00E+00,-6.83E-03,2.02E-01, null
1254,4.90E-04,-5.68E-14,-6.04E-03,4.12E-01, null
1255,6.55E-04,0.00E+00,-2.81E-03,3.08E-01, null
1256,6.70E-04,-7.28E-12,-2.94E-03,2.91E-01, null
1257,6.57E-04,7.28E-12,-3.12E-03,3.07E-01, null
1258,6.18E-04,0.00E+00,-6.03E-04,1.23E-01, null
1259,5.47E-04,-7.28E-12,-8.51E-04,2.65E-01, null
1260,4.29E-04,3.64E-12,-8.23E-04,3.51E-01, null
1261,5.09E-04,0.00E+00,-6.16E-04,2.14E-01, null
1262,3.77E-04,5.46E-12,-1.74E-03,4.39E-01, null
1263,3.62E-04,0.00E+00,-1.73E-03,4.46E-01, null
1264,6.30E-04,0.00E+00,-1.64E-03,3.17E-01, null
1265,6.31E-04,2.73E-12,-1.62E-03,3.13E-01, null
1266,5.16E-04,0.00E+00,-1.68E-03,3.73E-01, null
1267,7.57E-04,0.00E+00,-8.75E-04,8.43E-02, null
1268,6.51E-04,-3.64E-12,-8.99E-04,1.93E-01, null
1269,6.84E-04,0.00E+00,-7.32E-04,1.09E-01, null
1270,5.52E-04,3.64E-12,-1.00E-03,2.99E-01, null
1271,4.94E-04,0.00E+00,-9.19E-04,3.30E-01, null
1272,3.24E-04,0.00E+00,-2.18E-03,4.58E-01, null
1273,3.45E-04,1.82E-12,-2.16E-03,4.52E-01, null
1274,3.44E-04,0.00E+00,-2.20E-03,4.50E-01, null
1275,4.77E-04,0.00E+00,-1.17E-03,3.66E-01, null
1276,6.18E-04,-7.28E-12,-1.31E-03,2.73E-01, null
1277,4.79E-04,3.64E-12,-1.38E-03,3.80E-01, null
1278,3.48E-04,-7.28E-12,-6.82E-04,3.63E-01, null
1279,3.75E-04,0.00E+00,-1.71E-03,4.37E-01, null
1280,6.50E-04,0.00E+00,-1.14E-03,2.31E-01, null
1281,7.38E-04,1.09E-11,-9.58E-04,1.23E-01, null
1282,5.93E-04,-9.09E-13,-3.88E-03,3.63E-01, null
1283,5.93E-04,7.28E-12,-3.62E-03,3.34E-01, null
1284,6.49E-04,0.00E+00,-3.49E-03,3.15E-01, null
1285,6.82E-04,0.00E+00,-5.62E-04,7.97E-02, null
1286,4.98E-04,-1.82E-12,-2.47E-03,4.07E-01, null
1287,5.21E-04,7.28E-12,-3.29E-03,3.94E-01, null
1288,4.88E-04,-5.46E-12,-3.26E-03,4.14E-01, null
1289,6.11E-04,7.28E-12,-1.44E-03,2.81E-01, null
1290,5.27E-04,-4.55E-13,-4.17E-03,3.95E-01, null
1291,4.78E-04,0.00E+00,-3.32E-03,4.16E-01, null
1292,8.76E-04,-3.64E-12,-6.32E-04,4.83E-02, null
1293,8.40E-04,0.00E+00,-1.20E-03,8.72E-02, null
1294,8.44E-04,0.00E+00,-1.15E-03,7.39E-02, null
1295,8.06E-04,1.82E-12,-1.47E-03,1.53E-01, null
1296,7.19E-04,0.00E+00,-1.37E-03,1.99E-01, null
1297,6.39E-04,0.00E+00,-1.94E-03,3.11E-01, null
1298,6.58E-04,0.00E+00,-2.13E-03,3.04E-01, null
1299,5.87E-04,0.00E+00,-2.03E-03,3.56E-01, null
1300,5.32E-04,-1.82E-12,-3.92E-03,3.88E-01, null
1301,5.86E-04,0.00E+00,-2.20E-03,3.53E-01, null
1302,5.87E-04,7.28E-12,-2.13E-03,3.55E-01, null
1303,7.76E-04,0.00E+00,-2.31E-03,2.17E-01, null
1304,3.45E-04,-9.09E-13,-1.89E-03,4.54E-01, null
1305,5.77E-04,0.00E+00,-1.91E-03,3.52E-01, null
1306,4.12E-04,0.00E+00,-2.09E-03,4.26E-01, null
1307,5.94E-04,1.82E-12,-3.90E-03,3.61E-01, null
1308,5.99E-04,0.00E+00,-3.92E-03,3.59E-01, null
1309,7.19E-04,-9.09E-13,-1.71E-03,2.53E-01, null
1310,6.23E-04,9.09E-13,-1.70E-03,3.24E-01, null
1311,8.08E-04,0.00E+00,-1.80E-03,1.85E-01, null
1312,6.45E-04,-4.55E-12,-1.64E-03,3.05E-01, null
1313,5.44E-04,0.00E+00,-3.33E-03,3.81E-01, null
1314,5.30E-04,0.00E+00,-2.48E-03,3.87E-01, null
1315,4.28E-04,1.82E-12,-3.40E-03,4.40E-01, null
1316,6.19E-04,0.00E+00,-2.68E-03,3.20E-01, null
1317,4.27E-04,0.00E+00,-1.13E-03,3.96E-01, null
1318,4.07E-04,0.00E+00,-3.28E-03,4.39E-01, null
1319,-1.36E-04,-3.64E-12,1.42E-03,1.27E-01, null
1320,6.88E-06,0.00E+00,1.43E-03,1.60E-01, null
1321,8.09E-06,0.00E+00,1.39E-03,1.77E-01, null
1322,3.57E-05,0.00E+00,1.43E-03,1.68E-01, null
1323,3.48E-05,0.00E+00,1.38E-03,1.85E-01, null
1324,-4.38E-04,3.64E-12,1.40E-03,3.76E-02, null
1325,-3.09E-04,0.00E+00,1.44E-03,5.27E-02, null
1326,-3.02E-04,0.00E+00,1.41E-03,7.17E-02, null
1327,2.40E-05,7.28E-12,-5.30E-05,4.61E-01, null
1328,2.31E-04,0.00E+00,-1.39E-04,3.56E-01, null
1329,3.49E-04,1.09E-11,1.06E-04,2.66E-01, null
1330,2.45E-04,0.00E+00,9.62E-05,3.23E-01, null
1331,1.89E-05,7.28E-12,3.98E-05,4.52E-01, null
1332,-4.50E-04,1.09E-11,-1.12E-04,4.77E-01, null
1333,-4.35E-04,-1.82E-12,-8.49E-05,4.81E-01, null
1334,-4.14E-04,1.09E-11,-9.88E-05,4.83E-01, null
1335,2.68E-04,-6.37E-12,6.36E-04,2.48E-01, null
1336,2.24E-04,0.00E+00,3.72E-04,3.11E-01, null
1337,6.13E-05,0.00E+00,4.46E-04,3.92E-01, null
1338,2.70E-04,0.00E+00,6.57E-04,2.44E-01, null
1339,1.94E-05,0.00E+00,5.96E-04,3.83E-01, null
1340,1.43E-04,0.00E+00,3.18E-04,3.62E-01, null
1341,3.09E-04,0.00E+00,1.85E-04,2.81E-01, null
1342,-2.05E-04,0.00E+00,3.66E-04,4.57E-01, null
1343,-3.07E-04,0.00E+00,4.00E-04,4.53E-01, null
1344,-2.28E-04,7.28E-12,1.56E-04,4.82E-01, null
1345,-3.84E-04,7.28E-12,2.60E-04,4.69E-01, null
1346,-1.52E-04,0.00E+00,4.96E-04,4.33E-01, null
1347,-2.04E-04,3.64E-12,8.54E-04,3.31E-01, null
1348,-3.17E-05,0.00E+00,8.28E-04,3.32E-01, null
1349,-5.22E-05,0.00E+00,6.92E-04,3.74E-01, null
1350,-2.95E-04,0.00E+00,5.32E-04,4.24E-01, null
1351,-3.07E-04,0.00E+00,-2.62E-04,4.97E-01, null
1352,-2.13E-04,-5.46E-12,-4.31E-04,5.04E-01, null
1353,3.04E-05,7.28E-12,2.56E-04,4.19E-01, null
1354,-5.29E-05,-7.28E-12,1.79E-05,4.86E-01, null
1355,-4.25E-04,0.00E+00,-5.18E-05,4.81E-01, null
1356,-3.37E-04,0.00E+00,-6.87E-05,4.83E-01, null
1357,-4.26E-04,-3.64E-12,7.02E-04,3.63E-01, null
1358,-2.91E-04,1.82E-12,8.34E-04,3.31E-01, null
1359,-2.34E-04,3.64E-12,7.46E-04,3.62E-01, null
1360,2.84E-04,7.28E-12,6.59E-04,2.35E-01, null
1361,1.56E-04,5.46E-12,-4.37E-04,4.51E-01, null
1362,1.45E-04,0.00E+00,-4.34E-04,4.53E-01, null
1363,-2.49E-04,-1.09E-11,8.71E-04,3.22E-01, null
1364,2.74E-04,0.00E+00,6.75E-04,2.38E-01, null
1365,1.64E-04,0.00E+00,8.74E-04,2.62E-01, null
1366,2.52E-04,0.00E+00,6.68E-04,2.47E-01, null
1367,-2.83E-04,3.64E-12,9.14E-04,2.96E-01, null
1368,-4.37E-04,-3.64E-12,8.24E-04,3.15E-01, null
1369,-4.73E-04,0.00E+00,3.60E-04,4.37E-01, null
1370,-4.63E-04,7.28E-12,-5.05E-04,4.66E-01, null
1371,-5.11E-04,-7.28E-12,-3.29E-04,4.45E-01, null
1372,2.83E-05,-7.28E-12,1.01E-03,2.66E-01, null
1373,-9.72E-05,0.00E+00,9.57E-04,2.84E-01, null
1374,1.57E-04,5.46E-12,-4.25E-04,4.49E-01, null
1375,-4.55E-04,0.00E+00,5.59E-04,3.95E-01, null
1376,-4.08E-04,0.00E+00,1.08E-03,2.02E-01, null
1377,-2.83E-04,3.64E-12,1.09E-03,2.26E-01, null
1378,-2.26E-04,0.00E+00,9.50E-04,2.93E-01, null
1379,-2.00E-04,0.00E+00,1.08E-03,2.46E-01, null
1380,2.88E-04,0.00E+00,8.92E-04,2.24E-01, null
1381,-4.30E-04,0.00E+00,1.01E-03,2.32E-01, null
1382,2.14E-04,-7.28E-12,9.48E-04,2.40E-01, null
1383,1.68E-04,0.00E+00,1.18E-03,2.37E-01, null
1384,2.27E-04,3.64E-12,1.08E-03,2.44E-01, null
1385,4.87E-05,0.00E+00,1.04E-03,2.57E-01, null
1386,8.27E-05,0.00E+00,1.14E-03,2.35E-01, null
1387,1.38E-05,0.00E+00,1.07E-03,2.50E-01, null
1388,1.26E-04,-3.64E-12,1.23E-03,2.32E-01, null
1389,9.57E-05,0.00E+00,1.23E-03,2.27E-01, null
1390,4.20E-05,-1.82E-12,1.37E-03,1.89E-01, null
1391,2.77E-05,0.00E+00,1.36E-03,1.86E-01, null
1392,-1.09E-05,-7.28E-12,1.04E-03,2.58E-01, null
1393,-1.29E-04,-5.46E-12,-4.20E-04,5.00E-01, null
1394,-3.53E-04,0.00E+00,1.25E-03,1.31E-01, null
1395,-3.03E-04,-4.55E-13,1.25E-03,1.39E-01, null
1396,-3.45E-04,0.00E+00,1.24E-03,1.37E-01, null
1397,-6.68E-05,9.09E-13,1.16E-03,2.14E-01, null
1398,-1.23E-04,0.00E+00,1.25E-03,1.85E-01, null
1399,-3.57E-04,0.00E+00,1.24E-03,1.37E-01, null
1400,-2.73E-04,3.64E-12,1.38E-03,9.15E-02, null
1401,-3.42E-04,4.55E-13,1.27E-03,1.22E-01, null
1402,-2.29E-04,-1.82E-12,1.41E-03,9.56E-02, null
1403,1.40E-04,3.64E-12,1.26E-03,2.30E-01, null
1404,5.40E-05,-1.82E-12,1.38E-03,1.91E-01, null
1405,-1.52E-04,-3.64E-12,1.26E-03,1.74E-01, null
1406,-1.40E-04,1.82E-12,1.30E-03,1.64E-01, null
1407,1.56E-04,-1.82E-12,1.23E-03,2.35E-01, null
1408,-1.58E-04,0.00E+00,1.20E-03,1.96E-01, null
1409,-3.63E-04,4.55E-13,1.26E-03,1.24E-01, null
1410,-1.60E-04,-1.82E-12,-3.87E-04,5.10E-01, null
1411,1.99E-04,-3.64E-12,1.36E-03,2.35E-01, null
1412,5.67E-05,9.09E-13,1.43E-03,1.73E-01, null
1413,-2.36E-04,1.82E-12,1.45E-03,6.70E-02, null
1414,2.06E-04,0.00E+00,1.42E-03,2.20E-01, null
1415,5.88E-05,1.82E-12,1.47E-03,1.46E-01, null
1416,2.12E-04,-3.64E-12,1.46E-03,1.84E-01, null
1417,3.65E-05,-5.46E-12,1.47E-03,1.41E-01, null
1418,-1.40E-04,0.00E+00,1.47E-03,9.14E-02, null
1419,5.90E-06,-9.09E-13,1.47E-03,1.32E-01, null
1420,6.07E-05,1.82E-12,1.51E-03,1.06E-01, null
1421,2.17E-04,3.64E-12,1.49E-03,1.34E-01, null
1422,3.73E-05,1.82E-12,1.51E-03,1.02E-01, null
1423,-1.44E-04,0.00E+00,1.50E-03,6.51E-02, null
1424,5.06E-06,0.00E+00,1.51E-03,9.51E-02, null
1425,-2.41E-04,0.00E+00,1.49E-03,4.72E-02, null
1426,-3.17E-04,3.64E-12,1.48E-03,3.31E-02, null
1427,-4.49E-04,0.00E+00,1.44E-03,1.11E-02, null
1428,6.23E-05,-3.64E-12,1.54E-03,5.56E-02, null
1429,2.21E-04,0.00E+00,1.52E-03,7.02E-02, null
1430,3.79E-05,3.64E-12,1.54E-03,5.33E-02, null
1431,-1.47E-04,0.00E+00,1.53E-03,3.37E-02, null
1432,4.35E-06,-9.09E-13,1.54E-03,4.98E-02, null
1433,-2.46E-04,0.00E+00,1.52E-03,2.40E-02, null
1434,-3.24E-04,-3.64E-12,1.51E-03,1.64E-02, null
1435,-4.58E-04,0.00E+00,1.47E-03,4.13E-03, null
1436,6.37E-05,-9.09E-13,1.57E-03,0.00E+00,7.92E+00
1437,2.25E-04,-3.64E-12,1.55E-03,0.00E+00,1.00E+01
1438,3.85E-05,3.64E-12,1.57E-03,0.00E+00,7.59E+00
1439,-1.50E-04,0.00E+00,1.56E-03,0.00E+00,4.77E+00
1440,3.77E-06,9.09E-13,1.57E-03,0.00E+00,7.07E+00
1441,-2.50E-04,0.00E+00,1.55E-03,0.00E+00,3.30E+00
1442,-3.30E-04,-3.64E-12,1.53E-03,0.00E+00,2.18E+00
1443,-4.66E-04,3.64E-12,1.49E-03,0.00E+00,5.48E-01
1444,-6.26E-04,0.00E+00,1.00E-03,1.87E-01, null
1445,-7.66E-04,-2.73E-12,1.05E-03,1.33E-01, null
1446,-6.56E-04,3.64E-12,9.79E-04,1.91E-01, null
1447,-8.20E-04,0.00E+00,9.52E-04,1.51E-01, null
1448,-8.09E-04,0.00E+00,8.46E-04,1.88E-01, null
1449,-6.87E-04,3.64E-12,-1.75E-04,3.61E-01, null
1450,-7.37E-04,0.00E+00,-3.24E-04,3.35E-01, null
1451,-7.13E-04,0.00E+00,-4.09E-04,3.45E-01, null
1452,-7.50E-04,9.09E-12,-4.26E-04,3.21E-01, null
1453,-7.35E-04,-9.09E-13,-5.21E-04,3.33E-01, null
1454,-6.99E-04,3.64E-12,-9.49E-05,3.58E-01, null
1455,-7.07E-04,0.00E+00,1.36E-04,3.51E-01, null
1456,-4.59E-04,1.09E-11,-6.43E-05,4.74E-01, null
1457,-7.77E-04,-3.64E-12,9.30E-05,2.97E-01, null
1458,-7.51E-04,-7.28E-12,-1.22E-04,3.18E-01, null
1459,-5.00E-04,0.00E+00,2.36E-04,4.42E-01, null
1460,-7.11E-04,3.64E-12,-1.40E-04,3.49E-01, null
1461,-4.58E-04,1.27E-11,-9.01E-05,4.73E-01, null
1462,-6.75E-04,7.28E-12,2.26E-04,3.54E-01, null
1463,-7.67E-04,-3.64E-12,1.91E-04,3.14E-01, null
1464,-7.40E-04,0.00E+00,4.68E-04,3.11E-01, null
1465,-9.19E-04,7.28E-12,3.23E-04,2.12E-01, null
1466,-6.38E-04,0.00E+00,4.97E-04,3.55E-01, null
1467,-5.87E-04,0.00E+00,9.71E-04,2.11E-01, null
1468,-6.87E-04,0.00E+00,5.79E-04,3.20E-01, null
1469,-7.88E-04,-2.73E-12,8.26E-04,2.01E-01, null
1470,-8.23E-04,1.82E-12,8.24E-04,1.89E-01, null
1471,-7.99E-04,-9.09E-13,7.76E-04,2.10E-01, null
1472,-6.53E-04,-3.64E-12,7.52E-04,2.86E-01, null
1473,-6.37E-04,0.00E+00,9.23E-04,2.22E-01, null
1474,-5.46E-04,0.00E+00,7.79E-04,3.07E-01, null
1475,-5.77E-04,-3.64E-12,6.24E-04,3.38E-01, null
1476,-9.25E-04,1.82E-12,-1.35E-04,1.69E-01, null
1477,-9.46E-04,0.00E+00,-8.41E-05,1.52E-01, null
1478,-9.38E-04,0.00E+00,4.26E-04,1.88E-01, null
1479,-7.76E-04,0.00E+00,5.54E-04,2.77E-01, null
1480,-9.84E-04,-1.82E-12,-1.48E-04,1.20E-01, null
1481,-9.30E-04,0.00E+00,-3.18E-04,1.62E-01, null
1482,-7.73E-04,0.00E+00,-1.86E-04,2.98E-01, null
1483,-7.69E-04,0.00E+00,-4.07E-04,3.08E-01, null
1484,-9.62E-04,0.00E+00,-5.63E-04,1.41E-01, null
1485,-7.99E-04,1.82E-12,-4.58E-04,2.84E-01, null
1486,-9.86E-04,1.18E-11,-1.27E-04,1.17E-01, null
1487,-8.28E-04,1.82E-12,8.47E-04,1.81E-01, null
1488,-9.82E-04,0.00E+00,5.93E-04,1.50E-01, null
1489,-7.98E-04,3.64E-12,1.09E-03,1.21E-01, null
1490,-8.35E-04,0.00E+00,1.10E-03,1.14E-01, null
1491,-7.63E-04,-4.55E-13,1.21E-03,8.34E-02, null
1492,-7.25E-04,3.64E-12,-1.75E-04,3.39E-01, null
1493,-5.60E-04,0.00E+00,1.19E-03,1.11E-01, null
1494,-5.58E-04,0.00E+00,1.20E-03,1.06E-01, null
1495,-5.68E-04,0.00E+00,1.20E-03,1.05E-01, null
1496,-6.56E-04,0.00E+00,1.06E-03,1.53E-01, null
1497,-6.75E-04,3.64E-12,1.17E-03,9.88E-02, null
1498,-5.22E-04,3.64E-12,1.06E-03,1.82E-01, null
1499,-8.53E-04,-9.09E-13,7.90E-04,1.77E-01, null
1500,-7.30E-04,0.00E+00,1.27E-03,6.64E-02, null
1501,-7.44E-04,-6.37E-12,1.28E-03,6.44E-02, null
1502,-3.64E-04,-5.91E-12,1.25E-03,1.28E-01, null
1503,-5.47E-04,0.00E+00,1.19E-03,1.12E-01, null
1504,-8.17E-04,0.00E+00,1.07E-03,1.24E-01, null
1505,-5.29E-04,3.64E-12,1.37E-03,3.28E-02, null
1506,-5.52E-04,0.00E+00,1.21E-03,1.02E-01, null
1507,-5.63E-04,0.00E+00,1.21E-03,1.01E-01, null
1508,-7.23E-04,0.00E+00,1.28E-03,6.17E-02, null
1509,-6.09E-04,0.00E+00,1.34E-03,4.26E-02, null
1510,-7.35E-04,-6.37E-12,1.28E-03,6.33E-02, null
1511,-7.53E-04,4.55E-12,1.31E-03,4.98E-02, null
1512,-7.41E-04,-2.73E-12,1.32E-03,4.75E-02, null
1513,-5.42E-04,3.64E-12,1.41E-03,1.32E-02, null
1514,-6.24E-04,0.00E+00,1.37E-03,2.76E-02, null
1515,-5.54E-04,-3.64E-12,1.44E-03,6.90E-03, null
1516,-7.57E-04,0.00E+00,1.34E-03,2.54E-02, null
1517,-6.37E-04,0.00E+00,1.40E-03,1.51E-02, null
1518,-7.68E-04,-9.09E-13,1.34E-03,2.63E-02, null
1519,-5.64E-04,3.64E-12,1.46E-03,0.00E+00,9.71E-01
1520,-7.71E-04,4.55E-13,1.37E-03,0.00E+00,3.81E+00
1521,-6.49E-04,-3.64E-12,1.43E-03,0.00E+00,2.15E+00
1522,-7.82E-04,0.00E+00,1.36E-03,0.00E+00,3.95E+00
1523,-8.89E-04,0.00E+00,1.22E-03,7.59E-02, null
1524,-7.61E-04,4.55E-12,1.31E-03,5.13E-02, null
1525,-1.23E-03,0.00E+00,9.23E-04,8.23E-02, null
1526,-1.13E-03,1.82E-12,1.05E-03,6.84E-02, null
1527,-1.11E-03,1.82E-12,1.03E-03,9.85E-02, null
1528,-1.10E-03,1.82E-12,1.08E-03,6.56E-02, null
1529,-1.08E-03,1.82E-12,1.06E-03,1.00E-01, null
1530,-1.00E-03,-1.82E-12,-1.09E-04,1.04E-01, null
1531,-1.13E-03,3.64E-12,2.50E-04,3.08E-02, null
1532,-1.22E-03,3.64E-12,3.44E-04,9.04E-02, null
1533,-1.24E-03,0.00E+00,1.16E-04,8.94E-02, null
1534,-1.20E-03,0.00E+00,6.50E-05,5.96E-02, null
1535,-1.36E-03,0.00E+00,2.84E-04,1.60E-01, null
1536,-9.96E-04,-9.09E-13,-1.37E-04,1.10E-01, null
1537,-1.02E-03,-1.82E-12,-1.34E-04,9.27E-02, null
1538,-9.60E-04,3.64E-12,-4.85E-04,1.42E-01, null
1539,-1.08E-03,3.64E-12,4.58E-04,9.32E-02, null
1540,-1.14E-03,0.00E+00,3.64E-04,6.87E-02, null
1541,-1.05E-03,0.00E+00,3.29E-04,9.93E-02, null
1542,-1.08E-03,0.00E+00,-2.63E-04,4.77E-02, null
1543,-8.38E-04,-3.64E-12,1.39E-04,2.52E-01, null
1544,-1.28E-03,0.00E+00,9.35E-05,9.13E-02, null
1545,-1.12E-03,-5.46E-12,-3.34E-04,2.18E-02, null
1546,-1.13E-03,0.00E+00,-3.24E-04,1.97E-02, null
1547,-1.21E-03,0.00E+00,-1.29E-06,6.27E-02, null
1548,-1.17E-03,0.00E+00,-1.35E-04,3.86E-02, null
1549,-1.12E-03,-5.46E-12,-3.38E-04,1.89E-02, null
1550,-1.13E-03,0.00E+00,-3.33E-04,1.91E-02, null
1551,-8.62E-04,9.09E-13,8.45E-04,1.66E-01, null
1552,-1.20E-03,0.00E+00,7.49E-04,1.51E-01, null
1553,-1.27E-03,0.00E+00,6.59E-04,1.40E-01, null
1554,-1.35E-03,3.64E-12,7.44E-04,9.69E-02, null
1555,-1.16E-03,0.00E+00,7.28E-04,1.75E-01, null
1556,-1.21E-03,0.00E+00,5.94E-04,1.81E-01, null
1557,-1.16E-03,-1.09E-11,-6.01E-04,7.10E-03, null
1558,-1.07E-03,0.00E+00,-5.67E-04,6.67E-02, null
1559,-1.32E-03,-1.82E-12,-3.06E-04,4.32E-02, null
1560,-1.34E-03,-1.82E-12,-2.44E-04,5.35E-02, null
1561,-1.15E-03,0.00E+00,-3.13E-04,1.93E-02, null
1562,-1.13E-03,-5.46E-12,-3.35E-04,1.85E-02, null
1563,-1.16E-03,-1.36E-12,-3.56E-04,1.65E-02, null
1564,-1.32E-03,0.00E+00,-3.69E-04,3.79E-02, null
1565,-1.06E-03,7.28E-12,1.22E-04,7.34E-02, null
1566,-9.75E-04,0.00E+00,2.42E-04,1.57E-01, null
1567,-1.13E-03,1.82E-12,-3.58E-04,1.77E-02, null
1568,-1.12E-03,0.00E+00,-3.45E-04,2.13E-02, null
1569,-1.19E-03,0.00E+00,-5.52E-04,1.02E-02, null
1570,-1.27E-03,-9.09E-13,4.69E-04,1.72E-01, null
1571,-1.29E-03,0.00E+00,4.89E-04,1.91E-01, null
1572,-1.27E-03,-9.09E-13,5.04E-04,1.89E-01, null
1573,-1.13E-03,-1.27E-11,7.62E-04,1.75E-01, null
1574,-1.10E-03,0.00E+00,7.12E-04,1.56E-01, null
1575,-1.09E-03,0.00E+00,8.08E-04,1.68E-01, null
1576,-1.00E-03,3.64E-12,9.11E-04,1.55E-01, null
1577,-8.39E-04,0.00E+00,1.06E-03,1.26E-01, null
1578,-1.27E-03,0.00E+00,-1.51E-04,5.22E-02, null
1579,-1.30E-03,0.00E+00,4.59E-04,1.86E-01, null
1580,-1.29E-03,3.64E-12,-4.56E-04,2.85E-02, null
1581,-1.24E-03,0.00E+00,3.74E-05,7.58E-02, null
1582,-1.30E-03,1.82E-12,-4.25E-04,3.15E-02, null
1583,-1.11E-03,0.00E+00,5.90E-04,1.41E-01, null
1584,-1.16E-03,0.00E+00,8.02E-04,1.48E-01, null
1585,-1.27E-03,0.00E+00,-6.34E-04,1.34E-02, null
1586,-1.06E-03,1.82E-12,1.02E-03,1.17E-01, null
1587,-9.25E-04,9.09E-13,1.07E-03,1.04E-01, null
1588,-1.05E-03,0.00E+00,1.08E-03,1.02E-01, null
1589,-1.07E-03,-3.64E-12,9.13E-04,1.35E-01, null
1590,-1.28E-03,3.64E-12,8.51E-04,8.56E-02, null
1591,-9.44E-04,0.00E+00,1.18E-03,8.91E-02, null
1592,-1.07E-03,1.82E-12,1.10E-03,6.19E-02, null
1593,-9.07E-04,-3.64E-12,1.24E-03,4.35E-02, null
1594,-7.77E-04,6.37E-12,1.33E-03,2.73E-02, null
1595,-9.64E-04,0.00E+00,1.20E-03,5.01E-02, null
1596,-9.24E-04,0.00E+00,1.27E-03,0.00E+00,6.36E+00
1597,-7.90E-04,-1.82E-12,1.36E-03,0.00E+00,4.09E+00
1598,-1.12E-03,-1.82E-12,1.10E-03,0.00E+00,9.21E+00
1599,-1.09E-03,1.82E-12,1.12E-03,0.00E+00,8.93E+00
1600,-9.81E-04,0.00E+00,1.22E-03,0.00E+00,7.36E+00
1601,-1.15E-03,0.00E+00,1.06E-03,0.00E+00,9.50E+00
1602,-1.25E-03,-1.09E-11,9.43E-04,0.00E+00,1.06E+01
1603,-1.41E-03,-3.64E-12,-5.32E-04,1.77E-02, null
1604,-1.43E-03,0.00E+00,-4.88E-04,1.87E-02, null
1605,-1.40E-03,0.00E+00,-5.28E-04,1.92E-02, null
1606,-1.50E-03,4.38E-12,-3.74E-04,9.90E-03, null
1607,-1.52E-03,0.00E+00,-2.08E-04,2.15E-02, null
1608,-1.47E-03,-6.34E-12,-3.67E-04,2.31E-02, null
1609,-1.52E-03,-1.82E-12,4.08E-04,0.00E+00,9.87E+00
1610,-1.52E-03,0.00E+00,3.96E-04,0.00E+00,9.70E+00
1611,-1.49E-03,0.00E+00,4.01E-04,6.01E-02, null
1612,-1.49E-03,2.73E-12,3.89E-04,5.96E-02, null
1613,-1.56E-03,-3.64E-12,-1.10E-05,0.00E+00,4.21E+00
1614,-1.56E-03,3.64E-12,1.53E-04,0.00E+00,6.50E+00
1615,-1.54E-03,0.00E+00,-1.11E-05,2.04E-02, null
1616,-1.56E-03,-1.82E-12,1.85E-04,0.00E+00,6.98E+00
1617,-1.40E-03,3.64E-12,2.01E-04,1.41E-01, null
1618,-1.42E-03,-9.09E-13,4.67E-05,1.07E-01, null
1619,-1.52E-03,0.00E+00,1.70E-04,4.13E-02, null
1620,-1.43E-03,-9.09E-13,2.83E-05,9.69E-02, null
1621,-1.34E-03,-3.64E-12,-2.97E-04,4.40E-02, null
1622,-1.39E-03,0.00E+00,6.65E-04,9.49E-02, null
1623,-1.42E-03,-9.09E-13,1.88E-05,1.01E-01, null
1624,-1.48E-03,-9.09E-13,3.93E-04,7.26E-02, null
1625,-1.48E-03,2.73E-12,3.67E-04,7.24E-02, null
1626,-1.35E-03,0.00E+00,-4.65E-04,2.68E-02, null
1627,-1.30E-03,0.00E+00,5.03E-04,1.78E-01, null
1628,-1.43E-03,-3.64E-12,-1.73E-04,4.58E-02, null
1629,-1.47E-03,0.00E+00,-3.66E-04,2.33E-02, null
1630,-1.47E-03,0.00E+00,-3.67E-04,2.31E-02, null
1631,-1.53E-03,0.00E+00,-1.30E-04,2.55E-02, null
1632,-1.34E-03,-7.28E-12,-1.42E-04,6.90E-02, null
1633,-1.44E-03,0.00E+00,-8.73E-06,9.02E-02, null
1634,-1.31E-03,-1.82E-12,-5.51E-04,2.39E-02, null
1635,-1.47E-03,0.00E+00,-3.68E-04,2.31E-02, null
1636,-1.47E-03,0.00E+00,-3.67E-04,2.31E-02, null
1637,-1.32E-03,1.82E-12,-6.47E-04,1.70E-02, null
1638,-1.39E-03,4.55E-13,4.40E-04,1.23E-01, null
1639,-1.43E-03,0.00E+00,5.83E-04,8.51E-02, null
1640,-1.48E-03,2.73E-12,4.19E-04,6.62E-02, null
1641,-1.36E-03,1.82E-12,-6.64E-04,1.31E-02, null
1642,-1.50E-03,4.38E-12,-3.75E-04,9.86E-03, null
1643,-1.56E-03,3.64E-12,-1.38E-04,0.00E+00,2.75E+00
1644,-1.51E-03,-1.82E-12,4.26E-04,0.00E+00,9.93E+00
1645,-1.38E-03,0.00E+00,-6.77E-04,6.84E-03, null
1646,-1.44E-03,0.00E+00,-5.43E-04,7.37E-03, null
1647,-1.46E-03,0.00E+00,-4.98E-04,7.74E-03, null
1648,-1.41E-03,-7.28E-12,-6.89E-04,0.00E+00,9.69E-01
1649,-1.47E-03,0.00E+00,-5.52E-04,0.00E+00,9.89E-01
1650,-1.52E-03,-5.68E-14,-3.80E-04,0.00E+00,1.19E+00
1651,-1.52E-03,4.60E-12,-3.81E-04,0.00E+00,1.18E+00
1652,-1.37E-03,-3.64E-12,7.57E-04,0.00E+00,1.13E+01
1653,-1.41E-03,3.64E-12,6.76E-04,0.00E+00,1.13E+01
1654,-1.30E-03,3.64E-12,8.70E-04,0.00E+00,1.08E+01
1655,-1.45E-03,0.00E+00,5.93E-04,0.00E+00,1.09E+01
1656,-1.48E-03,0.00E+00,-5.06E-04,0.00E+00,1.02E+00
1657,-1.55E-03,0.00E+00,-2.15E-04,0.00E+00,1.96E+00
1658,1.46E-03,1.82E-12,-1.59E-04,5.43E-02, null
1659,1.47E-03,3.64E-12,-1.06E-04,6.08E-02, null
1660,1.45E-03,1.82E-12,-1.57E-04,6.48E-02, null
1661,1.51E-03,-3.64E-12,6.18E-05,5.78E-02, null
1662,1.51E-03,-1.82E-12,-2.54E-05,4.56E-02, null
1663,1.49E-03,1.82E-12,-2.45E-05,6.00E-02, null
1664,1.54E-03,0.00E+00,1.25E-04,3.04E-02, null
1665,1.52E-03,0.00E+00,2.29E-04,4.45E-02, null
1666,1.52E-03,0.00E+00,1.23E-04,5.39E-02, null
1667,1.53E-03,0.00E+00,3.41E-04,0.00E+00,5.14E+00
1668,1.52E-03,7.28E-12,3.79E-04,0.00E+00,5.31E+00
1669,1.52E-03,0.00E+00,3.40E-04,1.04E-02, null
1670,1.37E-03,-1.82E-12,8.33E-04,7.15E-02, null
1671,1.29E-03,0.00E+00,7.82E-04,1.69E-01, null
1672,1.37E-03,9.09E-13,7.75E-04,1.13E-01, null
1673,1.41E-03,-9.09E-13,7.98E-04,6.76E-02, null
1674,1.42E-03,0.00E+00,7.53E-04,7.47E-02, null
1675,1.43E-03,2.73E-12,7.74E-04,6.29E-02, null
1676,1.54E-03,1.36E-12,8.20E-04,7.22E-03, null
1677,1.54E-03,0.00E+00,8.31E-04,6.82E-03, null
1678,1.50E-03,0.00E+00,8.07E-04,2.84E-02, null
1679,1.40E-03,0.00E+00,7.50E-04,8.91E-02, null
1680,1.40E-03,-1.82E-12,8.57E-04,4.84E-02, null
1681,1.49E-03,-2.73E-12,8.98E-04,7.60E-03, null
1682,1.46E-03,0.00E+00,8.43E-04,3.57E-02, null
1683,1.53E-03,1.82E-12,7.40E-04,2.04E-02, null
1684,1.45E-03,0.00E+00,7.58E-04,6.16E-02, null
1685,1.63E-03,0.00E+00,8.16E-04,5.49E-03, null
1686,1.57E-03,-1.36E-12,8.36E-04,3.74E-03, null
1687,1.64E-03,0.00E+00,8.68E-04,6.25E-03, null
1688,1.55E-03,-1.36E-12,8.46E-04,3.80E-03, null
1689,1.61E-03,1.82E-12,9.02E-04,5.75E-03, null
1690,1.58E-03,-1.82E-12,9.14E-04,4.97E-03, null
1691,1.64E-03,0.00E+00,9.36E-04,5.65E-03, null
1692,1.60E-03,1.82E-12,9.38E-04,5.32E-03, null
1693,1.64E-03,-1.82E-12,9.08E-04,6.03E-03, null
1694,1.67E-03,0.00E+00,9.27E-04,5.15E-03, null
1695,1.67E-03,9.09E-13,8.98E-04,5.64E-03, null
1696,1.71E-03,4.55E-13,9.84E-04,1.75E-03, null
1697,1.74E-03,0.00E+00,9.83E-04,4.53E-04, null
1698,1.75E-03,2.73E-12,9.92E-04,0.00E+00,2.51E-01
1699,1.74E-03,9.09E-13,8.70E-04,3.13E-03, null
1700,1.78E-03,-4.55E-13,8.47E-04,1.22E-03, null
1701,1.76E-03,9.09E-13,8.82E-04,2.13E-03, null
1702,1.80E-03,0.00E+00,8.50E-04,0.00E+00,2.99E-01
1703,1.79E-03,9.09E-13,9.09E-04,0.00E+00,2.35E-01
1704,1.79E-03,0.00E+00,8.34E-04,4.43E-04, null
1705,1.80E-03,0.00E+00,8.35E-04,0.00E+00,3.20E-01
1706,1.52E-03,0.00E+00,3.98E-04,1.05E-02, null
1707,1.49E-03,0.00E+00,5.17E-04,7.15E-02, null
1708,1.51E-03,0.00E+00,5.08E-04,5.94E-02, null
1709,1.55E-03,0.00E+00,4.02E-04,0.00E+00,4.61E+00
1710,1.72E-03,9.09E-13,8.15E-04,5.03E-03, null
1711,1.74E-03,0.00E+00,8.55E-04,3.42E-03, null
1712,1.78E-03,1.36E-12,8.25E-04,1.45E-03, null
1713,1.70E-03,-9.09E-13,8.50E-04,5.43E-03, null
1714,1.44E-03,1.82E-12,9.72E-04,3.85E-03, null
1715,1.47E-03,-1.82E-12,9.92E-04,2.91E-03, null
1716,1.43E-03,-1.82E-12,1.05E-03,1.71E-03, null
1717,1.37E-03,1.82E-12,1.58E-04,1.64E-01, null
1718,1.36E-03,0.00E+00,2.05E-04,1.74E-01, null
1719,1.39E-03,0.00E+00,1.87E-04,1.55E-01, null
1720,1.71E-03,-9.09E-13,8.75E-04,4.87E-03, null
1721,1.66E-03,0.00E+00,9.58E-04,4.31E-03, null
1722,1.70E-03,9.09E-13,9.40E-04,3.83E-03, null
1723,1.68E-03,-4.55E-13,6.89E-04,4.62E-03, null
1724,1.68E-03,2.73E-12,7.00E-04,5.25E-03, null
1725,1.69E-03,2.27E-12,7.03E-04,4.56E-03, null
1726,1.75E-03,-4.55E-13,6.90E-04,0.00E+00,5.07E-01
1727,1.75E-03,-2.27E-12,6.81E-04,0.00E+00,4.99E-01
1728,1.60E-03,2.27E-13,6.42E-04,1.24E-02, null
1729,1.59E-03,2.27E-13,6.34E-04,1.37E-02, null
1730,1.71E-03,0.00E+00,6.28E-04,0.00E+00,4.91E-01
1731,1.49E-03,3.64E-12,8.51E-05,7.32E-02, null
1732,1.50E-03,2.73E-12,9.05E-04,4.86E-03, null
1733,1.49E-03,0.00E+00,9.27E-04,4.00E-03, null
1734,1.48E-03,0.00E+00,9.20E-04,5.10E-03, null
1735,1.55E-03,1.36E-12,8.29E-04,5.08E-03, null
1736,1.56E-03,0.00E+00,9.99E-04,5.19E-03, null
1737,1.57E-03,-6.82E-13,9.97E-04,5.06E-03, null
1738,1.56E-03,9.09E-13,9.94E-04,5.18E-03, null
1739,1.52E-03,0.00E+00,9.09E-04,3.09E-03, null
1740,1.35E-03,0.00E+00,5.23E-04,1.87E-01, null
1741,1.35E-03,0.00E+00,5.01E-04,1.86E-01, null
1742,1.34E-03,0.00E+00,5.23E-04,1.92E-01, null
1743,1.32E-03,-1.82E-12,3.55E-04,2.02E-01, null
1744,1.26E-03,0.00E+00,3.78E-04,2.31E-01, null
1745,1.40E-03,3.64E-12,3.86E-04,1.57E-01, null
1746,1.48E-03,1.82E-12,4.98E-04,8.47E-02, null
1747,1.49E-03,0.00E+00,5.17E-04,7.82E-02, null
1748,1.49E-03,1.82E-12,5.36E-04,7.44E-02, null
1749,1.36E-03,0.00E+00,5.43E-04,1.78E-01, null
1750,1.39E-03,-1.82E-12,2.53E-04,1.62E-01, null
1751,1.26E-03,0.00E+00,3.16E-04,2.32E-01, null
1752,1.67E-03,9.09E-13,8.64E-04,5.89E-03, null
1753,1.70E-03,0.00E+00,9.12E-04,4.35E-03, null
1754,1.73E-03,-9.09E-13,8.97E-04,3.32E-03, null
1755,1.58E-03,2.27E-13,6.36E-04,1.43E-02, null
1756,1.59E-03,2.27E-13,6.41E-04,1.35E-02, null
1757,1.59E-03,0.00E+00,7.15E-04,1.00E-02, null
1758,1.49E-03,0.00E+00,3.75E-04,3.77E-02, null
1759,1.60E-03,-1.82E-12,7.75E-04,5.62E-03, null
1760,1.63E-03,1.82E-12,7.69E-04,5.46E-03, null
1761,1.61E-03,-9.09E-13,7.11E-04,8.14E-03, null
1762,1.62E-03,1.82E-12,7.93E-04,5.09E-03, null
1763,1.45E-03,0.00E+00,6.35E-05,9.28E-02, null
1764,1.71E-03,1.14E-12,7.63E-04,5.50E-03, null
1765,1.69E-03,9.09E-13,8.23E-04,6.23E-03, null
1766,1.29E-03,3.64E-12,6.42E-04,2.02E-01, null
1767,1.38E-03,3.64E-12,6.44E-04,1.30E-01, null
1768,1.34E-03,0.00E+00,5.40E-04,1.90E-01, null
1769,1.41E-03,5.46E-12,9.69E-04,1.22E-02, null
1770,1.40E-03,-3.64E-12,1.02E-03,3.01E-03, null
1771,1.33E-03,3.64E-12,7.02E-04,1.49E-01, null
1772,1.41E-03,0.00E+00,9.05E-04,3.38E-02, null
1773,1.37E-03,0.00E+00,8.79E-04,5.16E-02, null
1774,1.59E-03,-3.41E-12,6.35E-04,1.40E-02, null
1775,1.70E-03,-2.50E-12,7.57E-04,5.49E-03, null
1776,1.70E-03,0.00E+00,7.60E-04,5.54E-03, null
1777,1.64E-03,1.82E-12,7.86E-04,5.54E-03, null
1778,1.60E-03,0.00E+00,7.08E-04,8.72E-03, null
1779,1.71E-03,9.09E-13,7.57E-04,5.25E-03, null
1780,1.56E-03,1.14E-12,9.99E-04,5.16E-03, null
1781,1.63E-03,0.00E+00,9.80E-04,4.40E-03, null
1782,1.67E-03,0.00E+00,8.16E-04,6.55E-03, null
1783,1.49E-03,-1.82E-12,6.82E-04,5.34E-02, null
1784,1.43E-03,-1.82E-12,2.04E-04,1.25E-01, null
1785,1.72E-03,0.00E+00,9.26E-04,2.87E-03, null
1786,1.70E-03,-4.55E-13,9.76E-04,2.47E-03, null
1787,1.72E-03,-9.09E-13,9.53E-04,2.46E-03, null
1788,1.29E-03,3.64E-12,-4.65E-05,1.42E-01, null
1789,1.29E-03,3.64E-12,1.18E-05,1.60E-01, null
1790,1.39E-03,0.00E+00,-7.57E-05,9.79E-02, null
1791,1.66E-03,9.09E-13,8.38E-04,6.50E-03, null
1792,1.74E-03,0.00E+00,7.89E-04,3.41E-03, null
1793,1.77E-03,9.09E-13,7.46E-04,0.00E+00,4.44E-01
1794,1.44E-03,-3.64E-12,6.55E-04,8.91E-02, null
1795,1.54E-03,-4.55E-13,8.36E-04,5.00E-03, null
1796,1.75E-03,-1.82E-12,9.15E-04,2.07E-03, null
1797,1.69E-03,0.00E+00,9.82E-04,2.76E-03, null
1798,1.50E-03,0.00E+00,5.26E-04,6.81E-02, null
1799,1.58E-03,-3.41E-12,6.34E-04,1.42E-02, null
1800,1.58E-03,1.14E-13,6.35E-04,1.51E-02, null
1801,1.26E-03,-1.82E-12,-1.28E-04,1.42E-01, null
1802,1.25E-03,0.00E+00,-2.35E-04,1.21E-01, null
1803,1.32E-03,-3.64E-12,-2.36E-04,1.04E-01, null
1804,1.59E-03,1.14E-13,6.34E-04,1.40E-02, null
1805,1.33E-03,3.64E-12,9.41E-04,5.50E-02, null
1806,1.65E-03,0.00E+00,5.37E-04,0.00E+00,1.21E+00
1807,1.68E-03,0.00E+00,5.69E-04,0.00E+00,8.70E-01
1808,1.59E-03,2.27E-13,6.30E-04,1.34E-02, null
1809,1.61E-03,-1.82E-12,4.84E-04,0.00E+00,2.39E+00
1810,1.58E-03,2.27E-13,6.30E-04,1.38E-02, null
1811,1.76E-03,0.00E+00,9.76E-04,0.00E+00,2.36E-01
1812,1.70E-03,-4.55E-13,9.84E-04,2.20E-03, null
1813,1.58E-03,9.09E-13,1.07E-03,0.00E+00,5.20E-01
1814,1.52E-03,-1.82E-12,1.08E-03,0.00E+00,5.89E-01
1815,1.56E-03,0.00E+00,1.00E-03,4.97E-03, null
1816,1.65E-03,0.00E+00,9.81E-04,3.81E-03, null
1817,1.38E-03,-3.64E-12,-2.01E-04,8.37E-02, null
1818,1.56E-03,0.00E+00,1.00E-03,5.04E-03, null
1819,1.51E-03,0.00E+00,9.94E-04,5.08E-03, null
1820,1.50E-03,0.00E+00,1.04E-03,2.18E-03, null
1821,1.77E-03,0.00E+00,9.21E-04,8.70E-04, null
1822,1.74E-03,-9.09E-13,9.53E-04,1.32E-03, null
1823,1.79E-03,9.09E-13,8.04E-04,0.00E+00,3.62E-01
1824,1.34E-03,-3.64E-12,-3.61E-04,7.29E-02, null
1825,1.39E-03,1.82E-12,-3.38E-04,6.63E-02, null
1826,1.65E-03,-9.09E-13,1.01E-03,2.42E-03, null
1827,1.78E-03,-1.82E-12,9.39E-04,0.00E+00,2.22E-01
1828,1.32E-03,3.64E-12,1.00E-03,4.17E-02, null
1829,1.35E-03,3.64E-12,1.08E-03,0.00E+00,1.04E+00
1830,1.41E-03,-7.28E-12,-2.46E-04,6.97E-02, null
1831,1.59E-03,0.00E+00,1.06E-03,0.00E+00,5.12E-01
1832,1.66E-03,-1.82E-12,1.04E-03,0.00E+00,4.01E-01
1833,1.60E-03,4.55E-13,1.04E-03,1.09E-03, null
1834,1.47E-03,0.00E+00,1.08E-03,0.00E+00,5.64E-01
1835,1.68E-03,1.82E-12,1.03E-03,0.00E+00,3.65E-01
1836,1.80E-03,0.00E+00,8.27E-04,0.00E+00,3.35E-01
1837,1.42E-03,1.82E-12,1.08E-03,0.00E+00,4.75E-01
1838,1.72E-03,-9.09E-13,1.01E-03,0.00E+00,2.96E-01
1839,1.37E-03,0.00E+00,-4.00E-04,5.92E-02, null
1840,1.45E-03,-3.64E-12,-2.55E-04,4.04E-02, null
1841,1.51E-03,3.64E-12,-1.08E-04,3.24E-02, null
1842,1.54E-03,0.00E+00,6.30E-05,2.14E-02, null
1843,1.55E-03,3.64E-12,2.33E-04,0.00E+00,4.41E+00
1844,1.34E-03,0.00E+00,-4.93E-04,4.45E-02, null
1845,1.38E-03,0.00E+00,-5.08E-04,2.00E-02, null
1846,1.41E-03,0.00E+00,-4.13E-04,2.59E-02, null
1847,1.43E-03,1.82E-12,-3.49E-04,3.23E-02, null
1848,1.31E-03,-3.64E-12,-5.56E-04,3.19E-02, null
1849,1.35E-03,-1.82E-12,-5.73E-04,1.54E-02, null
1850,1.42E-03,1.82E-12,-5.20E-04,9.89E-03, null
1851,1.45E-03,0.00E+00,-4.24E-04,1.33E-02, null
1852,1.46E-03,0.00E+00,-3.58E-04,1.68E-02, null
1853,1.39E-03,0.00E+00,-5.88E-04,7.23E-03, null
1854,1.49E-03,0.00E+00,-2.61E-04,2.13E-02, null
1855,1.34E-03,-1.82E-12,-6.13E-04,1.54E-02, null
1856,1.37E-03,0.00E+00,-6.29E-04,6.77E-03, null
1857,1.50E-03,-1.82E-12,-1.62E-04,2.88E-02, null
1858,1.45E-03,1.82E-12,-5.31E-04,3.59E-03, null
1859,1.48E-03,-3.64E-12,-4.33E-04,5.13E-03, null
1860,1.50E-03,3.64E-12,-3.66E-04,6.69E-03, null
1861,1.42E-03,0.00E+00,-6.00E-04,2.39E-03, null
1862,1.52E-03,0.00E+00,-2.67E-04,8.73E-03, null
1863,1.40E-03,0.00E+00,-6.43E-04,2.20E-03, null
1864,1.53E-03,0.00E+00,-1.65E-04,1.17E-02, null
1865,1.54E-03,0.00E+00,-1.11E-04,1.32E-02, null
1866,1.54E-03,1.82E-12,-2.66E-05,1.74E-02, null
1867,1.47E-03,1.82E-12,-5.40E-04,0.00E+00,3.60E-01
1868,1.50E-03,0.00E+00,-4.40E-04,0.00E+00,5.56E-01
1869,1.52E-03,0.00E+00,-3.73E-04,0.00E+00,7.58E-01
1870,1.44E-03,3.64E-12,-6.11E-04,0.00E+00,2.07E-01
1871,1.54E-03,0.00E+00,-2.71E-04,0.00E+00,1.03E+00
1872,1.42E-03,0.00E+00,-6.54E-04,0.00E+00,1.89E-01
1873,1.56E-03,0.00E+00,-1.68E-04,0.00E+00,1.44E+00
1874,1.56E-03,0.00E+00,-1.13E-04,0.00E+00,1.64E+00
1875,1.57E-03,0.00E+00,6.40E-05,0.00E+00,2.52E+00
1876,1.56E-03,0.00E+00,1.27E-04,0.00E+00,3.27E+00
1877,1.57E-03,0.00E+00,-2.76E-05,0.00E+00,2.10E+00
1878,1.31E-03,-1.82E-12,-5.98E-04,2.79E-02, null
1879,1.01E-03,-1.09E-11,1.17E-03,1.07E-01, null
1880,9.46E-04,0.00E+00,1.21E-03,1.01E-01, null
1881,9.38E-04,0.00E+00,1.20E-03,1.45E-01, null
1882,1.10E-03,-1.82E-12,1.12E-03,0.00E+00,9.57E+00
1883,1.15E-03,-3.64E-12,1.07E-03,0.00E+00,8.41E+00
1884,1.09E-03,-1.82E-12,1.11E-03,3.88E-02, null
1885,8.60E-04,0.00E+00,5.42E-04,1.35E-01, null
1886,9.05E-04,7.28E-12,2.58E-04,1.60E-01, null
1887,8.15E-04,0.00E+00,5.12E-04,9.47E-02, null
1888,8.63E-04,0.00E+00,2.65E-04,1.33E-01, null
1889,1.19E-03,0.00E+00,3.49E-04,2.34E-01, null
1890,1.12E-03,0.00E+00,4.10E-04,2.40E-01, null
1891,1.05E-03,0.00E+00,2.92E-04,2.20E-01, null
1892,1.04E-03,0.00E+00,3.92E-04,2.22E-01, null
1893,8.83E-04,7.28E-12,2.30E-04,1.52E-01, null
1894,8.96E-04,0.00E+00,2.08E-04,1.57E-01, null
1895,9.13E-04,1.82E-12,2.26E-04,1.64E-01, null
1896,9.15E-04,-7.28E-12,6.09E-06,1.66E-01, null
1897,9.66E-04,-7.28E-12,1.02E-04,1.86E-01, null
1898,1.11E-03,1.82E-12,1.26E-04,2.12E-01, null
1899,1.11E-03,-1.82E-12,5.49E-04,2.49E-01, null
1900,9.57E-04,1.82E-12,5.95E-04,1.81E-01, null
1901,8.51E-04,0.00E+00,5.79E-04,1.40E-01, null
1902,1.15E-03,-1.82E-12,8.31E-04,2.31E-01, null
1903,1.26E-03,-1.82E-12,8.16E-04,1.77E-01, null
1904,1.21E-03,0.00E+00,7.35E-04,2.18E-01, null
1905,1.15E-03,0.00E+00,6.20E-04,2.57E-01, null
1906,1.11E-03,3.64E-12,6.62E-04,2.69E-01, null
1907,1.19E-03,-1.82E-12,6.48E-04,2.41E-01, null
1908,1.21E-03,-7.28E-12,4.89E-04,2.41E-01, null
1909,1.01E-03,9.09E-13,1.97E-04,1.85E-01, null
1910,1.03E-03,7.28E-12,-3.82E-04,1.25E-01, null
1911,1.00E-03,0.00E+00,-4.46E-04,1.10E-01, null
1912,9.25E-04,-3.64E-12,-4.01E-04,9.93E-02, null
1913,9.63E-04,-3.64E-12,-2.45E-04,1.30E-01, null
1914,8.08E-04,3.64E-12,-2.98E-04,9.96E-02, null
1915,1.02E-03,-3.64E-12,-1.09E-04,1.67E-01, null
1916,1.07E-03,0.00E+00,-2.01E-04,1.62E-01, null
1917,8.57E-04,0.00E+00,-1.37E-04,1.35E-01, null
1918,1.10E-03,-3.64E-12,-1.37E-04,1.73E-01, null
1919,1.15E-03,1.82E-12,1.24E-04,2.18E-01, null
1920,8.30E-04,0.00E+00,5.66E-04,1.23E-01, null
1921,1.13E-03,-1.82E-12,2.06E-04,2.25E-01, null
1922,1.34E-03,0.00E+00,8.67E-04,8.69E-02, null
1923,7.95E-04,0.00E+00,-4.50E-04,6.89E-02, null
1924,1.02E-03,-3.64E-12,8.87E-04,2.87E-01, null
1925,1.02E-03,0.00E+00,8.50E-04,2.84E-01, null
1926,9.91E-04,-1.82E-12,8.83E-04,2.89E-01, null
1927,8.23E-04,-9.09E-13,8.54E-04,2.32E-01, null
1928,1.27E-03,0.00E+00,7.57E-04,1.93E-01, null
1929,1.26E-03,0.00E+00,7.85E-04,1.88E-01, null
1930,1.27E-03,-3.64E-12,9.14E-04,1.14E-01, null
1931,1.22E-03,0.00E+00,8.77E-04,1.71E-01, null
1932,1.20E-03,-3.64E-12,1.03E-03,2.80E-02, null
1933,1.15E-03,0.00E+00,1.03E-03,4.65E-02, null
1934,7.74E-04,9.09E-13,8.38E-04,2.18E-01, null
1935,9.19E-04,3.64E-12,7.10E-04,1.95E-01, null
1936,1.18E-03,0.00E+00,-4.72E-04,8.15E-02, null
1937,1.14E-03,-7.28E-12,-6.25E-04,5.07E-02, null
1938,1.13E-03,-1.82E-12,-4.21E-04,1.02E-01, null
1939,1.06E-03,3.64E-12,-5.09E-04,9.06E-02, null
1940,1.21E-03,0.00E+00,-3.73E-04,9.60E-02, null
1941,1.15E-03,3.64E-12,-3.18E-04,1.23E-01, null
1942,1.24E-03,0.00E+00,-3.56E-05,1.62E-01, null
1943,1.18E-03,-7.28E-12,-2.00E-04,1.46E-01, null
1944,1.01E-03,7.28E-12,-6.60E-04,5.16E-02, null
1945,1.20E-03,0.00E+00,1.32E-04,2.11E-01, null
1946,1.20E-03,3.64E-12,-4.24E-04,8.87E-02, null
1947,9.70E-04,0.00E+00,-5.70E-04,8.05E-02, null
1948,9.27E-04,0.00E+00,1.11E-03,2.04E-01, null
1949,1.01E-03,-1.82E-12,9.75E-04,2.29E-01, null
1950,1.17E-03,-1.82E-12,1.70E-04,2.24E-01, null
1951,1.15E-03,0.00E+00,1.54E-04,2.24E-01, null
1952,7.73E-04,0.00E+00,8.69E-04,2.29E-01, null
1953,7.64E-04,0.00E+00,8.46E-04,2.19E-01, null
1954,1.04E-03,-1.82E-12,8.79E-04,2.73E-01, null
1955,9.77E-04,-3.64E-12,9.17E-04,2.92E-01, null
1956,8.34E-04,0.00E+00,1.05E-03,3.16E-01, null
1957,1.04E-03,-3.64E-12,9.15E-04,2.33E-01, null
1958,1.23E-03,0.00E+00,-4.12E-04,8.35E-02, null
1959,1.27E-03,0.00E+00,-4.98E-04,5.77E-02, null
1960,1.28E-03,-3.64E-12,-5.75E-04,3.56E-02, null
1961,1.21E-03,0.00E+00,-6.69E-04,3.26E-02, null
1962,1.23E-03,1.82E-12,1.08E-03,0.00E+00,5.49E+00
1963,8.16E-04,-3.64E-12,1.16E-03,2.67E-01, null
1964,8.13E-04,3.64E-12,1.27E-03,2.09E-01, null
1965,8.29E-04,-3.64E-12,1.30E-03,9.21E-02, null
1966,1.02E-03,-3.64E-12,1.19E-03,0.00E+00,1.17E+01
1967,8.44E-04,0.00E+00,1.32E-03,0.00E+00,1.27E+01
1968,9.62E-04,7.28E-12,1.23E-03,0.00E+00,1.21E+01
1969,6.39E-04,0.00E+00,1.33E-03,2.66E-01, null
1970,5.36E-04,3.64E-12,1.37E-03,2.51E-01, null
1971,5.24E-04,-3.64E-12,1.34E-03,2.82E-01, null
1972,7.23E-04,0.00E+00,1.33E-03,1.97E-01, null
1973,7.12E-04,0.00E+00,1.31E-03,2.47E-01, null
1974,5.51E-04,0.00E+00,4.39E-04,9.27E-02, null
1975,4.71E-04,0.00E+00,4.17E-04,1.42E-01, null
1976,3.95E-04,0.00E+00,2.03E-04,2.23E-01, null
1977,6.49E-04,0.00E+00,1.19E-04,1.03E-01, null
1978,4.87E-04,-3.64E-12,1.21E-03,2.98E-01, null
1979,4.51E-04,1.82E-12,1.16E-03,2.71E-01, null
1980,5.88E-04,-3.64E-12,1.06E-03,2.71E-01, null
1981,5.61E-04,0.00E+00,1.05E-03,2.59E-01, null
1982,5.95E-04,-3.64E-12,1.04E-03,2.65E-01, null
1983,6.62E-04,-1.82E-12,1.17E-03,3.20E-01, null
1984,5.96E-04,0.00E+00,1.19E-03,3.09E-01, null
1985,6.25E-04,0.00E+00,1.09E-03,2.87E-01, null
1986,4.08E-04,0.00E+00,1.06E-03,2.39E-01, null
1987,6.53E-04,0.00E+00,1.01E-04,1.06E-01, null
1988,3.75E-04,-1.46E-11,1.42E-04,2.43E-01, null
1989,7.64E-04,-7.28E-12,-2.07E-04,1.02E-01, null
1990,5.82E-04,0.00E+00,-2.67E-04,1.37E-01, null
1991,5.12E-04,-1.46E-11,-2.16E-04,1.76E-01, null
1992,4.57E-04,-1.09E-11,-2.04E-04,2.15E-01, null
1993,6.42E-04,-1.82E-12,9.12E-05,1.09E-01, null
1994,2.96E-04,9.09E-13,6.40E-04,2.29E-01, null
1995,6.56E-04,0.00E+00,9.08E-05,1.06E-01, null
1996,6.71E-04,-1.82E-12,9.16E-05,1.03E-01, null
1997,6.04E-04,0.00E+00,-5.43E-04,1.29E-01, null
1998,7.08E-04,0.00E+00,-4.14E-04,7.32E-02, null
1999,5.37E-04,0.00E+00,-3.63E-04,1.67E-01, null
2000,6.60E-04,-1.82E-12,1.07E-04,1.03E-01, null
2001,4.82E-04,3.64E-12,-2.48E-04,1.98E-01, null
2002,5.62E-04,0.00E+00,6.66E-04,8.35E-02, null
2003,5.49E-04,-3.64E-12,7.22E-04,1.01E-01, null
2004,7.22E-04,-1.36E-12,1.36E-04,9.52E-02, null
2005,7.06E-04,-1.82E-12,6.40E-04,7.70E-02, null
2006,7.86E-04,0.00E+00,5.40E-04,8.53E-02, null
2007,7.52E-04,9.09E-13,8.55E-04,2.18E-01, null
2008,7.15E-04,-9.09E-13,8.14E-04,1.78E-01, null
2009,5.79E-04,-3.64E-12,7.52E-04,1.09E-01, null
2010,5.87E-04,-3.64E-12,7.22E-04,9.65E-02, null
2011,7.65E-04,0.00E+00,8.34E-04,2.12E-01, null
2012,5.02E-04,0.00E+00,9.17E-04,1.88E-01, null
2013,5.31E-04,3.64E-12,7.96E-04,1.32E-01, null
2014,4.53E-04,0.00E+00,9.57E-04,2.01E-01, null
2015,5.27E-04,0.00E+00,-5.40E-04,1.89E-01, null
2016,1.64E-04,0.00E+00,-4.35E-04,4.47E-01, null
2017,2.19E-04,0.00E+00,-3.96E-04,4.02E-01, null
2018,3.15E-04,0.00E+00,7.00E-04,2.12E-01, null
2019,4.44E-04,0.00E+00,8.94E-04,1.84E-01, null
2020,6.77E-04,0.00E+00,4.02E-04,4.56E-02, null
2021,7.61E-04,-3.64E-12,3.65E-04,6.73E-02, null
2022,6.40E-04,-3.64E-12,1.04E-03,2.73E-01, null
2023,6.98E-04,1.82E-12,1.16E-03,3.21E-01, null
2024,4.96E-04,0.00E+00,1.29E-03,2.91E-01, null
2025,5.63E-04,-1.82E-12,1.26E-03,2.81E-01, null
2026,4.54E-04,0.00E+00,1.36E-03,2.75E-01, null
2027,7.01E-04,0.00E+00,1.20E-03,2.95E-01, null
2028,6.54E-04,0.00E+00,1.21E-03,3.11E-01, null
2029,4.67E-04,0.00E+00,1.40E-03,2.35E-01, null
2030,6.54E-04,3.64E-12,1.36E-03,1.84E-01, null
2031,4.78E-04,0.00E+00,1.43E-03,1.68E-01, null
2032,5.49E-04,1.82E-12,1.41E-03,1.77E-01, null
2033,3.98E-04,-3.64E-12,1.46E-03,1.60E-01, null
2034,4.06E-04,0.00E+00,1.49E-03,8.33E-02, null
2035,4.87E-04,0.00E+00,1.46E-03,8.74E-02, null
2036,5.61E-04,-1.82E-12,1.44E-03,9.15E-02, null
2037,6.68E-04,0.00E+00,1.39E-03,9.40E-02, null
2038,7.38E-04,3.64E-12,1.35E-03,9.40E-02, null
2039,4.95E-04,0.00E+00,1.49E-03,0.00E+00,1.24E+01
2040,4.13E-04,0.00E+00,1.51E-03,0.00E+00,1.19E+01
2041,6.79E-04,0.00E+00,1.41E-03,0.00E+00,1.33E+01
2042,5.71E-04,-3.64E-12,1.46E-03,0.00E+00,1.30E+01
2043,7.51E-04,3.64E-12,1.38E-03,0.00E+00,1.32E+01
2044,3.78E-04,3.64E-12,1.38E-03,2.61E-01, null
2045,3.14E-04,0.00E+00,1.40E-03,2.45E-01, null
2046,3.09E-04,-3.64E-12,1.38E-03,2.50E-01, null
2047,2.72E-04,-3.64E-12,1.03E-03,2.34E-01, null
2048,3.05E-04,1.82E-12,1.08E-03,2.40E-01, null
2049,3.83E-04,3.64E-12,9.73E-04,2.17E-01, null
2050,2.95E-04,-1.82E-12,1.17E-03,2.51E-01, null
2051,3.51E-04,-3.64E-12,1.18E-03,2.58E-01, null
2052,3.92E-04,-3.64E-12,1.22E-03,2.77E-01, null
2053,3.22E-04,-5.46E-12,1.23E-03,2.64E-01, null
2054,3.44E-04,-1.82E-12,1.29E-03,2.61E-01, null
2055,2.90E-04,0.00E+00,1.26E-03,2.56E-01, null
2056,3.23E-04,-3.64E-12,1.44E-03,2.07E-01, null
2057,3.89E-04,3.64E-12,1.42E-03,2.21E-01, null
2058,3.32E-04,0.00E+00,1.47E-03,1.50E-01, null
2059,3.39E-04,7.28E-12,1.50E-03,7.84E-02, null
2060,3.45E-04,0.00E+00,1.53E-03,0.00E+00,1.12E+01
